"pp","task_label","score_PreTest","score_PostTest","score_Retention","Training","TrainingPhase","score_Delta","c_PreTest","c_PostTest","c_Retention","c_Delta","pitch_error_PreTest","pitch_error_PostTest","pitch_error_Retention","pitch_error_Delta","te12_PreTest","te12_PostTest","te12_Retention","te12_Delta","te21_PreTest","te21_PostTest","te21_Retention","te21_Delta"
"1","Chaotic",0.4352,0.664666666666667,0.4712,"Chaotic Interactive","PostDelta",52.7267156862745,0.5144,0.637,0.5632,23.8335925349922,1.1908,0.960666666666667,1.1986,-19.3259433434106,4.64807097073961,2.7147243882333,3.15709349447087,-41.5946011727671,0.906911106710215,2.7354641437056,1.61418486055664,201.624285276248
"1","Chaotic",0.4352,0.664666666666667,0.4712,"Chaotic Interactive","RetentionDelta",8.27205882352942,0.5144,0.637,0.5632,9.48678071539659,1.1908,0.960666666666667,1.1986,0.655021834061138,4.64807097073961,2.7147243882333,3.15709349447087,-32.0773388714306,0.906911106710215,2.7354641437056,1.61418486055664,77.9871090576926
"1","Chaotic Visual",1.6446,1.40933333333333,1.476,"Chaotic Interactive","PostDelta",-14.3054035429081,0.5976,0.591666666666667,0.6378,-0.99286033020973,0.3668,0.427333333333333,0.433,16.5030897855325,4.44637990519242,3.52826745743025,4.37356202164523,-20.6485380767848,1.83186032512637,2.72227781742851,2.88908644114285,48.6072808111458
"1","Chaotic Visual",1.6446,1.40933333333333,1.476,"Chaotic Interactive","RetentionDelta",-10.251732944181,0.5976,0.591666666666667,0.6378,6.72690763052209,0.3668,0.427333333333333,0.433,18.0479825517993,4.44637990519242,3.52826745743025,4.37356202164523,-1.63768920109946,1.83186032512637,2.72227781742851,2.88908644114285,57.7132492862709
"1","Periodic Fadeout (SCT)",0.6042,0.598333333333333,0.6454,"Chaotic Interactive","PostDelta",-0.970980911397977,0.9592,0.952333333333333,0.9478,-0.715874339727553,1.5912,1.60766666666667,1.518,1.03485838779956,-0.186186474290513,-0.209540462859679,0.0497286478291107,12.5433325155113,-0.161178214628864,-1.34881725498879,0.113315725641609,736.848365701674
"1","Periodic Fadeout (SCT)",0.6042,0.598333333333333,0.6454,"Chaotic Interactive","RetentionDelta",6.81893412777226,0.9592,0.952333333333333,0.9478,-1.18849040867389,1.5912,1.60766666666667,1.518,-4.60030165912518,-0.186186474290513,-0.209540462859679,0.0497286478291107,-126.709055004456,-0.161178214628864,-1.34881725498879,0.113315725641609,-170.304616478433
"1","Periodic Fixed",0.5436,0.536,0.6374,"Chaotic Interactive","PostDelta",-1.39808682855039,0.852,0.906,0.9474,6.33802816901409,1.7218,1.71966666666667,1.5562,-0.123901343555193,0.189553614107261,1.42412206494657,0.922758364597726,651.303039856952,-0.274812888094589,0.497985088749303,0.718743721482524,-281.208782529115
"1","Periodic Fixed",0.5436,0.536,0.6374,"Chaotic Interactive","RetentionDelta",17.2553348050037,0.852,0.906,0.9474,11.1971830985916,1.7218,1.71966666666667,1.5562,-9.61784179347194,0.189553614107261,1.42412206494657,0.922758364597726,386.805998895685,-0.274812888094589,0.497985088749303,0.718743721482524,-361.539306422607
"4","Chaotic",0.3134,0.431,0.2914,"Chaotic Interactive","PostDelta",37.5239310784939,0.511,0.564,0.5128,10.371819960861,1.6362,1.31266666666667,1.7652,-19.7734588273642,5.44131118112393,5.19325191278938,4.11856982275221,-4.55881422836246,1.37537553499956,0.582426620852888,0.441749781641007,-57.6532658876273
"4","Chaotic",0.3134,0.431,0.2914,"Chaotic Interactive","RetentionDelta",-7.01978302488833,0.511,0.564,0.5128,0.352250489236795,1.6362,1.31266666666667,1.7652,7.88412174550787,5.44131118112393,5.19325191278938,4.11856982275221,-24.3092393421709,1.37537553499956,0.582426620852888,0.441749781641007,-67.8815152371351
"4","Chaotic Visual",1.7835,1.737,1.6114,"Chaotic Interactive","PostDelta",-2.60723296888141,0.6035,0.578666666666667,0.5724,-4.11488539077603,0.33925,0.332666666666667,0.3558,-1.94055514615573,6.57164979842904,5.98146833135199,5.63519926341336,-8.98071998934171,1.37506388639329,1.7381628765491,0.890577966639443,26.4059723878143
"4","Chaotic Visual",1.7835,1.737,1.6114,"Chaotic Interactive","RetentionDelta",-9.64956546117186,0.6035,0.578666666666667,0.5724,-5.15327257663629,0.33925,0.332666666666667,0.3558,4.87840825350037,6.57164979842904,5.98146833135199,5.63519926341336,-14.2498545074564,1.37506388639329,1.7381628765491,0.890577966639443,-35.2337025608768
"4","Periodic Fadeout (SCT)",0.3978,0.560333333333333,0.708,"Chaotic Interactive","PostDelta",40.8580526227585,0.937,0.939333333333333,0.946,0.249021700462465,2.3724,1.735,1.3692,-26.8673073680661,0.900410135860618,-0.105144034027217,0.529091461461803,-111.677349003487,-0.242838971944222,1.06328098322905,0.999552357491865,-537.854342207177
"4","Periodic Fadeout (SCT)",0.3978,0.560333333333333,0.708,"Chaotic Interactive","RetentionDelta",77.9788838612368,0.937,0.939333333333333,0.946,0.960512273212369,2.3724,1.735,1.3692,-42.2862923621649,0.900410135860618,-0.105144034027217,0.529091461461803,-41.2388376818866,-0.242838971944222,1.06328098322905,0.999552357491865,-511.611179823909
"4","Periodic Fixed",0.5578,0.490666666666667,0.634,"Chaotic Interactive","PostDelta",-12.0353770766105,0.9396,0.924333333333333,0.9478,-1.62480488150986,1.7394,1.88633333333333,1.5456,8.44735732628109,1.21261765276013,0.815266442801291,1.22747996913222,-32.7680542217407,1.20352765154033,-1.36247666258317,-0.0236104080401386,-213.206926391713
"4","Periodic Fixed",0.5578,0.490666666666667,0.634,"Chaotic Interactive","RetentionDelta",13.6608103262818,0.9396,0.924333333333333,0.9478,0.872711792252021,1.7394,1.88633333333333,1.5456,-11.1417730251811,1.21261765276013,0.815266442801291,1.22747996913222,1.22563912361463,1.20352765154033,-1.36247666258317,-0.0236104080401386,-101.961766978093
"5","Chaotic",0.2594,0.269666666666667,0.3354,"Chaotic Non-interactive","PostDelta",3.95785145206887,0.4396,0.457,0.477,3.95814376706097,1.7,1.72233333333333,1.4264,1.31372549019608,3.02857437255176,3.22986459012011,2.71141690702485,6.64636864765995,0.457145546103916,1.0195002622415,-0.00465697403131861,123.014370571983
"5","Chaotic",0.2594,0.269666666666667,0.3354,"Chaotic Non-interactive","RetentionDelta",29.2983808789514,0.4396,0.457,0.477,8.50773430391265,1.7,1.72233333333333,1.4264,-16.0941176470588,3.02857437255176,3.22986459012011,2.71141690702485,-10.4721702858395,0.457145546103916,1.0195002622415,-0.00465697403131861,-101.018707077212
"5","Chaotic Visual",1.523,1.57833333333333,1.566,"Chaotic Non-interactive","PostDelta",3.63318012694243,0.6276,0.578,0.5664,-7.90312300828555,0.4138,0.368333333333333,0.3634,-10.9875946512003,4.59595204906534,5.35118296296055,6.29011727062885,16.4325237912087,1.66011349815761,1.27583000505558,1.28937741797377,-23.148025332515
"5","Chaotic Visual",1.523,1.57833333333333,1.566,"Chaotic Non-interactive","RetentionDelta",2.82337491792514,0.6276,0.578,0.5664,-9.75143403441683,0.4138,0.368333333333333,0.3634,-12.1797970033833,4.59595204906534,5.35118296296055,6.29011727062885,36.8621169994157,1.66011349815761,1.27583000505558,1.28937741797377,-22.3319719160936
"5","Periodic Fadeout (SCT)",0.3818,0.301,0.5468,"Chaotic Non-interactive","PostDelta",-21.1629125196438,0.858,0.898333333333333,0.9252,4.7008547008547,2.2688,2.988,1.7028,31.6995768688293,-0.289201574561195,0.354023870459718,0.324845722274156,-222.414226477459,0.853315983408129,0.0606656799581467,-0.023264950128602,-92.8905960819052
"5","Periodic Fadeout (SCT)",0.3818,0.301,0.5468,"Chaotic Non-interactive","RetentionDelta",43.2163436354112,0.858,0.898333333333333,0.9252,7.83216783216784,2.2688,2.988,1.7028,-24.9471086036671,-0.289201574561195,0.354023870459718,0.324845722274156,-212.325018550485,0.853315983408129,0.0606656799581467,-0.023264950128602,-102.726416776548
"5","Periodic Fixed",0.372,0.517666666666667,0.429,"Chaotic Non-interactive","PostDelta",39.15770609319,0.7986,0.864333333333333,0.7364,8.23107104098841,2.1488,1.739,1.7344,-19.0711094564408,-0.24297249177761,1.50028831464441,-0.694188563458576,-717.4724980874,0.0772854781300776,1.88519478380413,0.354865183632524,2339.26133268038
"5","Periodic Fixed",0.372,0.517666666666667,0.429,"Chaotic Non-interactive","RetentionDelta",15.3225806451613,0.7986,0.864333333333333,0.7364,-7.78863010267968,2.1488,1.739,1.7344,-19.2851824274013,-0.24297249177761,1.50028831464441,-0.694188563458576,185.706648674434,0.0772854781300776,1.88519478380413,0.354865183632524,359.161529718762
"6","Chaotic",0.2224,0.369333333333333,0.3416,"Chaotic Interactive","PostDelta",66.0671462829736,0.4598,0.482,0.4896,4.8281861678991,2.0966,1.30533333333333,1.461,-37.740468695348,2.17722549460234,0.44969791056168,1.52449465479402,-79.3453681450751,0.208854041623518,-0.489552234462222,0.283346058076466,-334.399215191962
"6","Chaotic",0.2224,0.369333333333333,0.3416,"Chaotic Interactive","RetentionDelta",53.5971223021583,0.4598,0.482,0.4896,6.48107872988257,2.0966,1.30533333333333,1.461,-30.3157493084041,2.17722549460234,0.44969791056168,1.52449465479402,-29.9799373756431,0.208854041623518,-0.489552234462222,0.283346058076466,35.6670217506385
"6","Chaotic Visual",1.3314,1.22033333333333,1.6682,"Chaotic Interactive","PostDelta",-8.34209603925692,0.5842,0.536333333333333,0.668,-8.19354102476322,0.4418,0.440666666666667,0.4002,-0.256526331673467,1.23455344927999,3.39927292993394,4.18819465210772,175.344330528294,-0.559405445154711,0.148944252593119,0.153464374608572,-126.625456345339
"6","Chaotic Visual",1.3314,1.22033333333333,1.6682,"Chaotic Interactive","RetentionDelta",25.2966801862701,0.5842,0.536333333333333,0.668,14.3444026018487,0.4418,0.440666666666667,0.4002,-9.41602535083749,1.23455344927999,3.39927292993394,4.18819465210772,239.247738082977,-0.559405445154711,0.148944252593119,0.153464374608572,-127.433478872579
"6","Periodic Fadeout (SCT)",0.3016,0.275333333333333,0.3978,"Chaotic Interactive","PostDelta",-8.70910698496907,0.7466,0.764666666666667,0.8712,2.41985891597466,2.6772,2.788,2.2214,4.13865232332288,-0.966214023947277,-1.01655961599927,-0.379776875952794,5.21060456629654,-0.804141007583962,-0.049723835619595,-0.124289005520535,-93.8165278041236
"6","Periodic Fadeout (SCT)",0.3016,0.275333333333333,0.3978,"Chaotic Interactive","RetentionDelta",31.8965517241379,0.7466,0.764666666666667,0.8712,16.6889900884008,2.6772,2.788,2.2214,-17.0252502614672,-0.966214023947277,-1.01655961599927,-0.379776875952794,-60.6943320485776,-0.804141007583962,-0.049723835619595,-0.124289005520535,-84.5438792017385
"6","Periodic Fixed",0.4058,0.611333333333333,0.351,"Chaotic Interactive","PostDelta",50.6489239362576,0.8674,0.793,0.813,-8.577357620475,2.19,1.45733333333333,2.3432,-33.455098934551,-0.00472957445117072,-0.635264724656371,-0.373550832460142,13331.7522900844,0.207648816565385,0.772092332243605,0.0528231503879022,271.826020978302
"6","Periodic Fixed",0.4058,0.611333333333333,0.351,"Chaotic Interactive","RetentionDelta",-13.504189255791,0.8674,0.793,0.813,-6.27161632464837,2.19,1.45733333333333,2.3432,6.99543378995434,-0.00472957445117072,-0.635264724656371,-0.373550832460142,7798.19118647506,0.207648816565385,0.772092332243605,0.0528231503879022,-74.5613043880416
"7","Chaotic",0.2652,0.257,0.2428,"Chaotic Non-interactive","PostDelta",-3.0920060331825,0.4824,0.523,0.5096,8.4162520729685,1.8252,2.03666666666667,2.1204,11.5859449192783,1.51349815274356,1.7170340481198,2.23269670288112,13.4480438583477,0.936693018924959,1.59029369797023,1.24731981244018,69.7774688014022
"7","Chaotic",0.2652,0.257,0.2428,"Chaotic Non-interactive","RetentionDelta",-8.44645550527904,0.4824,0.523,0.5096,5.63847429519073,1.8252,2.03666666666667,2.1204,16.1735700197239,1.51349815274356,1.7170340481198,2.23269670288112,47.5189579078011,0.936693018924959,1.59029369797023,1.24731981244018,33.162069881948
"7","Chaotic Visual",1.4642,1.68433333333333,1.7068,"Chaotic Non-interactive","PostDelta",15.0343759959933,0.5796,0.659666666666667,0.674,13.8141246836899,0.396,0.391666666666667,0.395,-1.0942760942761,2.02908110726613,4.27851182739328,3.90536936716674,110.859576390118,0.0333157294438059,0.465211746828219,0.838050426947623,1296.37268820092
"7","Chaotic Visual",1.4642,1.68433333333333,1.7068,"Chaotic Non-interactive","RetentionDelta",16.5687747575468,0.5796,0.659666666666667,0.674,16.2870945479641,0.396,0.391666666666667,0.395,-0.252525252525253,2.02908110726613,4.27851182739328,3.90536936716674,92.4698501790602,0.0333157294438059,0.465211746828219,0.838050426947623,2415.47974767047
"7","Periodic Fadeout (SCT)",0.3028,0.400666666666667,0.3996,"Chaotic Non-interactive","PostDelta",32.3205636283575,0.8942,0.927666666666667,0.9292,3.74263773950645,3.0258,2.42333333333333,2.341,-19.9109877277635,0.271753443184036,-0.0723314079957981,-0.770590940224505,-126.616556224023,0.1959486949096,1.29071006866841,-0.218229470246286,558.69796645692
"7","Periodic Fadeout (SCT)",0.3028,0.400666666666667,0.3996,"Chaotic Non-interactive","RetentionDelta",31.9682959048877,0.8942,0.927666666666667,0.9292,3.91411317378663,3.0258,2.42333333333333,2.341,-22.6320311983608,0.271753443184036,-0.0723314079957981,-0.770590940224505,-383.562530504038,0.1959486949096,1.29071006866841,-0.218229470246286,-211.370718925668
"7","Periodic Fixed",0.326,0.257666666666667,0.2096,"Chaotic Non-interactive","PostDelta",-20.961145194274,0.854,0.773333333333333,0.7234,-9.44574551131928,2.6574,3.00966666666667,3.4972,13.2560648252678,0.425666034115548,-1.12311762277317,-0.448941421891626,-363.849481226942,0.642054472306432,0.128003809276359,-0.0202665270942511,-80.0634035276579
"7","Periodic Fixed",0.326,0.257666666666667,0.2096,"Chaotic Non-interactive","RetentionDelta",-35.7055214723926,0.854,0.773333333333333,0.7234,-15.2927400468384,2.6574,3.00966666666667,3.4972,31.602318055242,0.425666034115548,-1.12311762277317,-0.448941421891626,-205.467992724493,0.642054472306432,0.128003809276359,-0.0202665270942511,-103.156512098023
"8","Chaotic",0.4138,0.413333333333333,0.3638,"Chaotic Non-interactive","PostDelta",-0.112775898179476,0.592,0.558666666666667,0.5522,-5.63063063063063,1.4398,1.415,1.5272,-1.72246145297958,3.44489401232891,3.95264521936667,4.3740819379517,14.7392403139421,1.25958052166796,1.19306293794451,1.26769305304842,-5.28093143544016
"8","Chaotic",0.4138,0.413333333333333,0.3638,"Chaotic Non-interactive","RetentionDelta",-12.0831319478009,0.592,0.558666666666667,0.5522,-6.72297297297296,1.4398,1.415,1.5272,6.07028753993611,3.44489401232891,3.95264521936667,4.3740819379517,26.9729031516595,1.25958052166796,1.19306293794451,1.26769305304842,0.644066118910489
"8","Chaotic Visual",1.7446,1.81266666666667,1.7414,"Chaotic Non-interactive","PostDelta",3.90156291795636,0.6624,0.696666666666667,0.643,5.1731078904992,0.3792,0.385,0.37,1.52953586497891,4.39557437455971,5.45575483583663,6.85364116015932,24.1192702235441,1.07088740535072,0.726965752995815,1.43566847783229,-32.1155754224475
"8","Chaotic Visual",1.7446,1.81266666666667,1.7414,"Chaotic Non-interactive","RetentionDelta",-0.183423134242799,0.6624,0.696666666666667,0.643,-2.92874396135265,0.3792,0.385,0.37,-2.42616033755274,4.39557437455971,5.45575483583663,6.85364116015932,55.9214013036878,1.07088740535072,0.726965752995815,1.43566847783229,34.063438477186
"8","Periodic Fadeout (SCT)",0.3832,0.381,0.594,"Chaotic Non-interactive","PostDelta",-0.574112734864295,0.8922,0.909333333333333,0.9468,1.9203467085108,2.3914,2.39066666666667,1.6484,-0.0306654400490613,0.862992328109798,0.69380355845641,0.392929550933567,-19.6048984611439,0.114803791680469,0.600395166547419,0.932684050623883,422.975032234552
"8","Periodic Fadeout (SCT)",0.3832,0.381,0.594,"Chaotic Non-interactive","RetentionDelta",55.0104384133612,0.8922,0.909333333333333,0.9468,6.11970410221923,2.3914,2.39066666666667,1.6484,-31.0696663042569,0.862992328109798,0.69380355845641,0.392929550933567,-54.4689404372579,0.114803791680469,0.600395166547419,0.932684050623883,712.415719874311
"8","Periodic Fixed",0.4124,0.467666666666667,0.3372,"Chaotic Non-interactive","PostDelta",13.401228580666,0.8832,0.875333333333333,0.8914,-0.89070048309179,2.221,1.93766666666667,2.6846,-12.7570163589975,0.245495181028764,-0.446016006305731,0.326138145135997,-281.680147217827,-0.112748231254377,0.0459875484516213,-0.465381116475627,-140.787822513922
"8","Periodic Fixed",0.4124,0.467666666666667,0.3372,"Chaotic Non-interactive","RetentionDelta",-18.2347235693501,0.8832,0.875333333333333,0.8914,0.928442028985506,2.221,1.93766666666667,2.6846,20.8734804142278,0.245495181028764,-0.446016006305731,0.326138145135997,32.8491026867789,-0.112748231254377,0.0459875484516213,-0.465381116475627,312.761345608745
"9","Chaotic",0.3752,0.509,0.571,"Chaotic Non-interactive","PostDelta",35.6609808102345,0.4682,0.572,0.6964,22.1700128150363,1.2644,1.12833333333333,1.2228,-10.761362438047,2.31336874182207,4.88379741259948,5.48928361109621,111.11193059317,0.409728543184248,0.180922868257456,0.787418569797273,-55.8432354135264
"9","Chaotic",0.3752,0.509,0.571,"Chaotic Non-interactive","RetentionDelta",52.1855010660981,0.4682,0.572,0.6964,48.7398547629218,1.2644,1.12833333333333,1.2228,-3.29009807023093,2.31336874182207,4.88379741259948,5.48928361109621,137.285284955165,0.409728543184248,0.180922868257456,0.787418569797273,92.1805504878344
"9","Chaotic Visual",1.879,1.951,1.8606,"Chaotic Non-interactive","PostDelta",3.83182543906332,0.7392,0.763666666666667,0.7874,3.30988455988456,0.3944,0.391333333333333,0.4236,-0.777552400270452,4.7822191447259,4.1230957472998,5.30573667995497,-13.7827936670996,0.906747150557419,1.16051592264976,1.23969197005245,27.9867184513717
"9","Chaotic Visual",1.879,1.951,1.8606,"Chaotic Non-interactive","RetentionDelta",-0.979244278871739,0.7392,0.763666666666667,0.7874,6.52056277056276,0.3944,0.391333333333333,0.4236,7.40365111561865,4.7822191447259,4.1230957472998,5.30573667995497,10.9471674004407,0.906747150557419,1.16051592264976,1.23969197005245,36.718595618454
"9","Periodic Fadeout (SCT)",0.3544,0.411666666666667,0.3644,"Chaotic Non-interactive","PostDelta",16.1587659894658,0.9034,0.903666666666667,0.8962,0.0295181167441608,2.554,2.19666666666667,2.4796,-13.9911250326285,-0.361726321658272,-0.0385534263677473,0.762781179352167,-89.3418244514234,-1.04901855087173,1.73029724528132,-0.241293025260598,-264.944389576662
"9","Periodic Fadeout (SCT)",0.3544,0.411666666666667,0.3644,"Chaotic Non-interactive","RetentionDelta",2.82167042889391,0.9034,0.903666666666667,0.8962,-0.796989152092095,2.554,2.19666666666667,2.4796,-2.91307752545027,-0.361726321658272,-0.0385534263677473,0.762781179352167,-310.872456241318,-1.04901855087173,1.73029724528132,-0.241293025260598,-76.9982117990112
"9","Periodic Fixed",0.3522,0.307666666666667,0.4098,"Chaotic Non-interactive","PostDelta",-12.6443308726103,0.7552,0.702666666666667,0.8936,-6.95621468926554,2.3358,2.35133333333333,2.4626,0.665011273796275,-0.200398807878383,-0.244657965004682,1.30160466441291,22.0855391281363,-0.441312819271155,-0.549954627116048,-0.75981254130783,24.617868120015
"9","Periodic Fixed",0.3522,0.307666666666667,0.4098,"Chaotic Non-interactive","RetentionDelta",16.3543441226576,0.7552,0.702666666666667,0.8936,18.3262711864407,2.3358,2.35133333333333,2.4626,5.42854696463739,-0.200398807878383,-0.244657965004682,1.30160466441291,-749.507189285689,-0.441312819271155,-0.549954627116048,-0.75981254130783,72.1709653852092
"10","Chaotic",0.4038,0.519333333333333,0.4254,"Chaotic Interactive","PostDelta",28.6115238566947,0.5066,0.569,0.5404,12.3174101855507,1.2598,1.126,1.2814,-10.6207334497539,5.82213306799708,4.01061703675878,4.63210944817027,-31.1143014094916,1.03719764551451,1.29177179895173,1.2847396279192,24.5444206837685
"10","Chaotic",0.4038,0.519333333333333,0.4254,"Chaotic Interactive","RetentionDelta",5.34918276374443,0.5066,0.569,0.5404,6.6719305171733,1.2598,1.126,1.2814,1.71455786632799,5.82213306799708,4.01061703675878,4.63210944817027,-20.4396499689795,1.03719764551451,1.29177179895173,1.2847396279192,23.8664234801556
"10","Chaotic Visual",1.6238,1.912,1.8846,"Chaotic Interactive","PostDelta",17.7484911934967,0.5666,0.609666666666667,0.6098,7.60089422284975,0.352,0.320666666666667,0.3242,-8.90151515151515,4.58443358666939,4.68864355328214,5.40654048219947,2.273126322863,1.93681861587328,1.1231230544224,1.76488634278311,-42.01196512581
"10","Chaotic Visual",1.6238,1.912,1.8846,"Chaotic Interactive","RetentionDelta",16.0610912673975,0.5666,0.609666666666667,0.6098,7.62442640310625,0.352,0.320666666666667,0.3242,-7.89772727272727,4.58443358666939,4.68864355328214,5.40654048219947,17.9325729119647,1.93681861587328,1.1231230544224,1.76488634278311,-8.8770456707247
"10","Periodic Fadeout (SCT)",0.5274,0.835666666666667,0.8275,"Chaotic Interactive","PostDelta",58.450259132853,0.9486,0.968333333333333,0.965,2.08025862674818,1.9218,1.16066666666667,1.1775,-39.6052312068547,0.581827047348609,-0.0814797455777707,0.103972442179054,-114.004117881607,-0.0318526558315118,0.276041919386416,-0.604186455018888,-966.621360700881
"10","Periodic Fadeout (SCT)",0.5274,0.835666666666667,0.8275,"Chaotic Interactive","RetentionDelta",56.9017823284035,0.9486,0.968333333333333,0.965,1.72886358844613,1.9218,1.16066666666667,1.1775,-38.7293162660006,0.581827047348609,-0.0814797455777707,0.103972442179054,-82.1300087967966,-0.0318526558315118,0.276041919386416,-0.604186455018888,1796.81657383547
"10","Periodic Fixed",0.6492,0.508666666666667,0.7776,"Chaotic Interactive","PostDelta",-21.6471554734032,0.9518,0.875,0.9634,-8.06892204244589,1.5158,1.74,1.5364,14.7908695078506,0.817514888943123,0.793930415162772,0.596443998789192,-2.88489837914025,-0.0843680725145926,0.54950564625706,0.317045278828103,-751.319426744063
"10","Periodic Fixed",0.6492,0.508666666666667,0.7776,"Chaotic Interactive","RetentionDelta",19.7781885397412,0.9518,0.875,0.9634,1.21874343349443,1.5158,1.74,1.5364,1.35901834015041,0.817514888943123,0.793930415162772,0.596443998789192,-27.0418182156571,-0.0843680725145926,0.54950564625706,0.317045278828103,-475.788221039737
"11","Chaotic",0.1676,0.120666666666667,0.177,"Periodic Fixed","PostDelta",-28.0031821797932,0.2926,0.247,0.2594,-15.5844155844156,1.7952,2.07033333333333,1.4648,15.32605466429,2.18320833730594,4.0315758286511,2.86659727691492,84.6628999972591,-0.0166140962157708,0.191206806249502,0.125505431696164,-1250.87094576954
"11","Chaotic",0.1676,0.120666666666667,0.177,"Periodic Fixed","RetentionDelta",5.60859188544152,0.2926,0.247,0.2594,-11.3465481886534,1.7952,2.07033333333333,1.4648,-18.4046345811052,2.18320833730594,4.0315758286511,2.86659727691492,31.3020488210605,-0.0166140962157708,0.191206806249502,0.125505431696164,-855.415341684548
"11","Chaotic Visual",1.0432,1.24566666666667,1.3334,"Periodic Fixed","PostDelta",19.4082310838446,0.4626,0.592333333333333,0.6328,28.0443867992506,0.444,0.475,0.4774,6.98198198198198,2.12468894125722,1.89430836916488,2.62112770263262,-10.8430258951705,-0.610049412038208,-0.300439895287972,1.34099795513219,-50.7515474387253
"11","Chaotic Visual",1.0432,1.24566666666667,1.3334,"Periodic Fixed","RetentionDelta",27.8182515337424,0.4626,0.592333333333333,0.6328,36.7920449632512,0.444,0.475,0.4774,7.52252252252252,2.12468894125722,1.89430836916488,2.62112770263262,23.3652442828472,-0.610049412038208,-0.300439895287972,1.34099795513219,-319.817924363183
"11","Periodic Fadeout (SCT)",0.2072,0.336666666666667,0.4708,"Periodic Fixed","PostDelta",62.4839124839125,0.6302,0.815666666666667,0.8876,29.4298106421242,3.225,2.44533333333333,1.8928,-24.1757105943153,0.205117338518893,0.846088508182642,0.123826342590283,312.489999281417,0.151983342657318,0.244655646319787,-0.211144171779373,60.9753029787087
"11","Periodic Fadeout (SCT)",0.2072,0.336666666666667,0.4708,"Periodic Fixed","RetentionDelta",127.220077220077,0.6302,0.815666666666667,0.8876,40.84417645192,3.225,2.44533333333333,1.8928,-41.3085271317829,0.205117338518893,0.846088508182642,0.123826342590283,-39.6314599807086,0.151983342657318,0.244655646319787,-0.211144171779373,-238.925863905656
"11","Periodic Fixed",0.2426,0.43,0.4518,"Periodic Fixed","PostDelta",77.2464962901896,0.5598,0.791333333333333,0.8428,41.3600095272121,2.3552,1.89366666666667,1.8846,-19.5963541666667,-0.953646824370096,0.516959137878313,0.253442516731393,-154.208657195474,1.52047123728596,0.426546774751562,0.0810905140926374,-71.9464094886169
"11","Periodic Fixed",0.2426,0.43,0.4518,"Periodic Fixed","RetentionDelta",86.2324814509481,0.5598,0.791333333333333,0.8428,50.5537692032869,2.3552,1.89366666666667,1.8846,-19.9813179347826,-0.953646824370096,0.516959137878313,0.253442516731393,-126.57614016581,1.52047123728596,0.426546774751562,0.0810905140926374,-94.6667511950187
"12","Chaotic",0.3586,0.393,0.4284,"Chaotic Non-interactive","PostDelta",9.59286112660345,0.5344,0.508,0.5128,-4.94011976047904,1.534,1.31466666666667,1.199,-14.2981312472838,2.62295653709386,5.63341378754006,4.90354129128177,114.773432493917,1.0377978460396,2.61449607207425,1.05139239003625,151.927297985013
"12","Chaotic",0.3586,0.393,0.4284,"Chaotic Non-interactive","RetentionDelta",19.4645844952593,0.5344,0.508,0.5128,-4.04191616766466,1.534,1.31466666666667,1.199,-21.8383311603651,2.62295653709386,5.63341378754006,4.90354129128177,86.9471042289821,1.0377978460396,2.61449607207425,1.05139239003625,1.30994143498426
"12","Chaotic Visual",1.57,1.433,1.3556,"Chaotic Non-interactive","PostDelta",-8.72611464968153,0.6464,0.604,0.5342,-6.55940594059406,0.4122,0.423,0.3946,2.62008733624454,3.0807732768543,4.2712990147133,5.68705949554356,38.6437310010235,1.59334938698404,1.35817368597704,1.49729370213989,-14.7598325218646
"12","Chaotic Visual",1.57,1.433,1.3556,"Chaotic Non-interactive","RetentionDelta",-13.656050955414,0.6464,0.604,0.5342,-17.3576732673267,0.4122,0.423,0.3946,-4.26977195536148,3.0807732768543,4.2712990147133,5.68705949554356,84.5984428088285,1.59334938698404,1.35817368597704,1.49729370213989,-6.02853872658604
"12","Periodic Fadeout (SCT)",0.3372,0.450666666666667,0.3344,"Chaotic Non-interactive","PostDelta",33.6496638987742,0.8524,0.912333333333333,0.8396,7.0311277960269,2.5426,2.062,2.526,-18.9019114292457,0.100409396810755,0.256266478001869,0.11310556279914,155.221608874779,-0.0979787163883945,0.568084743809857,-0.196319387189184,-679.804231725112
"12","Periodic Fadeout (SCT)",0.3372,0.450666666666667,0.3344,"Chaotic Non-interactive","RetentionDelta",-0.830367734282332,0.8524,0.912333333333333,0.8396,-1.50164242139841,2.5426,2.062,2.526,-0.652875009832453,0.100409396810755,0.256266478001869,0.11310556279914,12.6444002171574,-0.0979787163883945,0.568084743809857,-0.196319387189184,100.369421467985
"12","Periodic Fixed",0.1214,0.262666666666667,0.3712,"Chaotic Non-interactive","PostDelta",116.364634816035,0.3596,0.862666666666667,0.787,139.896180941787,3.0412,3.32066666666667,2.1292,9.18935507913544,-0.918286338084137,0.905916976722189,-0.403806245804406,-198.652995166218,0.0713580607531586,0.459399271394319,0.914094426416093,543.794501343681
"12","Periodic Fixed",0.1214,0.262666666666667,0.3712,"Chaotic Non-interactive","RetentionDelta",205.766062602965,0.3596,0.862666666666667,0.787,118.854282536151,3.0412,3.32066666666667,2.1292,-29.9881625674076,-0.918286338084137,0.905916976722189,-0.403806245804406,-56.0261076466752,0.0713580607531586,0.459399271394319,0.914094426416093,1180.99673220959
"13","Chaotic",0.1954,0.171,0.229,"Periodic Fixed","PostDelta",-12.4872057318321,0.4012,0.360666666666667,0.3448,-10.1030242605517,2.115,2.09433333333333,1.5306,-0.977147360126102,0.988942002203929,2.30775044778514,2.65438940314105,133.355489264502,-0.170797550898875,0.992340300539275,-0.404614282265934,-681.003823132577
"13","Chaotic",0.1954,0.171,0.229,"Periodic Fixed","RetentionDelta",17.1954964176049,0.4012,0.360666666666667,0.3448,-14.0578265204387,2.115,2.09433333333333,1.5306,-27.6312056737589,0.988942002203929,2.30775044778514,2.65438940314105,168.406984153322,-0.170797550898875,0.992340300539275,-0.404614282265934,136.897004750083
"13","Chaotic Visual",1.3186,1.40433333333333,1.4768,"Periodic Fixed","PostDelta",6.50184539157693,0.5052,0.490333333333333,0.5454,-2.94272895223013,0.3832,0.349,0.371,-8.92484342379958,3.60205007668034,2.67717861778322,4.31343000524885,-25.6762521122273,1.06003094014498,0.756581080891418,1.85235729889519,-28.6265096386768
"13","Chaotic Visual",1.3186,1.40433333333333,1.4768,"Periodic Fixed","RetentionDelta",11.9975731836797,0.5052,0.490333333333333,0.5454,7.95724465558195,0.3832,0.349,0.371,-3.18371607515657,3.60205007668034,2.67717861778322,4.31343000524885,19.7493070175224,1.06003094014498,0.756581080891418,1.85235729889519,74.7455879582016
"13","Periodic Fadeout (SCT)",0.2808,0.446333333333333,0.4486,"Periodic Fixed","PostDelta",58.9506172839506,0.9016,0.927,0.9068,2.81721384205857,3.2616,2.08033333333333,2.0882,-36.2173984138664,-0.0112087545707902,-0.631470920851126,-0.669521012874384,5533.72957149697,-0.0147061001671126,0.272129477910165,-0.573423346298393,-1950.45304205618
"13","Periodic Fadeout (SCT)",0.2808,0.446333333333333,0.4486,"Periodic Fixed","RetentionDelta",59.7578347578348,0.9016,0.927,0.9068,0.576752440106488,3.2616,2.08033333333333,2.0882,-35.9762079960755,-0.0112087545707902,-0.631470920851126,-0.669521012874384,5873.19718837579,-0.0147061001671126,0.272129477910165,-0.573423346298393,3799.22100204884
"13","Periodic Fixed",0.25,0.438666666666667,0.4252,"Periodic Fixed","PostDelta",75.4666666666667,0.7212,0.879666666666667,0.8856,21.9726381955999,2.9144,2.048,2.0898,-29.7282459511392,-0.131068459287202,0.244426205511526,-0.18241785746269,-286.487433239701,-0.534681947454358,-1.01511304871282,0.0948251272476286,89.8536229894826
"13","Periodic Fixed",0.25,0.438666666666667,0.4252,"Periodic Fixed","RetentionDelta",70.08,0.7212,0.879666666666667,0.8856,22.7953410981697,2.9144,2.048,2.0898,-28.2939884710404,-0.131068459287202,0.244426205511526,-0.18241785746269,39.1775400845821,-0.534681947454358,-1.01511304871282,0.0948251272476286,-117.734866063665
"14","Chaotic",0.311,0.436666666666667,0.3426,"Chaotic Interactive","PostDelta",40.4072883172562,0.4986,0.566333333333333,0.5018,13.5847038374114,1.616,1.316,1.482,-18.5643564356436,2.0319416836265,2.87604103651821,5.00327626786912,41.5415146848704,0.790469696968899,0.586810423661231,1.09318621535863,-25.7643365822385
"14","Chaotic",0.311,0.436666666666667,0.3426,"Chaotic Interactive","RetentionDelta",10.1607717041801,0.4986,0.566333333333333,0.5018,0.641797031688736,1.616,1.316,1.482,-8.2920792079208,2.0319416836265,2.87604103651821,5.00327626786912,146.231292373487,0.790469696968899,0.586810423661231,1.09318621535863,38.2957777572648
"14","Chaotic Visual",1.352,1.62833333333333,1.4702,"Chaotic Interactive","PostDelta",20.4388560157791,0.5438,0.608,0.5782,11.8058109599117,0.4018,0.373333333333333,0.3936,-7.08478513356561,2.95275016992546,2.46093450036501,3.56710884543939,-16.6561896962946,-0.110650507391666,2.38051253239467,1.12934959235495,-2251.3796805002
"14","Chaotic Visual",1.352,1.62833333333333,1.4702,"Chaotic Interactive","RetentionDelta",8.74260355029585,0.5438,0.608,0.5782,6.32585509378448,0.4018,0.373333333333333,0.3936,-2.04081632653061,2.95275016992546,2.46093450036501,3.56710884543939,20.8063208926829,-0.110650507391666,2.38051253239467,1.12934959235495,-1120.64565177043
"14","Periodic Fadeout (SCT)",0.1012,0.270333333333333,0.3922,"Chaotic Interactive","PostDelta",167.127799736495,0.6092,0.846,0.8636,38.8706500328299,5.9408,3.195,2.2224,-46.2193643953676,-0.551789540384056,2.04363122190619,0.0451353567937344,-470.36425527091,-0.499780499420746,0.073273300940165,0.254957576183943,-114.661096426349
"14","Periodic Fadeout (SCT)",0.1012,0.270333333333333,0.3922,"Chaotic Interactive","RetentionDelta",287.549407114625,0.6092,0.846,0.8636,41.7596848325673,5.9408,3.195,2.2224,-62.5908968489092,-0.551789540384056,2.04363122190619,0.0451353567937344,-108.179813767822,-0.499780499420746,0.073273300940165,0.254957576183943,-151.013910402555
"14","Periodic Fixed",0.2716,0.452666666666667,0.2442,"Chaotic Interactive","PostDelta",66.6666666666667,0.6084,0.741,0.5988,21.7948717948718,2.323,1.65766666666667,2.4572,-28.6411249820634,-0.308014075645356,-0.268780955376316,-0.204169846320488,-12.7374439583119,-0.0202842665592096,0.13898319275547,0.369959237162055,-785.177313903753
"14","Periodic Fixed",0.2716,0.452666666666667,0.2442,"Chaotic Interactive","RetentionDelta",-10.0883652430044,0.6084,0.741,0.5988,-1.57790927021697,2.323,1.65766666666667,2.4572,5.77701248385708,-0.308014075645356,-0.268780955376316,-0.204169846320488,-33.7141181315471,-0.0202842665592096,0.13898319275547,0.369959237162055,-1923.87288237486
"15","Chaotic",0.3226,0.354666666666667,0.3668,"Periodic Fixed","PostDelta",9.94007026245093,0.4086,0.411333333333333,0.4438,0.668950889215201,1.2726,1.16033333333333,1.2162,-8.82183456440883,3.42283687663165,4.38669376988582,3.093225582326,28.1595918238058,0.32015504751489,0.33693960188683,-0.140446420538107,5.24263306239411
"15","Chaotic",0.3226,0.354666666666667,0.3668,"Periodic Fixed","RetentionDelta",13.7011779293242,0.4086,0.411333333333333,0.4438,8.61478218306411,1.2726,1.16033333333333,1.2162,-4.43187175860443,3.42283687663165,4.38669376988582,3.093225582326,-9.62976928745769,0.32015504751489,0.33693960188683,-0.140446420538107,-143.868251220239
"15","Chaotic Visual",1.4464,1.53366666666667,1.5958,"Periodic Fixed","PostDelta",6.03337020648969,0.5604,0.589333333333333,0.6044,5.16297882464905,0.3894,0.384,0.3796,-1.38674884437597,2.69455485670864,4.04840896124494,3.73337664897241,50.244072825818,1.17209457352851,1.38331231384848,1.55111269033314,18.02053734317
"15","Chaotic Visual",1.4464,1.53366666666667,1.5958,"Periodic Fixed","RetentionDelta",10.329092920354,0.5604,0.589333333333333,0.6044,7.85153461812991,0.3894,0.384,0.3796,-2.51669234720083,2.69455485670864,4.04840896124494,3.73337664897241,38.5526310469211,1.17209457352851,1.38331231384848,1.55111269033314,32.3368203696754
"15","Periodic Fadeout (SCT)",0.226,0.428333333333333,0.4674,"Periodic Fixed","PostDelta",89.5280235988201,0.6846,0.883,0.9226,28.9804265264388,3.2056,2.08,1.977,-35.1135512852508,-0.322950507463047,0.793686489039014,0.108360226971619,-345.761028608952,-0.032114400177891,-0.177769303196487,0.28718962306201,453.55012770524
"15","Periodic Fadeout (SCT)",0.226,0.428333333333333,0.4674,"Periodic Fixed","RetentionDelta",106.814159292035,0.6846,0.883,0.9226,34.7648261758691,3.2056,2.08,1.977,-38.3266783129523,-0.322950507463047,0.793686489039014,0.108360226971619,-133.553199164432,-0.032114400177891,-0.177769303196487,0.28718962306201,-994.27054988162
"15","Periodic Fixed",0.3828,0.464666666666667,0.5132,"Periodic Fixed","PostDelta",21.3862765586904,0.6558,0.657666666666667,0.7236,0.284639625902208,1.7636,1.582,1.449,-10.2971195282377,-0.4084893305101,-0.674120104499512,-0.285053909821892,65.0275917017725,-0.383669151545558,0.20456768171392,-0.875177642710216,-153.318772408427
"15","Periodic Fixed",0.3828,0.464666666666667,0.5132,"Periodic Fixed","RetentionDelta",34.0647857889237,0.6558,0.657666666666667,0.7236,10.3385178408051,1.7636,1.582,1.449,-17.8385121342708,-0.4084893305101,-0.674120104499512,-0.285053909821892,-30.2175384933723,-0.383669151545558,0.20456768171392,-0.875177642710216,128.10737824104
"17","Chaotic",0.2892,0.412666666666667,0.3412,"Chaotic Interactive","PostDelta",42.6924850161364,0.4368,0.479666666666667,0.408,9.81379731379731,1.538,1.16466666666667,1.197,-24.2739488513221,0.611413147149778,2.02419016560724,1.44579436147461,231.067490950007,-0.146972601958961,0.721303506276607,0.546592884437425,-590.774128417496
"17","Chaotic",0.2892,0.412666666666667,0.3412,"Chaotic Interactive","RetentionDelta",17.9806362378976,0.4368,0.479666666666667,0.408,-6.59340659340659,1.538,1.16466666666667,1.197,-22.1716514954486,0.611413147149778,2.02419016560724,1.44579436147461,136.467659914489,-0.146972601958961,0.721303506276607,0.546592884437425,-471.901209580578
"17","Chaotic Visual",1.543,1.32933333333333,1.4548,"Chaotic Interactive","PostDelta",-13.8474832577231,0.604,0.478333333333333,0.517,-20.8057395143488,0.3898,0.369333333333333,0.3574,-5.25055584060201,3.68238141596627,4.06113637370669,2.6122693734745,10.285598229944,0.26847783706725,1.25261226455504,0.470587634816294,366.560770243867
"17","Chaotic Visual",1.543,1.32933333333333,1.4548,"Chaotic Interactive","RetentionDelta",-5.71613739468567,0.604,0.478333333333333,0.517,-14.4039735099338,0.3898,0.369333333333333,0.3574,-8.31195484864032,3.68238141596627,4.06113637370669,2.6122693734745,-29.0603259578685,0.26847783706725,1.25261226455504,0.470587634816294,75.2798815562635
"17","Periodic Fadeout (SCT)",0.1706,0.207666666666667,0.1656,"Chaotic Interactive","PostDelta",21.727237202032,0.6038,0.609,0.5198,0.861212321960911,3.5866,2.98366666666667,3.155,-16.8107213888734,-1.60896125216777,0.787484081824857,-1.23973097167727,-148.943632468704,-0.40969489361856,0.154460404421296,-0.362977202620827,-137.701325261111
"17","Periodic Fadeout (SCT)",0.1706,0.207666666666667,0.1656,"Chaotic Interactive","RetentionDelta",-2.93083235638922,0.6038,0.609,0.5198,-13.9118913547532,3.5866,2.98366666666667,3.155,-12.0336809234372,-1.60896125216777,0.787484081824857,-1.23973097167727,-22.9483637342434,-0.40969489361856,0.154460404421296,-0.362977202620827,-11.4030444912572
"17","Periodic Fixed",0.3876,0.379666666666667,0.5048,"Chaotic Interactive","PostDelta",-2.04678362573098,0.7264,0.680666666666667,0.722,-6.29588839941262,1.8884,1.90966666666667,1.4332,1.12617383322743,0.299614736688108,-0.35006193612306,0.0979946504108116,-216.837355863262,-0.00529077286947718,0.0700876119710521,0.253688264683195,-1424.71405785329
"17","Periodic Fixed",0.3876,0.379666666666667,0.5048,"Chaotic Interactive","RetentionDelta",30.2373581011352,0.7264,0.680666666666667,0.722,-0.605726872246691,1.8884,1.90966666666667,1.4332,-24.1050624867613,0.299614736688108,-0.35006193612306,0.0979946504108116,-67.2931139856375,-0.00529077286947718,0.0700876119710521,0.253688264683195,-4894.91883211883
"18","Chaotic",0.2788,0.333666666666667,0.1992,"Periodic Fixed","PostDelta",19.6795791487327,0.4444,0.414,0.348,-6.84068406840684,1.6442,1.239,1.7518,-24.6442038681426,4.9273989293793,4.91085228087355,3.13086386942595,-0.335808988533304,0.87617273565557,0.421646975700061,0.465279964110935,-51.8762729606535
"18","Chaotic",0.2788,0.333666666666667,0.1992,"Periodic Fixed","RetentionDelta",-28.5509325681492,0.4444,0.414,0.348,-21.6921692169217,1.6442,1.239,1.7518,6.54421603211288,4.9273989293793,4.91085228087355,3.13086386942595,-36.4601098003578,0.87617273565557,0.421646975700061,0.465279964110935,-46.8963201916111
"18","Chaotic Visual",1.3606,1.316,1.608,"Periodic Fixed","PostDelta",-3.27796560341026,0.5488,0.501666666666667,0.6182,-8.58843537414965,0.4046,0.381333333333333,0.3848,-5.75053550832097,4.17980386965698,5.01867286687726,3.4719419411813,20.0695779845079,0.387786597352607,0.126090661116302,-0.108299994734287,-67.4845231946864
"18","Chaotic Visual",1.3606,1.316,1.608,"Periodic Fixed","RetentionDelta",18.1831544906659,0.5488,0.501666666666667,0.6182,12.6457725947522,0.4046,0.381333333333333,0.3848,-4.89372219476025,4.17980386965698,5.01867286687726,3.4719419411813,-16.935290519595,0.387786597352607,0.126090661116302,-0.108299994734287,-127.927730219054
"18","Periodic Fadeout (SCT)",0.2516,0.429,0.4286,"Periodic Fixed","PostDelta",70.5087440381558,0.7908,0.887333333333333,0.8796,12.2070477153937,3.1938,2.06866666666667,2.058,-35.2286722190912,-0.313031103798426,-0.268193477535049,0.134842799062678,-14.3236968209554,0.398915595669575,0.351531507458762,0.0527721209621148,-11.8782240466881
"18","Periodic Fadeout (SCT)",0.2516,0.429,0.4286,"Periodic Fixed","RetentionDelta",70.3497615262321,0.7908,0.887333333333333,0.8796,11.2291350531108,3.1938,2.06866666666667,2.058,-35.562652639489,-0.313031103798426,-0.268193477535049,0.134842799062678,-143.076485827271,0.398915595669575,0.351531507458762,0.0527721209621148,-86.7711060848505
"18","Periodic Fixed",0.4066,0.358,0.2638,"Periodic Fixed","PostDelta",-11.952779144122,0.8176,0.838,0.5662,2.49510763209393,2.0126,2.369,2.1554,17.7084368478585,0.79929627580042,0.186679193997123,-0.0789078887583404,-76.6445560114513,0.290197173913299,0.702978265320835,0.848052972547787,142.241595891923
"18","Periodic Fixed",0.4066,0.358,0.2638,"Periodic Fixed","RetentionDelta",-35.120511559272,0.8176,0.838,0.5662,-30.7485322896282,2.0126,2.369,2.1554,7.09529961244161,0.79929627580042,0.186679193997123,-0.0789078887583404,-109.872170201134,0.290197173913299,0.702978265320835,0.848052972547787,192.233367097213
"19","Chaotic",0.1616,0.195,0.2296,"Chaotic Non-interactive","PostDelta",20.6683168316832,0.4032,0.415666666666667,0.405,3.09193121693122,2.5256,2.20433333333333,1.8198,-12.7204096716292,3.68194595125939,5.95633578971965,5.86696598502177,61.7714075265638,1.27707187458496,0.330225402470044,1.06720417418121,-74.1419876952999
"19","Chaotic",0.1616,0.195,0.2296,"Chaotic Non-interactive","RetentionDelta",42.0792079207921,0.4032,0.415666666666667,0.405,0.446428571428564,2.5256,2.20433333333333,1.8198,-27.9458346531517,3.68194595125939,5.95633578971965,5.86696598502177,59.3441637299158,1.27707187458496,0.330225402470044,1.06720417418121,-16.4335073522752
"19","Chaotic Visual",1.6726,1.90866666666667,1.7752,"Chaotic Non-interactive","PostDelta",14.1137550320858,0.6164,0.669666666666667,0.6258,8.64157473502055,0.3704,0.351,0.353,-5.23758099352053,4.87460192841424,4.61131284465013,5.21884470839743,-5.40124276055014,1.24954157359658,2.14991347806368,0.673142309768544,72.0561783211055
"19","Chaotic Visual",1.6726,1.90866666666667,1.7752,"Chaotic Non-interactive","RetentionDelta",6.13416238192036,0.6164,0.669666666666667,0.6258,1.52498377676834,0.3704,0.351,0.353,-4.6976241900648,4.87460192841424,4.61131284465013,5.21884470839743,7.06196700855879,1.24954157359658,2.14991347806368,0.673142309768544,-46.1288584555835
"19","Periodic Fadeout (SCT)",0.2738,0.382,0.2898,"Chaotic Non-interactive","PostDelta",39.517896274653,0.9344,0.896,0.9066,-4.10958904109589,3.4998,2.39066666666667,3.1666,-31.6913347429377,0.780306351344384,0.423949396803273,-0.207392903728272,-45.6688522305562,-0.131159080227568,0.183782423536805,-1.15602986055111,-240.12176908982
"19","Periodic Fadeout (SCT)",0.2738,0.382,0.2898,"Chaotic Non-interactive","RetentionDelta",5.8436815193572,0.9344,0.896,0.9066,-2.97517123287671,3.4998,2.39066666666667,3.1666,-9.52054403108749,0.780306351344384,0.423949396803273,-0.207392903728272,-126.578394930524,-0.131159080227568,0.183782423536805,-1.15602986055111,781.395217582597
"19","Periodic Fixed",0.4685,0.409,0.2798,"Chaotic Non-interactive","PostDelta",-12.7001067235859,0.7765,0.827333333333333,0.9056,6.54646919939902,1.66925,2.06033333333333,3.2714,23.428685537417,0.014045903295085,2.1211050003716,1.02779025985249,15001.2359675993,0.890512630492107,1.1808580305155,-0.521017079675768,32.6042989264447
"19","Periodic Fixed",0.4685,0.409,0.2798,"Chaotic Non-interactive","RetentionDelta",-40.2774813233725,0.7765,0.827333333333333,0.9056,16.6258853831294,1.66925,2.06033333333333,3.2714,95.9802306425041,0.014045903295085,2.1211050003716,1.02779025985249,7217.36676709242,0.890512630492107,1.1808580305155,-0.521017079675768,-158.5075451864
"20","Chaotic",0.2168,0.246666666666667,0.34,"Chaotic Non-interactive","PostDelta",13.7761377613776,0.3652,0.366333333333333,0.4222,0.310332238043078,1.7032,1.50266666666667,1.2476,-11.7739157664005,3.12105388884297,3.90709521828433,4.51174111728343,25.1851251992563,-0.15695500213024,0.0471293034995424,0.832893306100678,-130.027270784549
"20","Chaotic",0.2168,0.246666666666667,0.34,"Chaotic Non-interactive","RetentionDelta",56.8265682656826,0.3652,0.366333333333333,0.4222,15.6078860898138,1.7032,1.50266666666667,1.2476,-26.7496477219352,3.12105388884297,3.90709521828433,4.51174111728343,44.5582574979508,-0.15695500213024,0.0471293034995424,0.832893306100678,-630.657382559588
"20","Chaotic Visual",1.6468,1.44533333333333,1.725,"Chaotic Non-interactive","PostDelta",-12.233827220468,0.5834,0.516333333333333,0.5972,-11.4958290481088,0.3554,0.357,0.3474,0.450196961170509,4.09919316190591,5.36861978867153,5.75010080994711,30.9677191736778,1.32537033721631,1.58778633010874,1.95650866996685,19.7994466545548
"20","Chaotic Visual",1.6468,1.44533333333333,1.725,"Chaotic Non-interactive","RetentionDelta",4.74860335195531,0.5834,0.516333333333333,0.5972,2.36544394926295,0.3554,0.357,0.3474,-2.25098480585256,4.09919316190591,5.36861978867153,5.75010080994711,40.2739657009386,1.32537033721631,1.58778633010874,1.95650866996685,47.6197720009438
"20","Periodic Fadeout (SCT)",0.358,0.365333333333333,0.4014,"Chaotic Non-interactive","PostDelta",2.04841713221602,0.8514,0.903666666666667,0.9078,6.13890846448986,2.5688,2.517,2.287,-2.01650576144504,0.57409074901147,0.419064609839024,0.575916331675512,-27.0037689057674,-0.476369760116678,-0.96126442714518,-0.0751774472747492,101.789556690109
"20","Periodic Fadeout (SCT)",0.358,0.365333333333333,0.4014,"Chaotic Non-interactive","RetentionDelta",12.122905027933,0.8514,0.903666666666667,0.9078,6.62438336856942,2.5688,2.517,2.287,-10.9701027717222,0.57409074901147,0.419064609839024,0.575916331675512,0.31799548541506,-0.476369760116678,-0.96126442714518,-0.0751774472747492,-84.2186776808973
"20","Periodic Fixed",0.3566,0.358,0.3392,"Chaotic Non-interactive","PostDelta",0.392596747055528,0.8202,0.794666666666667,0.6492,-3.11306185483215,2.3198,2.25566666666667,1.915,-2.76460614420782,-0.415071481470683,0.13815578491939,-0.573555077229594,-133.28481745599,-0.740150532997555,-0.275868010529082,0.0885885976964222,-62.7281210739879
"20","Periodic Fixed",0.3566,0.358,0.3392,"Chaotic Non-interactive","RetentionDelta",-4.87941671340437,0.8202,0.794666666666667,0.6492,-20.848573518654,2.3198,2.25566666666667,1.915,-17.4497801534615,-0.415071481470683,0.13815578491939,-0.573555077229594,38.1822415737578,-0.740150532997555,-0.275868010529082,0.0885885976964222,-111.968997352153
"21","Chaotic",0.2696,0.419,0.4034,"Periodic Fixed","PostDelta",55.4154302670623,0.4914,0.538,0.5724,9.48310948310949,1.8272,1.286,1.4718,-29.6190893169877,1.83034614691784,4.07127229025285,4.62319344824553,122.431822369149,0.248565075022805,1.6415605862806,0.967671525715687,560.414817379311
"21","Chaotic",0.2696,0.419,0.4034,"Periodic Fixed","RetentionDelta",49.6290801186944,0.4914,0.538,0.5724,16.4835164835165,1.8272,1.286,1.4718,-19.4505253940455,1.83034614691784,4.07127229025285,4.62319344824553,152.585744834693,0.248565075022805,1.6415605862806,0.967671525715687,289.303093214889
"21","Chaotic Visual",1.366,1.349,1.6384,"Periodic Fixed","PostDelta",-1.24450951683747,0.6004,0.615333333333333,0.6052,2.48723073506552,0.4412,0.462,0.3706,4.71441523118768,3.02338362189689,5.01832315878757,4.8952967376994,65.9836721493862,0.669195596597862,1.44797866842973,1.55985628232842,116.376000647813
"21","Chaotic Visual",1.366,1.349,1.6384,"Periodic Fixed","RetentionDelta",19.9414348462665,0.6004,0.615333333333333,0.6052,0.799467021985348,0.4412,0.462,0.3706,-16.0018132366274,3.02338362189689,5.01832315878757,4.8952967376994,61.9145087062442,0.669195596597862,1.44797866842973,1.55985628232842,133.094223909812
"21","Periodic Fadeout (SCT)",0.1802,0.190666666666667,0.3264,"Periodic Fixed","PostDelta",5.80836108028118,0.6748,0.719333333333333,0.8028,6.59948626753607,3.8516,3.82466666666667,2.563,-0.699276491155183,-0.567778691188227,1.72372620098081,1.47315972866838,-403.591210401619,-0.186131083418602,0.605437217073744,0.357132158872619,-425.274642984879
"21","Periodic Fadeout (SCT)",0.1802,0.190666666666667,0.3264,"Periodic Fixed","RetentionDelta",81.1320754716981,0.6748,0.719333333333333,0.8028,18.968583283936,3.8516,3.82466666666667,2.563,-33.4562259840067,-0.567778691188227,1.72372620098081,1.47315972866838,-359.460200168028,-0.186131083418602,0.605437217073744,0.357132158872619,-291.871315802446
"21","Periodic Fixed",0.2568,0.420333333333333,0.4638,"Periodic Fixed","PostDelta",63.681204569055,0.5538,0.759333333333333,0.779,37.1132779583484,2.2116,1.833,1.7318,-17.1188279978296,-1.26591960838915,1.26165685197128,-0.1072604663732,-199.66326799983,0.162874015128512,0.949041510756925,0.729736331443338,482.684420230021
"21","Periodic Fixed",0.2568,0.420333333333333,0.4638,"Periodic Fixed","RetentionDelta",80.607476635514,0.5538,0.759333333333333,0.779,40.6644998194294,2.2116,1.833,1.7318,-21.6947006691988,-1.26591960838915,1.26165685197128,-0.1072604663732,-91.527071256153,0.162874015128512,0.949041510756925,0.729736331443338,348.037294879455
"22","Chaotic",0.124,0.326333333333333,0.3024,"Periodic Fixed","PostDelta",163.172043010753,0.362,0.483666666666667,0.4822,33.609576427256,3.039,1.50133333333333,1.627,-50.59778435889,-0.309348305088273,0.995817665107566,2.36781035686135,-421.908233770153,0.430821516103958,0.0480634249216943,1.71762045455437,-88.8437733202497
"22","Chaotic",0.124,0.326333333333333,0.3024,"Periodic Fixed","RetentionDelta",143.870967741935,0.362,0.483666666666667,0.4822,33.2044198895028,3.039,1.50133333333333,1.627,-46.4626521882198,-0.309348305088273,0.995817665107566,2.36781035686135,-865.418888002536,0.430821516103958,0.0480634249216943,1.71762045455437,298.684928758272
"22","Chaotic Visual",1.29,1.16933333333333,1.2288,"Periodic Fixed","PostDelta",-9.35400516795866,0.567,0.465333333333333,0.5088,-17.9306290417401,0.441,0.400666666666667,0.4166,-9.145880574452,2.2412831455213,2.19853059978444,2.29256104554217,-1.90750311143398,0.915402190728408,1.25581079319974,0.514783288864291,37.1867804030987
"22","Chaotic Visual",1.29,1.16933333333333,1.2288,"Periodic Fixed","RetentionDelta",-4.74418604651162,0.567,0.465333333333333,0.5088,-10.2645502645502,0.441,0.400666666666667,0.4166,-5.5328798185941,2.2412831455213,2.19853059978444,2.29256104554217,2.28788139166342,0.915402190728408,1.25581079319974,0.514783288864291,-43.7642498479641
"22","Periodic Fadeout (SCT)",0.2216,0.326333333333333,0.422,"Periodic Fixed","PostDelta",47.2623345367028,0.7286,0.860333333333333,0.8802,18.0803367188215,3.373,2.63766666666667,2.1592,-21.8005731791679,-1.27074845854604,-0.163406970374049,-0.11133679793869,-87.1408877756172,-0.025354628370148,0.235509044886499,0.0628745316566601,-1028.86017277927
"22","Periodic Fadeout (SCT)",0.2216,0.326333333333333,0.422,"Periodic Fixed","RetentionDelta",90.4332129963899,0.7286,0.860333333333333,0.8802,20.8070271754049,3.373,2.63766666666667,2.1592,-35.9857693447969,-1.27074845854604,-0.163406970374049,-0.11133679793869,-91.23848648488,-0.025354628370148,0.235509044886499,0.0628745316566601,-347.980489947497
"22","Periodic Fixed",0.2548,0.452333333333333,0.283,"Periodic Fixed","PostDelta",77.5248560962847,0.7606,0.829333333333333,0.8116,9.0367253922342,3.0524,1.84166666666667,2.9246,-39.6649630891539,0.420451273977505,-0.182343296366329,-0.093293034545234,-143.36847279385,0.13300867643943,-0.890793967265298,1.2776368216226,-769.726209681481
"22","Periodic Fixed",0.2548,0.452333333333333,0.283,"Periodic Fixed","RetentionDelta",11.0675039246468,0.7606,0.829333333333333,0.8116,6.70523271101761,3.0524,1.84166666666667,2.9246,-4.1868693487092,0.420451273977505,-0.182343296366329,-0.093293034545234,-122.188786268305,0.13300867643943,-0.890793967265298,1.2776368216226,860.566525300637
"23","Chaotic",0.3504,0.418666666666667,0.3544,"Chaotic Non-interactive","PostDelta",19.482496194825,0.5034,0.521666666666667,0.5166,3.62865845583366,1.4364,1.251,1.4558,-12.9072681704261,4.00547223355992,3.6370386973832,4.61882144374921,-9.19825465496429,0.571708746532175,1.14837126103678,0.904740741664132,100.866484552226
"23","Chaotic",0.3504,0.418666666666667,0.3544,"Chaotic Non-interactive","RetentionDelta",1.14155251141553,0.5034,0.521666666666667,0.5166,2.62216924910605,1.4364,1.251,1.4558,1.35059871901978,4.00547223355992,3.6370386973832,4.61882144374921,15.3127814755604,0.571708746532175,1.14837126103678,0.904740741664132,58.2520377993228
"23","Chaotic Visual",1.3796,1.253,1.5186,"Chaotic Non-interactive","PostDelta",-9.17657291968687,0.6186,0.520666666666667,0.5732,-15.8314473542408,0.4498,0.417666666666667,0.3866,-7.14391581443604,4.45095895092766,4.87606732478293,4.26519992176014,9.55093898960073,1.26030655761078,1.8235048289533,1.62759888463762,44.6874030720115
"23","Chaotic Visual",1.3796,1.253,1.5186,"Chaotic Non-interactive","RetentionDelta",10.0753841693244,0.6186,0.520666666666667,0.5732,-7.33915292596185,0.4498,0.417666666666667,0.3866,-14.0506891951979,4.45095895092766,4.87606732478293,4.26519992176014,-4.17346084777543,1.26030655761078,1.8235048289533,1.62759888463762,29.1430941788587
"23","Periodic Fadeout (SCT)",0.5446,0.484666666666667,0.6486,"Chaotic Non-interactive","PostDelta",-11.0050189741706,0.9362,0.927333333333333,0.9378,-0.947091077405115,1.7618,2.077,1.4694,17.8907935066409,0.204207343083066,0.57679728899269,-0.125284598490198,182.456683625752,-0.53294849724109,0.04100149675022,-0.810234241905401,-107.693331900263
"23","Periodic Fadeout (SCT)",0.5446,0.484666666666667,0.6486,"Chaotic Non-interactive","RetentionDelta",19.0965846492839,0.9362,0.927333333333333,0.9378,0.170903653065577,1.7618,2.077,1.4694,-16.596662504257,0.204207343083066,0.57679728899269,-0.125284598490198,-161.351661795646,-0.53294849724109,0.04100149675022,-0.810234241905401,52.0286192943097
"23","Periodic Fixed",0.5514,0.636333333333333,0.4444,"Chaotic Non-interactive","PostDelta",15.4032160560996,0.8448,0.927666666666667,0.9218,9.80902777777778,1.5338,1.51133333333333,2.0986,-1.46477159125483,-0.00489246540860218,0.527517920690105,0.662414247334789,-10882.251413829,-0.247686071709395,0.17312721564592,-0.913990903741101,-169.897840621836
"23","Periodic Fixed",0.5514,0.636333333333333,0.4444,"Chaotic Non-interactive","RetentionDelta",-19.405150525934,0.8448,0.927666666666667,0.9218,9.11458333333333,1.5338,1.51133333333333,2.0986,36.8235754335637,-0.00489246540860218,0.527517920690105,0.662414247334789,-13639.4773802611,-0.247686071709395,0.17312721564592,-0.913990903741101,269.011829140504
"24","Chaotic",0.3564,0.346666666666667,0.345,"Periodic Fixed","PostDelta",-2.73101384212495,0.4496,0.502,0.5376,11.6548042704626,1.321,1.466,1.5818,10.9765329295988,3.41179331722928,4.05941163014517,2.26002568198711,18.9817568856081,-0.0835007283114554,-0.303415689080824,-0.21617260744575,263.36891332144
"24","Chaotic",0.3564,0.346666666666667,0.345,"Periodic Fixed","RetentionDelta",-3.19865319865319,0.4496,0.502,0.5376,19.5729537366548,1.321,1.466,1.5818,19.7426192278577,3.41179331722928,4.05941163014517,2.26002568198711,-33.7584234492117,-0.0835007283114554,-0.303415689080824,-0.21617260744575,158.88709214539
"24","Chaotic Visual",1.6964,1.63266666666667,1.7822,"Periodic Fixed","PostDelta",-3.75697555607955,0.6448,0.644333333333333,0.7242,-0.0723738626964526,0.38,0.395666666666667,0.4058,4.12280701754386,4.22176489617034,3.88912266311026,4.45083416005595,-7.87922210831357,1.09969738267298,1.29772744820532,0.885457169679162,18.0076872649272
"24","Chaotic Visual",1.6964,1.63266666666667,1.7822,"Periodic Fixed","RetentionDelta",5.05776939401084,0.6448,0.644333333333333,0.7242,12.3138957816377,0.38,0.395666666666667,0.4058,6.78947368421052,4.22176489617034,3.88912266311026,4.45083416005595,5.42591237360004,1.09969738267298,1.29772744820532,0.885457169679162,-19.481742556582
"24","Periodic Fadeout (SCT)",0.5392,0.724,0.5796,"Periodic Fixed","PostDelta",34.2729970326409,0.9286,0.963666666666667,0.9574,3.77629406274679,1.874,1.35866666666667,1.6932,-27.4991106367841,0.443505222373962,-0.183668255243571,0.627280549518218,-141.412873169891,-0.707732860476886,0.341215319278316,-0.393248968926233,-148.21244544847
"24","Periodic Fadeout (SCT)",0.5392,0.724,0.5796,"Periodic Fixed","RetentionDelta",7.49258160237389,0.9286,0.963666666666667,0.9574,3.10144303252207,1.874,1.35866666666667,1.6932,-9.6478121664888,0.443505222373962,-0.183668255243571,0.627280549518218,41.4370153660327,-0.707732860476886,0.341215319278316,-0.393248968926233,-44.4353949227038
"24","Periodic Fixed",0.5272,0.471333333333333,0.4258,"Periodic Fixed","PostDelta",-10.5968639352554,0.8782,0.906,0.7822,3.16556593031201,1.7326,1.92866666666667,1.8348,11.3163261379815,0.724295603342356,0.611007094960153,-0.491803597500672,-15.6411978561541,-0.0180057365769542,-0.62284477147379,-0.619552825234281,3359.14630491139
"24","Periodic Fixed",0.5272,0.471333333333333,0.4258,"Periodic Fixed","RetentionDelta",-19.2336874051593,0.8782,0.906,0.7822,-10.9314506946026,1.7326,1.92866666666667,1.8348,5.89864942860441,0.724295603342356,0.611007094960153,-0.491803597500672,-167.900950279303,-0.0180057365769542,-0.62284477147379,-0.619552825234281,3340.86354138522
"25","Chaotic",0.2888,0.468,0.3834,"Chaotic Interactive","PostDelta",62.0498614958449,0.4414,0.499333333333333,0.4862,13.1249056033832,1.5684,1.06666666666667,1.2754,-31.9901385700927,1.45397663135401,1.60930643053233,1.58107160312033,10.6831014906804,1.36566409099372,-0.261737217752928,0.0749270691318942,-119.165563441188
"25","Chaotic",0.2888,0.468,0.3834,"Chaotic Interactive","RetentionDelta",32.7562326869806,0.4414,0.499333333333333,0.4862,10.1495242410512,1.5684,1.06666666666667,1.2754,-18.6814588115277,1.45397663135401,1.60930643053233,1.58107160312033,8.74119769366358,1.36566409099372,-0.261737217752928,0.0749270691318942,-94.5135066795691
"25","Chaotic Visual",1.8062,1.68266666666667,2.0334,"Chaotic Interactive","PostDelta",-6.83940501236481,0.6564,0.609333333333333,0.7134,-7.17042453788341,0.3636,0.362333333333333,0.351,-0.348368170150341,3.31087350263305,4.42227230407255,3.96840195491103,33.5681444958752,0.740747530089921,0.283938797451779,0.576230726180293,-61.6686136749843
"25","Chaotic Visual",1.8062,1.68266666666667,2.0334,"Chaotic Interactive","RetentionDelta",12.5788949175064,0.6564,0.609333333333333,0.7134,8.6837294332724,0.3636,0.362333333333333,0.351,-3.46534653465347,3.31087350263305,4.42227230407255,3.96840195491103,19.8596669958868,0.740747530089921,0.283938797451779,0.576230726180293,-22.209564963336
"25","Periodic Fadeout (SCT)",0.227,0.318,0.3558,"Chaotic Interactive","PostDelta",40.0881057268722,0.7602,0.852,0.8634,12.0757695343331,3.4734,2.68666666666667,2.486,-22.6502370395962,-0.779125715809898,0.00740191885978557,-0.703426255173009,-100.950028821997,0.0403582165478197,0.597864608307294,0.129429939781934,1381.39501555748
"25","Periodic Fadeout (SCT)",0.227,0.318,0.3558,"Chaotic Interactive","RetentionDelta",56.7400881057269,0.7602,0.852,0.8634,13.5753749013417,3.4734,2.68666666666667,2.486,-28.427477399666,-0.779125715809898,0.00740191885978557,-0.703426255173009,-9.71594944189456,0.0403582165478197,0.597864608307294,0.129429939781934,220.702823001543
"25","Periodic Fixed",0.3236,0.517666666666667,0.5194,"Chaotic Interactive","PostDelta",59.9711578079934,0.7028,0.726666666666667,0.7766,3.39594004932651,2.2046,1.40833333333333,1.614,-36.1184190631709,-0.335164597667867,0.751049826373195,0.25095857826204,-324.083877473674,0.394624725374575,-0.267049663481748,0.119188908629304,-167.671802173132
"25","Periodic Fixed",0.3236,0.517666666666667,0.5194,"Chaotic Interactive","RetentionDelta",60.5067985166873,0.7028,0.726666666666667,0.7766,10.5008537279454,2.2046,1.40833333333333,1.614,-26.7894402612719,-0.335164597667867,0.751049826373195,0.25095857826204,-174.876219030367,0.394624725374575,-0.267049663481748,0.119188908629304,-69.7968979221537
"26","Chaotic",0.2116,0.227,0.476,"Chaotic Interactive","PostDelta",7.27788279773157,0.44,0.402666666666667,0.5574,-8.48484848484848,2.4554,2.13266666666667,1.185,-13.1438190654612,1.24799316103697,1.76406600643071,3.61486325929275,41.3522174244071,0.0433741555620995,0.893869539124672,1.13890398741426,1960.83444747392
"26","Chaotic",0.2116,0.227,0.476,"Chaotic Interactive","RetentionDelta",124.952741020794,0.44,0.402666666666667,0.5574,26.6818181818182,2.4554,2.13266666666667,1.185,-51.7390241915777,1.24799316103697,1.76406600643071,3.61486325929275,189.654092037581,0.0433741555620995,0.893869539124672,1.13890398741426,2525.7663639899
"26","Chaotic Visual",1.4746,1.46433333333333,1.5818,"Chaotic Interactive","PostDelta",-0.696234006962339,0.5624,0.547333333333333,0.6494,-2.67899478425794,0.3802,0.373666666666667,0.4104,-1.71839382780993,3.88798350724931,3.93814107525106,4.97378978296462,1.29006637780836,0.472869873691195,0.898090622926347,2.25584202868289,89.9234171794247
"26","Chaotic Visual",1.4746,1.46433333333333,1.5818,"Chaotic Interactive","RetentionDelta",7.26976807269769,0.5624,0.547333333333333,0.6494,15.4694167852063,0.3802,0.373666666666667,0.4104,7.9431877958969,3.88798350724931,3.93814107525106,4.97378978296462,27.9272346112267,0.472869873691195,0.898090622926347,2.25584202868289,377.053446241757
"26","Periodic Fadeout (SCT)",0.239,0.325333333333333,0.2658,"Chaotic Interactive","PostDelta",36.1227336122733,0.8062,0.822,0.7498,1.95981146117588,3.5166,2.68033333333333,2.8612,-23.7805456027602,0.322034010537095,0.113024647583896,0.741060721166212,-64.9028848240622,0.104459227372384,0.977124633362167,-0.304595019600186,835.412464691936
"26","Periodic Fadeout (SCT)",0.239,0.325333333333333,0.2658,"Chaotic Interactive","RetentionDelta",11.2133891213389,0.8062,0.822,0.7498,-6.99578268419747,3.5166,2.68033333333333,2.8612,-18.6373201387704,0.322034010537095,0.113024647583896,0.741060721166212,130.118775321357,0.104459227372384,0.977124633362167,-0.304595019600186,-391.592257823566
"26","Periodic Fixed",0.2018,0.348666666666667,0.5586,"Chaotic Interactive","PostDelta",72.7783283779319,0.5742,0.646,0.8218,12.5043538836642,3.1282,2.099,1.5046,-32.9007096732945,-0.895034784608425,0.182697472267844,0.428069048371933,-120.412332057885,0.0234960683670962,-0.15029258204107,-0.264996547476837,-739.649917990277
"26","Periodic Fixed",0.2018,0.348666666666667,0.5586,"Chaotic Interactive","RetentionDelta",176.808721506442,0.5742,0.646,0.8218,43.120863810519,3.1282,2.099,1.5046,-51.9020522984464,-0.895034784608425,0.182697472267844,0.428069048371933,-147.827085129346,0.0234960683670962,-0.15029258204107,-0.264996547476837,-1227.83357341579
"27","Chaotic",0.13,0.136333333333333,0.121,"Periodic Fixed","PostDelta",4.87179487179487,0.3944,0.421666666666667,0.2778,6.91345503718727,3.041,3.18533333333333,2.317,4.7462457524937,-0.427062828364796,-0.518734100014957,0.116459331139685,21.4655234690329,-0.477479955182169,0.541971507630256,-0.0889783585563276,-213.506651273661
"27","Chaotic",0.13,0.136333333333333,0.121,"Periodic Fixed","RetentionDelta",-6.92307692307692,0.3944,0.421666666666667,0.2778,-29.5638945233266,3.041,3.18533333333333,2.317,-23.8079579085827,-0.427062828364796,-0.518734100014957,0.116459331139685,-127.269835584989,-0.477479955182169,0.541971507630256,-0.0889783585563276,-81.3650065116597
"27","Chaotic Visual",1.1516,1.04766666666667,1.0218,"Periodic Fixed","PostDelta",-9.02512446451313,0.5012,0.478,0.4408,-4.6288906624102,0.4404,0.457,0.4324,3.76930063578565,3.4545534382513,2.60056018541053,2.14394281519603,-24.7208001875076,0.197365583505058,0.568171931299714,0.413095912979625,187.877917319436
"27","Chaotic Visual",1.1516,1.04766666666667,1.0218,"Periodic Fixed","RetentionDelta",-11.2712747481764,0.5012,0.478,0.4408,-12.0510774142059,0.4404,0.457,0.4324,-1.81653042688465,3.4545534382513,2.60056018541053,2.14394281519603,-37.9386408831675,0.197365583505058,0.568171931299714,0.413095912979625,109.304938400791
"27","Periodic Fadeout (SCT)",0.1536,0.141,0.1984,"Periodic Fixed","PostDelta",-8.20312499999998,0.7506,0.857333333333333,0.8924,14.2197353228528,4.8984,6.38,4.5294,30.2466111383309,-0.695137588363434,-0.722081983741073,-0.0641372076255752,3.87612406934792,0.0890023108812747,0.0846481049700348,0.00681165428436559,-4.89223916561932
"27","Periodic Fadeout (SCT)",0.1536,0.141,0.1984,"Periodic Fixed","RetentionDelta",29.1666666666667,0.7506,0.857333333333333,0.8924,18.8915534239275,4.8984,6.38,4.5294,-7.53307202351788,-0.695137588363434,-0.722081983741073,-0.0641372076255752,-90.7734513714653,0.0890023108812747,0.0846481049700348,0.00681165428436559,-92.3466545790569
"27","Periodic Fixed",0.0608,0.264333333333333,0.183,"Periodic Fixed","PostDelta",334.758771929825,0.2008,0.75,0.5542,273.505976095618,3.4178,2.91533333333333,3.1684,-14.7014648799423,-1.17262535631049,-0.0494428078756853,-0.639745206266063,-95.7835801852988,0.283001007394643,0.606984839055353,-0.502682005301672,114.481511795086
"27","Periodic Fixed",0.0608,0.264333333333333,0.183,"Periodic Fixed","RetentionDelta",200.986842105263,0.2008,0.75,0.5542,175.996015936255,3.4178,2.91533333333333,3.1684,-7.29709169641289,-1.17262535631049,-0.0494428078756853,-0.639745206266063,-45.4433419145107,0.283001007394643,0.606984839055353,-0.502682005301672,-277.625517990007
"28","Chaotic",0.322,0.408666666666667,0.363,"Chaotic Interactive","PostDelta",26.9151138716356,0.4278,0.482333333333333,0.478,12.7473897459872,1.3406,1.18266666666667,1.333,-11.7807946690537,1.80135593864987,4.13653946265787,3.802517065002,129.634764229786,0.106829948829041,0.774321458625356,0.80738806018205,624.816839390696
"28","Chaotic",0.322,0.408666666666667,0.363,"Chaotic Interactive","RetentionDelta",12.7329192546584,0.4278,0.482333333333333,0.478,11.7344553529687,1.3406,1.18266666666667,1.333,-0.566910338654338,1.80135593864987,4.13653946265787,3.802517065002,111.091932661128,0.106829948829041,0.774321458625356,0.80738806018205,655.769397094913
"28","Chaotic Visual",1.621,1.493,1.8388,"Chaotic Interactive","PostDelta",-7.89636027143739,0.6352,0.579666666666667,0.7364,-8.74265323257766,0.3912,0.388666666666667,0.4006,-0.647580095432856,3.40501799363062,4.50026477211785,5.37527602375437,32.1656678624307,0.3074313165177,0.82001559776819,2.22897596943838,166.731316463324
"28","Chaotic Visual",1.621,1.493,1.8388,"Chaotic Interactive","RetentionDelta",13.4361505243677,0.6352,0.579666666666667,0.7364,15.9319899244333,0.3912,0.388666666666667,0.4006,2.40286298568508,3.40501799363062,4.50026477211785,5.37527602375437,57.8633661792473,0.3074313165177,0.82001559776819,2.22897596943838,625.032177816554
"28","Periodic Fadeout (SCT)",0.4846,0.467,0.3802,"Chaotic Interactive","PostDelta",-3.63186132893108,0.9208,0.935333333333333,0.9104,1.57833767738198,1.923,2.00666666666667,2.406,4.35084070029468,-0.117455404165287,0.0575417385885294,0.042908393540901,-148.990286140904,-0.30761033592777,0.85349839159968,0.372113344289032,-377.460895137181
"28","Periodic Fadeout (SCT)",0.4846,0.467,0.3802,"Chaotic Interactive","RetentionDelta",-21.5435410647957,0.9208,0.935333333333333,0.9104,-1.12945264986969,1.923,2.00666666666667,2.406,25.1170046801872,-0.117455404165287,0.0575417385885294,0.042908393540901,-136.531646922366,-0.30761033592777,0.85349839159968,0.372113344289032,-220.969064048748
"28","Periodic Fixed",0.2608,0.273333333333333,0.4574,"Chaotic Interactive","PostDelta",4.80572597137012,0.4424,0.475,0.7004,7.36889692585895,1.7012,1.733,1.5328,1.86926875146954,-1.23854391550196,-1.20749920150356,-0.721819786322774,-2.5065493124492,-0.622011502143487,-1.36223903793815,-0.0376941293044012,119.005441739228
"28","Periodic Fixed",0.2608,0.273333333333333,0.4574,"Chaotic Interactive","RetentionDelta",75.383435582822,0.4424,0.475,0.7004,58.3182640144665,1.7012,1.733,1.5328,-9.89889489771926,-1.23854391550196,-1.20749920150356,-0.721819786322774,-41.7202912800849,-0.622011502143487,-1.36223903793815,-0.0376941293044012,-93.9399626575224
"30","Chaotic",0.2746,0.501333333333333,0.3924,"Chaotic Interactive","PostDelta",82.5685846079146,0.4008,0.52,0.4526,29.7405189620759,1.4968,1.037,1.1684,-30.7188669160877,1.22620073650391,2.92787911075791,2.94538580740883,138.776492591723,0.186463250879436,1.40159531017809,0.672026874187175,651.673749957483
"30","Chaotic",0.2746,0.501333333333333,0.3924,"Chaotic Interactive","RetentionDelta",42.8987618353969,0.4008,0.52,0.4526,12.9241516966068,1.4968,1.037,1.1684,-21.9401389631213,1.22620073650391,2.92787911075791,2.94538580740883,140.204211245753,0.186463250879436,1.40159531017809,0.672026874187175,260.40714243564
"30","Chaotic Visual",1.5482,1.42533333333333,1.5332,"Chaotic Interactive","PostDelta",-7.93609783404384,0.543,0.493333333333333,0.5156,-9.14671577655004,0.3528,0.346666666666667,0.337,-1.73847316704459,4.12164056515363,4.47617707917279,5.15031679658144,8.60182998528768,1.67560519036933,2.68526933769122,1.20142093639087,60.25668535315
"30","Chaotic Visual",1.5482,1.42533333333333,1.5332,"Chaotic Interactive","RetentionDelta",-0.968867071437807,0.543,0.493333333333333,0.5156,-5.04604051565377,0.3528,0.346666666666667,0.337,-4.47845804988662,4.12164056515363,4.47617707917279,5.15031679658144,24.957931560669,1.67560519036933,2.68526933769122,1.20142093639087,-28.2992829518473
"30","Periodic Fadeout (SCT)",0.1006,0.246333333333333,0.153,"Chaotic Interactive","PostDelta",144.864148442677,0.385,0.74,0.4976,92.2077922077922,3.818,3.15766666666667,3.264,-17.2952680286363,-1.77567535420004,0.183817647809551,-1.03034282354999,-110.351985084141,-0.403183013795103,-0.885449091567669,-0.158494807692795,119.614681489943
"30","Periodic Fadeout (SCT)",0.1006,0.246333333333333,0.153,"Chaotic Interactive","RetentionDelta",52.0874751491054,0.385,0.74,0.4976,29.2467532467532,3.818,3.15766666666667,3.264,-14.510214772132,-1.77567535420004,0.183817647809551,-1.03034282354999,-41.9745945612808,-0.403183013795103,-0.885449091567669,-0.158494807692795,-60.6891157936177
"30","Periodic Fixed",0.0976,0.305333333333333,0.0834,"Chaotic Interactive","PostDelta",212.841530054645,0.1624,0.541333333333333,0.2348,233.333333333333,1.8054,1.81133333333333,2.8334,0.328643698534041,-0.536619415526293,-0.946676181364688,-0.985170247988447,76.4148210023728,0.849018647365619,0.394304741172864,-0.12063240225599,-53.5575876458857
"30","Periodic Fixed",0.0976,0.305333333333333,0.0834,"Chaotic Interactive","RetentionDelta",-14.5491803278688,0.1624,0.541333333333333,0.2348,44.5812807881774,1.8054,1.81133333333333,2.8334,56.94029024039,-0.536619415526293,-0.946676181364688,-0.985170247988447,83.5882600375605,0.849018647365619,0.394304741172864,-0.12063240225599,-114.208451443357
