"pp","task_label","training_phase_label","score","c","pitch_error","te12rescaled","te21rescaled","Training"
"1","Chaotic","PreTest",0.4352,0.5144,1.1908,4.64807097073961,0.906911106710215,"Chaotic Interactive"
"1","Chaotic","PostTest",0.664666666666667,0.637,0.960666666666667,2.7147243882333,2.7354641437056,"Chaotic Interactive"
"1","Chaotic","Retention",0.4712,0.5632,1.1986,3.15709349447087,1.61418486055664,"Chaotic Interactive"
"1","Chaotic Visual","PreTest",1.6446,0.5976,0.3668,4.44637990519242,1.83186032512637,"Chaotic Interactive"
"1","Chaotic Visual","PostTest",1.40933333333333,0.591666666666667,0.427333333333333,3.52826745743025,2.72227781742851,"Chaotic Interactive"
"1","Chaotic Visual","Retention",1.476,0.6378,0.433,4.37356202164523,2.88908644114285,"Chaotic Interactive"
"1","Periodic Fadeout (SCT)","PreTest",0.6042,0.9592,1.5912,-0.186186474290513,-0.161178214628864,"Chaotic Interactive"
"1","Periodic Fadeout (SCT)","PostTest",0.598333333333333,0.952333333333333,1.60766666666667,-0.209540462859679,-1.34881725498879,"Chaotic Interactive"
"1","Periodic Fadeout (SCT)","Retention",0.6454,0.9478,1.518,0.0497286478291107,0.113315725641609,"Chaotic Interactive"
"1","Periodic Fixed","PreTest",0.5436,0.852,1.7218,0.189553614107261,-0.274812888094589,"Chaotic Interactive"
"1","Periodic Fixed","PostTest",0.536,0.906,1.71966666666667,1.42412206494657,0.497985088749303,"Chaotic Interactive"
"1","Periodic Fixed","Retention",0.6374,0.9474,1.5562,0.922758364597726,0.718743721482524,"Chaotic Interactive"
"4","Chaotic","PreTest",0.3134,0.511,1.6362,5.44131118112393,1.37537553499956,"Chaotic Interactive"
"4","Chaotic","PostTest",0.431,0.564,1.31266666666667,5.19325191278938,0.582426620852888,"Chaotic Interactive"
"4","Chaotic","Retention",0.2914,0.5128,1.7652,4.11856982275221,0.441749781641007,"Chaotic Interactive"
"4","Chaotic Visual","PreTest",1.7835,0.6035,0.33925,6.57164979842904,1.37506388639329,"Chaotic Interactive"
"4","Chaotic Visual","PostTest",1.737,0.578666666666667,0.332666666666667,5.98146833135199,1.7381628765491,"Chaotic Interactive"
"4","Chaotic Visual","Retention",1.6114,0.5724,0.3558,5.63519926341336,0.890577966639443,"Chaotic Interactive"
"4","Periodic Fadeout (SCT)","PreTest",0.3978,0.937,2.3724,0.900410135860618,-0.242838971944222,"Chaotic Interactive"
"4","Periodic Fadeout (SCT)","PostTest",0.560333333333333,0.939333333333333,1.735,-0.105144034027217,1.06328098322905,"Chaotic Interactive"
"4","Periodic Fadeout (SCT)","Retention",0.708,0.946,1.3692,0.529091461461803,0.999552357491865,"Chaotic Interactive"
"4","Periodic Fixed","PreTest",0.5578,0.9396,1.7394,1.21261765276013,1.20352765154033,"Chaotic Interactive"
"4","Periodic Fixed","PostTest",0.490666666666667,0.924333333333333,1.88633333333333,0.815266442801291,-1.36247666258317,"Chaotic Interactive"
"4","Periodic Fixed","Retention",0.634,0.9478,1.5456,1.22747996913222,-0.0236104080401386,"Chaotic Interactive"
"5","Chaotic","PreTest",0.2594,0.4396,1.7,3.02857437255176,0.457145546103916,"Chaotic Non-interactive"
"5","Chaotic","PostTest",0.269666666666667,0.457,1.72233333333333,3.22986459012011,1.0195002622415,"Chaotic Non-interactive"
"5","Chaotic","Retention",0.3354,0.477,1.4264,2.71141690702485,-0.00465697403131861,"Chaotic Non-interactive"
"5","Chaotic Visual","PreTest",1.523,0.6276,0.4138,4.59595204906534,1.66011349815761,"Chaotic Non-interactive"
"5","Chaotic Visual","PostTest",1.57833333333333,0.578,0.368333333333333,5.35118296296055,1.27583000505558,"Chaotic Non-interactive"
"5","Chaotic Visual","Retention",1.566,0.5664,0.3634,6.29011727062885,1.28937741797377,"Chaotic Non-interactive"
"5","Periodic Fadeout (SCT)","PreTest",0.3818,0.858,2.2688,-0.289201574561195,0.853315983408129,"Chaotic Non-interactive"
"5","Periodic Fadeout (SCT)","PostTest",0.301,0.898333333333333,2.988,0.354023870459718,0.0606656799581467,"Chaotic Non-interactive"
"5","Periodic Fadeout (SCT)","Retention",0.5468,0.9252,1.7028,0.324845722274156,-0.023264950128602,"Chaotic Non-interactive"
"5","Periodic Fixed","PreTest",0.372,0.7986,2.1488,-0.24297249177761,0.0772854781300776,"Chaotic Non-interactive"
"5","Periodic Fixed","PostTest",0.517666666666667,0.864333333333333,1.739,1.50028831464441,1.88519478380413,"Chaotic Non-interactive"
"5","Periodic Fixed","Retention",0.429,0.7364,1.7344,-0.694188563458576,0.354865183632524,"Chaotic Non-interactive"
"6","Chaotic","PreTest",0.2224,0.4598,2.0966,2.17722549460234,0.208854041623518,"Chaotic Interactive"
"6","Chaotic","PostTest",0.369333333333333,0.482,1.30533333333333,0.44969791056168,-0.489552234462222,"Chaotic Interactive"
"6","Chaotic","Retention",0.3416,0.4896,1.461,1.52449465479402,0.283346058076466,"Chaotic Interactive"
"6","Chaotic Visual","PreTest",1.3314,0.5842,0.4418,1.23455344927999,-0.559405445154711,"Chaotic Interactive"
"6","Chaotic Visual","PostTest",1.22033333333333,0.536333333333333,0.440666666666667,3.39927292993394,0.148944252593119,"Chaotic Interactive"
"6","Chaotic Visual","Retention",1.6682,0.668,0.4002,4.18819465210772,0.153464374608572,"Chaotic Interactive"
"6","Periodic Fadeout (SCT)","PreTest",0.3016,0.7466,2.6772,-0.966214023947277,-0.804141007583962,"Chaotic Interactive"
"6","Periodic Fadeout (SCT)","PostTest",0.275333333333333,0.764666666666667,2.788,-1.01655961599927,-0.049723835619595,"Chaotic Interactive"
"6","Periodic Fadeout (SCT)","Retention",0.3978,0.8712,2.2214,-0.379776875952794,-0.124289005520535,"Chaotic Interactive"
"6","Periodic Fixed","PreTest",0.4058,0.8674,2.19,-0.00472957445117072,0.207648816565385,"Chaotic Interactive"
"6","Periodic Fixed","PostTest",0.611333333333333,0.793,1.45733333333333,-0.635264724656371,0.772092332243605,"Chaotic Interactive"
"6","Periodic Fixed","Retention",0.351,0.813,2.3432,-0.373550832460142,0.0528231503879022,"Chaotic Interactive"
"7","Chaotic","PreTest",0.2652,0.4824,1.8252,1.51349815274356,0.936693018924959,"Chaotic Non-interactive"
"7","Chaotic","PostTest",0.257,0.523,2.03666666666667,1.7170340481198,1.59029369797023,"Chaotic Non-interactive"
"7","Chaotic","Retention",0.2428,0.5096,2.1204,2.23269670288112,1.24731981244018,"Chaotic Non-interactive"
"7","Chaotic Visual","PreTest",1.4642,0.5796,0.396,2.02908110726613,0.0333157294438059,"Chaotic Non-interactive"
"7","Chaotic Visual","PostTest",1.68433333333333,0.659666666666667,0.391666666666667,4.27851182739328,0.465211746828219,"Chaotic Non-interactive"
"7","Chaotic Visual","Retention",1.7068,0.674,0.395,3.90536936716674,0.838050426947623,"Chaotic Non-interactive"
"7","Periodic Fadeout (SCT)","PreTest",0.3028,0.8942,3.0258,0.271753443184036,0.1959486949096,"Chaotic Non-interactive"
"7","Periodic Fadeout (SCT)","PostTest",0.400666666666667,0.927666666666667,2.42333333333333,-0.0723314079957981,1.29071006866841,"Chaotic Non-interactive"
"7","Periodic Fadeout (SCT)","Retention",0.3996,0.9292,2.341,-0.770590940224505,-0.218229470246286,"Chaotic Non-interactive"
"7","Periodic Fixed","PreTest",0.326,0.854,2.6574,0.425666034115548,0.642054472306432,"Chaotic Non-interactive"
"7","Periodic Fixed","PostTest",0.257666666666667,0.773333333333333,3.00966666666667,-1.12311762277317,0.128003809276359,"Chaotic Non-interactive"
"7","Periodic Fixed","Retention",0.2096,0.7234,3.4972,-0.448941421891626,-0.0202665270942511,"Chaotic Non-interactive"
"8","Chaotic","PreTest",0.4138,0.592,1.4398,3.44489401232891,1.25958052166796,"Chaotic Non-interactive"
"8","Chaotic","PostTest",0.413333333333333,0.558666666666667,1.415,3.95264521936667,1.19306293794451,"Chaotic Non-interactive"
"8","Chaotic","Retention",0.3638,0.5522,1.5272,4.3740819379517,1.26769305304842,"Chaotic Non-interactive"
"8","Chaotic Visual","PreTest",1.7446,0.6624,0.3792,4.39557437455971,1.07088740535072,"Chaotic Non-interactive"
"8","Chaotic Visual","PostTest",1.81266666666667,0.696666666666667,0.385,5.45575483583663,0.726965752995815,"Chaotic Non-interactive"
"8","Chaotic Visual","Retention",1.7414,0.643,0.37,6.85364116015932,1.43566847783229,"Chaotic Non-interactive"
"8","Periodic Fadeout (SCT)","PreTest",0.3832,0.8922,2.3914,0.862992328109798,0.114803791680469,"Chaotic Non-interactive"
"8","Periodic Fadeout (SCT)","PostTest",0.381,0.909333333333333,2.39066666666667,0.69380355845641,0.600395166547419,"Chaotic Non-interactive"
"8","Periodic Fadeout (SCT)","Retention",0.594,0.9468,1.6484,0.392929550933567,0.932684050623883,"Chaotic Non-interactive"
"8","Periodic Fixed","PreTest",0.4124,0.8832,2.221,0.245495181028764,-0.112748231254377,"Chaotic Non-interactive"
"8","Periodic Fixed","PostTest",0.467666666666667,0.875333333333333,1.93766666666667,-0.446016006305731,0.0459875484516213,"Chaotic Non-interactive"
"8","Periodic Fixed","Retention",0.3372,0.8914,2.6846,0.326138145135997,-0.465381116475627,"Chaotic Non-interactive"
"9","Chaotic","PreTest",0.3752,0.4682,1.2644,2.31336874182207,0.409728543184248,"Chaotic Non-interactive"
"9","Chaotic","PostTest",0.509,0.572,1.12833333333333,4.88379741259948,0.180922868257456,"Chaotic Non-interactive"
"9","Chaotic","Retention",0.571,0.6964,1.2228,5.48928361109621,0.787418569797273,"Chaotic Non-interactive"
"9","Chaotic Visual","PreTest",1.879,0.7392,0.3944,4.7822191447259,0.906747150557419,"Chaotic Non-interactive"
"9","Chaotic Visual","PostTest",1.951,0.763666666666667,0.391333333333333,4.1230957472998,1.16051592264976,"Chaotic Non-interactive"
"9","Chaotic Visual","Retention",1.8606,0.7874,0.4236,5.30573667995497,1.23969197005245,"Chaotic Non-interactive"
"9","Periodic Fadeout (SCT)","PreTest",0.3544,0.9034,2.554,-0.361726321658272,-1.04901855087173,"Chaotic Non-interactive"
"9","Periodic Fadeout (SCT)","PostTest",0.411666666666667,0.903666666666667,2.19666666666667,-0.0385534263677473,1.73029724528132,"Chaotic Non-interactive"
"9","Periodic Fadeout (SCT)","Retention",0.3644,0.8962,2.4796,0.762781179352167,-0.241293025260598,"Chaotic Non-interactive"
"9","Periodic Fixed","PreTest",0.3522,0.7552,2.3358,-0.200398807878383,-0.441312819271155,"Chaotic Non-interactive"
"9","Periodic Fixed","PostTest",0.307666666666667,0.702666666666667,2.35133333333333,-0.244657965004682,-0.549954627116048,"Chaotic Non-interactive"
"9","Periodic Fixed","Retention",0.4098,0.8936,2.4626,1.30160466441291,-0.75981254130783,"Chaotic Non-interactive"
"10","Chaotic","PreTest",0.4038,0.5066,1.2598,5.82213306799708,1.03719764551451,"Chaotic Interactive"
"10","Chaotic","PostTest",0.519333333333333,0.569,1.126,4.01061703675878,1.29177179895173,"Chaotic Interactive"
"10","Chaotic","Retention",0.4254,0.5404,1.2814,4.63210944817027,1.2847396279192,"Chaotic Interactive"
"10","Chaotic Visual","PreTest",1.6238,0.5666,0.352,4.58443358666939,1.93681861587328,"Chaotic Interactive"
"10","Chaotic Visual","PostTest",1.912,0.609666666666667,0.320666666666667,4.68864355328214,1.1231230544224,"Chaotic Interactive"
"10","Chaotic Visual","Retention",1.8846,0.6098,0.3242,5.40654048219947,1.76488634278311,"Chaotic Interactive"
"10","Periodic Fadeout (SCT)","PreTest",0.5274,0.9486,1.9218,0.581827047348609,-0.0318526558315118,"Chaotic Interactive"
"10","Periodic Fadeout (SCT)","PostTest",0.835666666666667,0.968333333333333,1.16066666666667,-0.0814797455777707,0.276041919386416,"Chaotic Interactive"
"10","Periodic Fadeout (SCT)","Retention",0.8275,0.965,1.1775,0.103972442179054,-0.604186455018888,"Chaotic Interactive"
"10","Periodic Fixed","PreTest",0.6492,0.9518,1.5158,0.817514888943123,-0.0843680725145926,"Chaotic Interactive"
"10","Periodic Fixed","PostTest",0.508666666666667,0.875,1.74,0.793930415162772,0.54950564625706,"Chaotic Interactive"
"10","Periodic Fixed","Retention",0.7776,0.9634,1.5364,0.596443998789192,0.317045278828103,"Chaotic Interactive"
"11","Chaotic","PreTest",0.1676,0.2926,1.7952,2.18320833730594,-0.0166140962157708,"Periodic Fixed"
"11","Chaotic","PostTest",0.120666666666667,0.247,2.07033333333333,4.0315758286511,0.191206806249502,"Periodic Fixed"
"11","Chaotic","Retention",0.177,0.2594,1.4648,2.86659727691492,0.125505431696164,"Periodic Fixed"
"11","Chaotic Visual","PreTest",1.0432,0.4626,0.444,2.12468894125722,-0.610049412038208,"Periodic Fixed"
"11","Chaotic Visual","PostTest",1.24566666666667,0.592333333333333,0.475,1.89430836916488,-0.300439895287972,"Periodic Fixed"
"11","Chaotic Visual","Retention",1.3334,0.6328,0.4774,2.62112770263262,1.34099795513219,"Periodic Fixed"
"11","Periodic Fadeout (SCT)","PreTest",0.2072,0.6302,3.225,0.205117338518893,0.151983342657318,"Periodic Fixed"
"11","Periodic Fadeout (SCT)","PostTest",0.336666666666667,0.815666666666667,2.44533333333333,0.846088508182642,0.244655646319787,"Periodic Fixed"
"11","Periodic Fadeout (SCT)","Retention",0.4708,0.8876,1.8928,0.123826342590283,-0.211144171779373,"Periodic Fixed"
"11","Periodic Fixed","PreTest",0.2426,0.5598,2.3552,-0.953646824370096,1.52047123728596,"Periodic Fixed"
"11","Periodic Fixed","PostTest",0.43,0.791333333333333,1.89366666666667,0.516959137878313,0.426546774751562,"Periodic Fixed"
"11","Periodic Fixed","Retention",0.4518,0.8428,1.8846,0.253442516731393,0.0810905140926374,"Periodic Fixed"
"12","Chaotic","PreTest",0.3586,0.5344,1.534,2.62295653709386,1.0377978460396,"Chaotic Non-interactive"
"12","Chaotic","PostTest",0.393,0.508,1.31466666666667,5.63341378754006,2.61449607207425,"Chaotic Non-interactive"
"12","Chaotic","Retention",0.4284,0.5128,1.199,4.90354129128177,1.05139239003625,"Chaotic Non-interactive"
"12","Chaotic Visual","PreTest",1.57,0.6464,0.4122,3.0807732768543,1.59334938698404,"Chaotic Non-interactive"
"12","Chaotic Visual","PostTest",1.433,0.604,0.423,4.2712990147133,1.35817368597704,"Chaotic Non-interactive"
"12","Chaotic Visual","Retention",1.3556,0.5342,0.3946,5.68705949554356,1.49729370213989,"Chaotic Non-interactive"
"12","Periodic Fadeout (SCT)","PreTest",0.3372,0.8524,2.5426,0.100409396810755,-0.0979787163883945,"Chaotic Non-interactive"
"12","Periodic Fadeout (SCT)","PostTest",0.450666666666667,0.912333333333333,2.062,0.256266478001869,0.568084743809857,"Chaotic Non-interactive"
"12","Periodic Fadeout (SCT)","Retention",0.3344,0.8396,2.526,0.11310556279914,-0.196319387189184,"Chaotic Non-interactive"
"12","Periodic Fixed","PreTest",0.1214,0.3596,3.0412,-0.918286338084137,0.0713580607531586,"Chaotic Non-interactive"
"12","Periodic Fixed","PostTest",0.262666666666667,0.862666666666667,3.32066666666667,0.905916976722189,0.459399271394319,"Chaotic Non-interactive"
"12","Periodic Fixed","Retention",0.3712,0.787,2.1292,-0.403806245804406,0.914094426416093,"Chaotic Non-interactive"
"13","Chaotic","PreTest",0.1954,0.4012,2.115,0.988942002203929,-0.170797550898875,"Periodic Fixed"
"13","Chaotic","PostTest",0.171,0.360666666666667,2.09433333333333,2.30775044778514,0.992340300539275,"Periodic Fixed"
"13","Chaotic","Retention",0.229,0.3448,1.5306,2.65438940314105,-0.404614282265934,"Periodic Fixed"
"13","Chaotic Visual","PreTest",1.3186,0.5052,0.3832,3.60205007668034,1.06003094014498,"Periodic Fixed"
"13","Chaotic Visual","PostTest",1.40433333333333,0.490333333333333,0.349,2.67717861778322,0.756581080891418,"Periodic Fixed"
"13","Chaotic Visual","Retention",1.4768,0.5454,0.371,4.31343000524885,1.85235729889519,"Periodic Fixed"
"13","Periodic Fadeout (SCT)","PreTest",0.2808,0.9016,3.2616,-0.0112087545707902,-0.0147061001671126,"Periodic Fixed"
"13","Periodic Fadeout (SCT)","PostTest",0.446333333333333,0.927,2.08033333333333,-0.631470920851126,0.272129477910165,"Periodic Fixed"
"13","Periodic Fadeout (SCT)","Retention",0.4486,0.9068,2.0882,-0.669521012874384,-0.573423346298393,"Periodic Fixed"
"13","Periodic Fixed","PreTest",0.25,0.7212,2.9144,-0.131068459287202,-0.534681947454358,"Periodic Fixed"
"13","Periodic Fixed","PostTest",0.438666666666667,0.879666666666667,2.048,0.244426205511526,-1.01511304871282,"Periodic Fixed"
"13","Periodic Fixed","Retention",0.4252,0.8856,2.0898,-0.18241785746269,0.0948251272476286,"Periodic Fixed"
"14","Chaotic","PreTest",0.311,0.4986,1.616,2.0319416836265,0.790469696968899,"Chaotic Interactive"
"14","Chaotic","PostTest",0.436666666666667,0.566333333333333,1.316,2.87604103651821,0.586810423661231,"Chaotic Interactive"
"14","Chaotic","Retention",0.3426,0.5018,1.482,5.00327626786912,1.09318621535863,"Chaotic Interactive"
"14","Chaotic Visual","PreTest",1.352,0.5438,0.4018,2.95275016992546,-0.110650507391666,"Chaotic Interactive"
"14","Chaotic Visual","PostTest",1.62833333333333,0.608,0.373333333333333,2.46093450036501,2.38051253239467,"Chaotic Interactive"
"14","Chaotic Visual","Retention",1.4702,0.5782,0.3936,3.56710884543939,1.12934959235495,"Chaotic Interactive"
"14","Periodic Fadeout (SCT)","PreTest",0.1012,0.6092,5.9408,-0.551789540384056,-0.499780499420746,"Chaotic Interactive"
"14","Periodic Fadeout (SCT)","PostTest",0.270333333333333,0.846,3.195,2.04363122190619,0.073273300940165,"Chaotic Interactive"
"14","Periodic Fadeout (SCT)","Retention",0.3922,0.8636,2.2224,0.0451353567937344,0.254957576183943,"Chaotic Interactive"
"14","Periodic Fixed","PreTest",0.2716,0.6084,2.323,-0.308014075645356,-0.0202842665592096,"Chaotic Interactive"
"14","Periodic Fixed","PostTest",0.452666666666667,0.741,1.65766666666667,-0.268780955376316,0.13898319275547,"Chaotic Interactive"
"14","Periodic Fixed","Retention",0.2442,0.5988,2.4572,-0.204169846320488,0.369959237162055,"Chaotic Interactive"
"15","Chaotic","PreTest",0.3226,0.4086,1.2726,3.42283687663165,0.32015504751489,"Periodic Fixed"
"15","Chaotic","PostTest",0.354666666666667,0.411333333333333,1.16033333333333,4.38669376988582,0.33693960188683,"Periodic Fixed"
"15","Chaotic","Retention",0.3668,0.4438,1.2162,3.093225582326,-0.140446420538107,"Periodic Fixed"
"15","Chaotic Visual","PreTest",1.4464,0.5604,0.3894,2.69455485670864,1.17209457352851,"Periodic Fixed"
"15","Chaotic Visual","PostTest",1.53366666666667,0.589333333333333,0.384,4.04840896124494,1.38331231384848,"Periodic Fixed"
"15","Chaotic Visual","Retention",1.5958,0.6044,0.3796,3.73337664897241,1.55111269033314,"Periodic Fixed"
"15","Periodic Fadeout (SCT)","PreTest",0.226,0.6846,3.2056,-0.322950507463047,-0.032114400177891,"Periodic Fixed"
"15","Periodic Fadeout (SCT)","PostTest",0.428333333333333,0.883,2.08,0.793686489039014,-0.177769303196487,"Periodic Fixed"
"15","Periodic Fadeout (SCT)","Retention",0.4674,0.9226,1.977,0.108360226971619,0.28718962306201,"Periodic Fixed"
"15","Periodic Fixed","PreTest",0.3828,0.6558,1.7636,-0.4084893305101,-0.383669151545558,"Periodic Fixed"
"15","Periodic Fixed","PostTest",0.464666666666667,0.657666666666667,1.582,-0.674120104499512,0.20456768171392,"Periodic Fixed"
"15","Periodic Fixed","Retention",0.5132,0.7236,1.449,-0.285053909821892,-0.875177642710216,"Periodic Fixed"
"17","Chaotic","PreTest",0.2892,0.4368,1.538,0.611413147149778,-0.146972601958961,"Chaotic Interactive"
"17","Chaotic","PostTest",0.412666666666667,0.479666666666667,1.16466666666667,2.02419016560724,0.721303506276607,"Chaotic Interactive"
"17","Chaotic","Retention",0.3412,0.408,1.197,1.44579436147461,0.546592884437425,"Chaotic Interactive"
"17","Chaotic Visual","PreTest",1.543,0.604,0.3898,3.68238141596627,0.26847783706725,"Chaotic Interactive"
"17","Chaotic Visual","PostTest",1.32933333333333,0.478333333333333,0.369333333333333,4.06113637370669,1.25261226455504,"Chaotic Interactive"
"17","Chaotic Visual","Retention",1.4548,0.517,0.3574,2.6122693734745,0.470587634816294,"Chaotic Interactive"
"17","Periodic Fadeout (SCT)","PreTest",0.1706,0.6038,3.5866,-1.60896125216777,-0.40969489361856,"Chaotic Interactive"
"17","Periodic Fadeout (SCT)","PostTest",0.207666666666667,0.609,2.98366666666667,0.787484081824857,0.154460404421296,"Chaotic Interactive"
"17","Periodic Fadeout (SCT)","Retention",0.1656,0.5198,3.155,-1.23973097167727,-0.362977202620827,"Chaotic Interactive"
"17","Periodic Fixed","PreTest",0.3876,0.7264,1.8884,0.299614736688108,-0.00529077286947718,"Chaotic Interactive"
"17","Periodic Fixed","PostTest",0.379666666666667,0.680666666666667,1.90966666666667,-0.35006193612306,0.0700876119710521,"Chaotic Interactive"
"17","Periodic Fixed","Retention",0.5048,0.722,1.4332,0.0979946504108116,0.253688264683195,"Chaotic Interactive"
"18","Chaotic","PreTest",0.2788,0.4444,1.6442,4.9273989293793,0.87617273565557,"Periodic Fixed"
"18","Chaotic","PostTest",0.333666666666667,0.414,1.239,4.91085228087355,0.421646975700061,"Periodic Fixed"
"18","Chaotic","Retention",0.1992,0.348,1.7518,3.13086386942595,0.465279964110935,"Periodic Fixed"
"18","Chaotic Visual","PreTest",1.3606,0.5488,0.4046,4.17980386965698,0.387786597352607,"Periodic Fixed"
"18","Chaotic Visual","PostTest",1.316,0.501666666666667,0.381333333333333,5.01867286687726,0.126090661116302,"Periodic Fixed"
"18","Chaotic Visual","Retention",1.608,0.6182,0.3848,3.4719419411813,-0.108299994734287,"Periodic Fixed"
"18","Periodic Fadeout (SCT)","PreTest",0.2516,0.7908,3.1938,-0.313031103798426,0.398915595669575,"Periodic Fixed"
"18","Periodic Fadeout (SCT)","PostTest",0.429,0.887333333333333,2.06866666666667,-0.268193477535049,0.351531507458762,"Periodic Fixed"
"18","Periodic Fadeout (SCT)","Retention",0.4286,0.8796,2.058,0.134842799062678,0.0527721209621148,"Periodic Fixed"
"18","Periodic Fixed","PreTest",0.4066,0.8176,2.0126,0.79929627580042,0.290197173913299,"Periodic Fixed"
"18","Periodic Fixed","PostTest",0.358,0.838,2.369,0.186679193997123,0.702978265320835,"Periodic Fixed"
"18","Periodic Fixed","Retention",0.2638,0.5662,2.1554,-0.0789078887583404,0.848052972547787,"Periodic Fixed"
"19","Chaotic","PreTest",0.1616,0.4032,2.5256,3.68194595125939,1.27707187458496,"Chaotic Non-interactive"
"19","Chaotic","PostTest",0.195,0.415666666666667,2.20433333333333,5.95633578971965,0.330225402470044,"Chaotic Non-interactive"
"19","Chaotic","Retention",0.2296,0.405,1.8198,5.86696598502177,1.06720417418121,"Chaotic Non-interactive"
"19","Chaotic Visual","PreTest",1.6726,0.6164,0.3704,4.87460192841424,1.24954157359658,"Chaotic Non-interactive"
"19","Chaotic Visual","PostTest",1.90866666666667,0.669666666666667,0.351,4.61131284465013,2.14991347806368,"Chaotic Non-interactive"
"19","Chaotic Visual","Retention",1.7752,0.6258,0.353,5.21884470839743,0.673142309768544,"Chaotic Non-interactive"
"19","Periodic Fadeout (SCT)","PreTest",0.2738,0.9344,3.4998,0.780306351344384,-0.131159080227568,"Chaotic Non-interactive"
"19","Periodic Fadeout (SCT)","PostTest",0.382,0.896,2.39066666666667,0.423949396803273,0.183782423536805,"Chaotic Non-interactive"
"19","Periodic Fadeout (SCT)","Retention",0.2898,0.9066,3.1666,-0.207392903728272,-1.15602986055111,"Chaotic Non-interactive"
"19","Periodic Fixed","PreTest",0.4685,0.7765,1.66925,0.014045903295085,0.890512630492107,"Chaotic Non-interactive"
"19","Periodic Fixed","PostTest",0.409,0.827333333333333,2.06033333333333,2.1211050003716,1.1808580305155,"Chaotic Non-interactive"
"19","Periodic Fixed","Retention",0.2798,0.9056,3.2714,1.02779025985249,-0.521017079675768,"Chaotic Non-interactive"
"20","Chaotic","PreTest",0.2168,0.3652,1.7032,3.12105388884297,-0.15695500213024,"Chaotic Non-interactive"
"20","Chaotic","PostTest",0.246666666666667,0.366333333333333,1.50266666666667,3.90709521828433,0.0471293034995424,"Chaotic Non-interactive"
"20","Chaotic","Retention",0.34,0.4222,1.2476,4.51174111728343,0.832893306100678,"Chaotic Non-interactive"
"20","Chaotic Visual","PreTest",1.6468,0.5834,0.3554,4.09919316190591,1.32537033721631,"Chaotic Non-interactive"
"20","Chaotic Visual","PostTest",1.44533333333333,0.516333333333333,0.357,5.36861978867153,1.58778633010874,"Chaotic Non-interactive"
"20","Chaotic Visual","Retention",1.725,0.5972,0.3474,5.75010080994711,1.95650866996685,"Chaotic Non-interactive"
"20","Periodic Fadeout (SCT)","PreTest",0.358,0.8514,2.5688,0.57409074901147,-0.476369760116678,"Chaotic Non-interactive"
"20","Periodic Fadeout (SCT)","PostTest",0.365333333333333,0.903666666666667,2.517,0.419064609839024,-0.96126442714518,"Chaotic Non-interactive"
"20","Periodic Fadeout (SCT)","Retention",0.4014,0.9078,2.287,0.575916331675512,-0.0751774472747492,"Chaotic Non-interactive"
"20","Periodic Fixed","PreTest",0.3566,0.8202,2.3198,-0.415071481470683,-0.740150532997555,"Chaotic Non-interactive"
"20","Periodic Fixed","PostTest",0.358,0.794666666666667,2.25566666666667,0.13815578491939,-0.275868010529082,"Chaotic Non-interactive"
"20","Periodic Fixed","Retention",0.3392,0.6492,1.915,-0.573555077229594,0.0885885976964222,"Chaotic Non-interactive"
"21","Chaotic","PreTest",0.2696,0.4914,1.8272,1.83034614691784,0.248565075022805,"Periodic Fixed"
"21","Chaotic","PostTest",0.419,0.538,1.286,4.07127229025285,1.6415605862806,"Periodic Fixed"
"21","Chaotic","Retention",0.4034,0.5724,1.4718,4.62319344824553,0.967671525715687,"Periodic Fixed"
"21","Chaotic Visual","PreTest",1.366,0.6004,0.4412,3.02338362189689,0.669195596597862,"Periodic Fixed"
"21","Chaotic Visual","PostTest",1.349,0.615333333333333,0.462,5.01832315878757,1.44797866842973,"Periodic Fixed"
"21","Chaotic Visual","Retention",1.6384,0.6052,0.3706,4.8952967376994,1.55985628232842,"Periodic Fixed"
"21","Periodic Fadeout (SCT)","PreTest",0.1802,0.6748,3.8516,-0.567778691188227,-0.186131083418602,"Periodic Fixed"
"21","Periodic Fadeout (SCT)","PostTest",0.190666666666667,0.719333333333333,3.82466666666667,1.72372620098081,0.605437217073744,"Periodic Fixed"
"21","Periodic Fadeout (SCT)","Retention",0.3264,0.8028,2.563,1.47315972866838,0.357132158872619,"Periodic Fixed"
"21","Periodic Fixed","PreTest",0.2568,0.5538,2.2116,-1.26591960838915,0.162874015128512,"Periodic Fixed"
"21","Periodic Fixed","PostTest",0.420333333333333,0.759333333333333,1.833,1.26165685197128,0.949041510756925,"Periodic Fixed"
"21","Periodic Fixed","Retention",0.4638,0.779,1.7318,-0.1072604663732,0.729736331443338,"Periodic Fixed"
"22","Chaotic","PreTest",0.124,0.362,3.039,-0.309348305088273,0.430821516103958,"Periodic Fixed"
"22","Chaotic","PostTest",0.326333333333333,0.483666666666667,1.50133333333333,0.995817665107566,0.0480634249216943,"Periodic Fixed"
"22","Chaotic","Retention",0.3024,0.4822,1.627,2.36781035686135,1.71762045455437,"Periodic Fixed"
"22","Chaotic Visual","PreTest",1.29,0.567,0.441,2.2412831455213,0.915402190728408,"Periodic Fixed"
"22","Chaotic Visual","PostTest",1.16933333333333,0.465333333333333,0.400666666666667,2.19853059978444,1.25581079319974,"Periodic Fixed"
"22","Chaotic Visual","Retention",1.2288,0.5088,0.4166,2.29256104554217,0.514783288864291,"Periodic Fixed"
"22","Periodic Fadeout (SCT)","PreTest",0.2216,0.7286,3.373,-1.27074845854604,-0.025354628370148,"Periodic Fixed"
"22","Periodic Fadeout (SCT)","PostTest",0.326333333333333,0.860333333333333,2.63766666666667,-0.163406970374049,0.235509044886499,"Periodic Fixed"
"22","Periodic Fadeout (SCT)","Retention",0.422,0.8802,2.1592,-0.11133679793869,0.0628745316566601,"Periodic Fixed"
"22","Periodic Fixed","PreTest",0.2548,0.7606,3.0524,0.420451273977505,0.13300867643943,"Periodic Fixed"
"22","Periodic Fixed","PostTest",0.452333333333333,0.829333333333333,1.84166666666667,-0.182343296366329,-0.890793967265298,"Periodic Fixed"
"22","Periodic Fixed","Retention",0.283,0.8116,2.9246,-0.093293034545234,1.2776368216226,"Periodic Fixed"
"23","Chaotic","PreTest",0.3504,0.5034,1.4364,4.00547223355992,0.571708746532175,"Chaotic Non-interactive"
"23","Chaotic","PostTest",0.418666666666667,0.521666666666667,1.251,3.6370386973832,1.14837126103678,"Chaotic Non-interactive"
"23","Chaotic","Retention",0.3544,0.5166,1.4558,4.61882144374921,0.904740741664132,"Chaotic Non-interactive"
"23","Chaotic Visual","PreTest",1.3796,0.6186,0.4498,4.45095895092766,1.26030655761078,"Chaotic Non-interactive"
"23","Chaotic Visual","PostTest",1.253,0.520666666666667,0.417666666666667,4.87606732478293,1.8235048289533,"Chaotic Non-interactive"
"23","Chaotic Visual","Retention",1.5186,0.5732,0.3866,4.26519992176014,1.62759888463762,"Chaotic Non-interactive"
"23","Periodic Fadeout (SCT)","PreTest",0.5446,0.9362,1.7618,0.204207343083066,-0.53294849724109,"Chaotic Non-interactive"
"23","Periodic Fadeout (SCT)","PostTest",0.484666666666667,0.927333333333333,2.077,0.57679728899269,0.04100149675022,"Chaotic Non-interactive"
"23","Periodic Fadeout (SCT)","Retention",0.6486,0.9378,1.4694,-0.125284598490198,-0.810234241905401,"Chaotic Non-interactive"
"23","Periodic Fixed","PreTest",0.5514,0.8448,1.5338,-0.00489246540860218,-0.247686071709395,"Chaotic Non-interactive"
"23","Periodic Fixed","PostTest",0.636333333333333,0.927666666666667,1.51133333333333,0.527517920690105,0.17312721564592,"Chaotic Non-interactive"
"23","Periodic Fixed","Retention",0.4444,0.9218,2.0986,0.662414247334789,-0.913990903741101,"Chaotic Non-interactive"
"24","Chaotic","PreTest",0.3564,0.4496,1.321,3.41179331722928,-0.0835007283114554,"Periodic Fixed"
"24","Chaotic","PostTest",0.346666666666667,0.502,1.466,4.05941163014517,-0.303415689080824,"Periodic Fixed"
"24","Chaotic","Retention",0.345,0.5376,1.5818,2.26002568198711,-0.21617260744575,"Periodic Fixed"
"24","Chaotic Visual","PreTest",1.6964,0.6448,0.38,4.22176489617034,1.09969738267298,"Periodic Fixed"
"24","Chaotic Visual","PostTest",1.63266666666667,0.644333333333333,0.395666666666667,3.88912266311026,1.29772744820532,"Periodic Fixed"
"24","Chaotic Visual","Retention",1.7822,0.7242,0.4058,4.45083416005595,0.885457169679162,"Periodic Fixed"
"24","Periodic Fadeout (SCT)","PreTest",0.5392,0.9286,1.874,0.443505222373962,-0.707732860476886,"Periodic Fixed"
"24","Periodic Fadeout (SCT)","PostTest",0.724,0.963666666666667,1.35866666666667,-0.183668255243571,0.341215319278316,"Periodic Fixed"
"24","Periodic Fadeout (SCT)","Retention",0.5796,0.9574,1.6932,0.627280549518218,-0.393248968926233,"Periodic Fixed"
"24","Periodic Fixed","PreTest",0.5272,0.8782,1.7326,0.724295603342356,-0.0180057365769542,"Periodic Fixed"
"24","Periodic Fixed","PostTest",0.471333333333333,0.906,1.92866666666667,0.611007094960153,-0.62284477147379,"Periodic Fixed"
"24","Periodic Fixed","Retention",0.4258,0.7822,1.8348,-0.491803597500672,-0.619552825234281,"Periodic Fixed"
"25","Chaotic","PreTest",0.2888,0.4414,1.5684,1.45397663135401,1.36566409099372,"Chaotic Interactive"
"25","Chaotic","PostTest",0.468,0.499333333333333,1.06666666666667,1.60930643053233,-0.261737217752928,"Chaotic Interactive"
"25","Chaotic","Retention",0.3834,0.4862,1.2754,1.58107160312033,0.0749270691318942,"Chaotic Interactive"
"25","Chaotic Visual","PreTest",1.8062,0.6564,0.3636,3.31087350263305,0.740747530089921,"Chaotic Interactive"
"25","Chaotic Visual","PostTest",1.68266666666667,0.609333333333333,0.362333333333333,4.42227230407255,0.283938797451779,"Chaotic Interactive"
"25","Chaotic Visual","Retention",2.0334,0.7134,0.351,3.96840195491103,0.576230726180293,"Chaotic Interactive"
"25","Periodic Fadeout (SCT)","PreTest",0.227,0.7602,3.4734,-0.779125715809898,0.0403582165478197,"Chaotic Interactive"
"25","Periodic Fadeout (SCT)","PostTest",0.318,0.852,2.68666666666667,0.00740191885978557,0.597864608307294,"Chaotic Interactive"
"25","Periodic Fadeout (SCT)","Retention",0.3558,0.8634,2.486,-0.703426255173009,0.129429939781934,"Chaotic Interactive"
"25","Periodic Fixed","PreTest",0.3236,0.7028,2.2046,-0.335164597667867,0.394624725374575,"Chaotic Interactive"
"25","Periodic Fixed","PostTest",0.517666666666667,0.726666666666667,1.40833333333333,0.751049826373195,-0.267049663481748,"Chaotic Interactive"
"25","Periodic Fixed","Retention",0.5194,0.7766,1.614,0.25095857826204,0.119188908629304,"Chaotic Interactive"
"26","Chaotic","PreTest",0.2116,0.44,2.4554,1.24799316103697,0.0433741555620995,"Chaotic Interactive"
"26","Chaotic","PostTest",0.227,0.402666666666667,2.13266666666667,1.76406600643071,0.893869539124672,"Chaotic Interactive"
"26","Chaotic","Retention",0.476,0.5574,1.185,3.61486325929275,1.13890398741426,"Chaotic Interactive"
"26","Chaotic Visual","PreTest",1.4746,0.5624,0.3802,3.88798350724931,0.472869873691195,"Chaotic Interactive"
"26","Chaotic Visual","PostTest",1.46433333333333,0.547333333333333,0.373666666666667,3.93814107525106,0.898090622926347,"Chaotic Interactive"
"26","Chaotic Visual","Retention",1.5818,0.6494,0.4104,4.97378978296462,2.25584202868289,"Chaotic Interactive"
"26","Periodic Fadeout (SCT)","PreTest",0.239,0.8062,3.5166,0.322034010537095,0.104459227372384,"Chaotic Interactive"
"26","Periodic Fadeout (SCT)","PostTest",0.325333333333333,0.822,2.68033333333333,0.113024647583896,0.977124633362167,"Chaotic Interactive"
"26","Periodic Fadeout (SCT)","Retention",0.2658,0.7498,2.8612,0.741060721166212,-0.304595019600186,"Chaotic Interactive"
"26","Periodic Fixed","PreTest",0.2018,0.5742,3.1282,-0.895034784608425,0.0234960683670962,"Chaotic Interactive"
"26","Periodic Fixed","PostTest",0.348666666666667,0.646,2.099,0.182697472267844,-0.15029258204107,"Chaotic Interactive"
"26","Periodic Fixed","Retention",0.5586,0.8218,1.5046,0.428069048371933,-0.264996547476837,"Chaotic Interactive"
"27","Chaotic","PreTest",0.13,0.3944,3.041,-0.427062828364796,-0.477479955182169,"Periodic Fixed"
"27","Chaotic","PostTest",0.136333333333333,0.421666666666667,3.18533333333333,-0.518734100014957,0.541971507630256,"Periodic Fixed"
"27","Chaotic","Retention",0.121,0.2778,2.317,0.116459331139685,-0.0889783585563276,"Periodic Fixed"
"27","Chaotic Visual","PreTest",1.1516,0.5012,0.4404,3.4545534382513,0.197365583505058,"Periodic Fixed"
"27","Chaotic Visual","PostTest",1.04766666666667,0.478,0.457,2.60056018541053,0.568171931299714,"Periodic Fixed"
"27","Chaotic Visual","Retention",1.0218,0.4408,0.4324,2.14394281519603,0.413095912979625,"Periodic Fixed"
"27","Periodic Fadeout (SCT)","PreTest",0.1536,0.7506,4.8984,-0.695137588363434,0.0890023108812747,"Periodic Fixed"
"27","Periodic Fadeout (SCT)","PostTest",0.141,0.857333333333333,6.38,-0.722081983741073,0.0846481049700348,"Periodic Fixed"
"27","Periodic Fadeout (SCT)","Retention",0.1984,0.8924,4.5294,-0.0641372076255752,0.00681165428436559,"Periodic Fixed"
"27","Periodic Fixed","PreTest",0.0608,0.2008,3.4178,-1.17262535631049,0.283001007394643,"Periodic Fixed"
"27","Periodic Fixed","PostTest",0.264333333333333,0.75,2.91533333333333,-0.0494428078756853,0.606984839055353,"Periodic Fixed"
"27","Periodic Fixed","Retention",0.183,0.5542,3.1684,-0.639745206266063,-0.502682005301672,"Periodic Fixed"
"28","Chaotic","PreTest",0.322,0.4278,1.3406,1.80135593864987,0.106829948829041,"Chaotic Interactive"
"28","Chaotic","PostTest",0.408666666666667,0.482333333333333,1.18266666666667,4.13653946265787,0.774321458625356,"Chaotic Interactive"
"28","Chaotic","Retention",0.363,0.478,1.333,3.802517065002,0.80738806018205,"Chaotic Interactive"
"28","Chaotic Visual","PreTest",1.621,0.6352,0.3912,3.40501799363062,0.3074313165177,"Chaotic Interactive"
"28","Chaotic Visual","PostTest",1.493,0.579666666666667,0.388666666666667,4.50026477211785,0.82001559776819,"Chaotic Interactive"
"28","Chaotic Visual","Retention",1.8388,0.7364,0.4006,5.37527602375437,2.22897596943838,"Chaotic Interactive"
"28","Periodic Fadeout (SCT)","PreTest",0.4846,0.9208,1.923,-0.117455404165287,-0.30761033592777,"Chaotic Interactive"
"28","Periodic Fadeout (SCT)","PostTest",0.467,0.935333333333333,2.00666666666667,0.0575417385885294,0.85349839159968,"Chaotic Interactive"
"28","Periodic Fadeout (SCT)","Retention",0.3802,0.9104,2.406,0.042908393540901,0.372113344289032,"Chaotic Interactive"
"28","Periodic Fixed","PreTest",0.2608,0.4424,1.7012,-1.23854391550196,-0.622011502143487,"Chaotic Interactive"
"28","Periodic Fixed","PostTest",0.273333333333333,0.475,1.733,-1.20749920150356,-1.36223903793815,"Chaotic Interactive"
"28","Periodic Fixed","Retention",0.4574,0.7004,1.5328,-0.721819786322774,-0.0376941293044012,"Chaotic Interactive"
"30","Chaotic","PreTest",0.2746,0.4008,1.4968,1.22620073650391,0.186463250879436,"Chaotic Interactive"
"30","Chaotic","PostTest",0.501333333333333,0.52,1.037,2.92787911075791,1.40159531017809,"Chaotic Interactive"
"30","Chaotic","Retention",0.3924,0.4526,1.1684,2.94538580740883,0.672026874187175,"Chaotic Interactive"
"30","Chaotic Visual","PreTest",1.5482,0.543,0.3528,4.12164056515363,1.67560519036933,"Chaotic Interactive"
"30","Chaotic Visual","PostTest",1.42533333333333,0.493333333333333,0.346666666666667,4.47617707917279,2.68526933769122,"Chaotic Interactive"
"30","Chaotic Visual","Retention",1.5332,0.5156,0.337,5.15031679658144,1.20142093639087,"Chaotic Interactive"
"30","Periodic Fadeout (SCT)","PreTest",0.1006,0.385,3.818,-1.77567535420004,-0.403183013795103,"Chaotic Interactive"
"30","Periodic Fadeout (SCT)","PostTest",0.246333333333333,0.74,3.15766666666667,0.183817647809551,-0.885449091567669,"Chaotic Interactive"
"30","Periodic Fadeout (SCT)","Retention",0.153,0.4976,3.264,-1.03034282354999,-0.158494807692795,"Chaotic Interactive"
"30","Periodic Fixed","PreTest",0.0976,0.1624,1.8054,-0.536619415526293,0.849018647365619,"Chaotic Interactive"
"30","Periodic Fixed","PostTest",0.305333333333333,0.541333333333333,1.81133333333333,-0.946676181364688,0.394304741172864,"Chaotic Interactive"
"30","Periodic Fixed","Retention",0.0834,0.2348,2.8334,-0.985170247988447,-0.12063240225599,"Chaotic Interactive"
