"pp","task_label","Training","score_PreTest","score_PostTest","score_Retention","c_PreTest","c_PostTest","c_Retention","pitch_error_PreTest","pitch_error_PostTest","pitch_error_Retention","max_lyap_stim_short_PreTest","max_lyap_stim_short_PostTest","max_lyap_stim_short_Retention","max_lyap_stim_long_PreTest","max_lyap_stim_long_PostTest","max_lyap_stim_long_Retention","max_lyap_user_short_PreTest","max_lyap_user_short_PostTest","max_lyap_user_short_Retention","max_lyap_user_long_PreTest","max_lyap_user_long_PostTest","max_lyap_user_long_Retention"
"1","Chaotic","Chaotic Interactive",0.4352,0.664666666666667,0.4712,0.5144,0.637,0.5632,1.1908,0.960666666666667,1.1986,1.87285126180269,1.88782847607805,1.86161835109618,0.428407048614952,0.43765577799367,0.421470501580913,0.373034632661431,0.515069872332556,0.556494147958842,0.0183114722546615,0.0901767827851638,0.0717196497762011
"1","Chaotic Visual","Chaotic Interactive",1.6446,1.40933333333333,1.476,0.5976,0.591666666666667,0.6378,0.3668,0.427333333333333,0.433,1.68358363513838,1.66802686717731,1.64858090722596,0.349633061041654,0.34573267017766,0.340857181597667,0.618930206452796,0.656326198995135,0.614802599595999,0.0527581807911685,0.0560465680969381,0.0688708000946347
"1","Periodic Fadeout (SCT)","Chaotic Interactive",0.6042,0.598333333333333,0.6454,0.9592,0.952333333333333,0.9478,1.5912,1.60766666666667,1.518,0.347346239453047,0.375002851566661,0.401163399378471,0.0739170861954226,0.0363104949961901,0.0581154028724874,0.39689082911476,0.558809491798494,0.387562101791191,0.137688608500777,0.185486128657185,0.130449914273682
"1","Periodic Fixed","Chaotic Interactive",0.5436,0.536,0.6374,0.852,0.906,0.9474,1.7218,1.71966666666667,1.5562,0.199587678727157,0.219308759375609,0.220083385306104,0.0471890085688784,0.0383025294482025,0.0424719268367433,0.393185849018312,0.385508308116685,0.337371141555252,0.123042326076285,0.124654007141916,0.108995399947868
"4","Chaotic","Chaotic Interactive",0.3134,0.431,0.2914,0.511,0.564,0.5128,1.6362,1.31266666666667,1.7652,1.86161835109618,1.85038544038966,1.83793424069761,0.421470501580913,0.414533954546875,0.405849227318422,0.511195361049615,0.504847184853118,0.484634879173433,0.0435907280877936,0.0597994885364128,0.0314138329384473
"4","Chaotic Visual","Chaotic Interactive",1.7835,1.737,1.6114,0.6035,0.578666666666667,0.5724,0.33925,0.332666666666667,0.3558,1.64858090722596,1.66802686717731,1.67191605916758,0.340857181597667,0.34573267017766,0.346707767893658,0.424211038385999,0.587807286621093,0.499550818942234,0.0269976601975102,0.0504745658127958,0.0572843766287014
"4","Periodic Fadeout (SCT)","Chaotic Interactive",0.3978,0.560333333333333,0.708,0.937,0.939333333333333,0.946,2.3724,1.735,1.3692,0.356210701513809,0.36208278141644,0.376843207189489,0.0608552145149731,0.072673316004897,0.0744710991058989,0.3435474047884,0.427106005204504,0.393979969380279,0.0943297821147531,0.123622882118578,0.0867909286651692
"4","Periodic Fixed","Chaotic Interactive",0.5578,0.490666666666667,0.634,0.9396,0.924333333333333,0.9478,1.7394,1.88633333333333,1.5456,0.223017389106455,0.171486439508904,0.204999588011934,0.0419486904324716,0.0334868342655756,0.0317535316258435,0.199509090410107,0.248500709458708,0.283452380673821,0.0701535097141833,0.0818959156199455,0.0825607160356708
"5","Chaotic","Chaotic Non-interactive",0.2594,0.269666666666667,0.3354,0.4396,0.457,0.477,1.7,1.72233333333333,1.4264,1.88408417250921,1.86910695823385,1.83793424069761,0.43534359564899,0.426094866270272,0.405849227318422,0.322053408278573,0.436144953763244,0.404345731534166,0.0177412988108216,0.0345518197726284,0.0254330784143972
"5","Chaotic Visual","Chaotic Non-interactive",1.523,1.57833333333333,1.566,0.6276,0.578,0.5664,0.4138,0.368333333333333,0.3634,1.66024848319677,1.64858090722596,1.66024848319677,0.343782474745663,0.340857181597667,0.343782474745663,0.476579918756309,0.438790124301848,0.397727392709921,0.0162972476393569,0.0284293237961994,0.0293195858850826
"5","Periodic Fadeout (SCT)","Chaotic Non-interactive",0.3818,0.301,0.5468,0.858,0.898333333333333,0.9252,2.2688,2.988,1.7028,0.332393575874653,0.382115147510976,0.369272792444257,0.0682187934535605,0.0702324737436389,0.0657267853312052,0.462230363818791,0.524357193020675,0.445184154027475,0.129575331535998,0.205318133483075,0.104627914317409
"5","Periodic Fixed","Chaotic Non-interactive",0.372,0.517666666666667,0.429,0.7986,0.864333333333333,0.7364,2.1488,1.739,1.7344,0.190565905929343,0.180244132738919,0.186689777038413,0.0346420522826315,0.0422425283026458,0.029756844193073,0.37377188917243,0.3378180765474,0.498169119403631,0.120841287108477,0.120834593934557,0.156087219851627
"6","Chaotic","Chaotic Interactive",0.2224,0.369333333333333,0.3416,0.4598,0.482,0.4896,2.0966,1.30533333333333,1.461,1.89531708321572,1.85038544038966,1.87285126180269,0.442280142683029,0.414533954546875,0.428407048614952,0.544901431236337,0.501838401884968,0.503904899173817,0.0458624406480854,0.0484760729962638,0.0389450498536681
"6","Chaotic Visual","Chaotic Interactive",1.3314,1.22033333333333,1.6682,0.5842,0.536333333333333,0.668,0.4418,0.440666666666667,0.4002,1.67191605916758,1.64858090722596,1.68358363513838,0.346707767893658,0.340857181597667,0.349633061041654,0.559847174746268,0.683541581660299,0.522331762593212,0.00387506578862371,0.0384680163897946,0.0325340333906219
"6","Periodic Fadeout (SCT)","Chaotic Interactive",0.3016,0.275333333333333,0.3978,0.7466,0.764666666666667,0.8712,2.6772,2.788,2.2214,0.369721729413014,0.409676881324303,0.386440402194077,0.0714757962866165,0.0766954966312096,0.042608965939916,0.610635709710323,0.634221580252689,0.520538356982925,0.128098336763372,0.0961873385919021,0.148237122349091
"6","Periodic Fixed","Chaotic Interactive",0.4058,0.611333333333333,0.351,0.8674,0.793,0.813,2.19,1.45733333333333,2.3432,0.227596990752696,0.218127401295103,0.228078675479746,0.0470027401041932,0.0348507494336613,0.0322640203859757,0.438507114305486,0.486443292897492,0.445690617049778,0.1486171101348,0.084050642148273,0.135566210147171
"7","Chaotic","Chaotic Non-interactive",0.2652,0.257,0.2428,0.4824,0.523,0.5096,1.8252,2.03666666666667,2.1204,1.87285126180269,1.86910695823385,1.87285126180269,0.428407048614952,0.426094866270272,0.428407048614952,0.334788926764097,0.437726022294632,0.401673220320967,0.0530365136391089,0.0622997361089982,0.0841340314265703
"7","Chaotic Visual","Chaotic Non-interactive",1.4642,1.68433333333333,1.7068,0.5796,0.659666666666667,0.674,0.396,0.391666666666667,0.395,1.67191605916758,1.70691878708,1.67191605916758,0.346707767893658,0.355483647337645,0.346707767893658,0.448184405828587,0.530744984097268,0.456444687808601,0.0374663678120889,0.0436014854926822,0.0134602655398897
"7","Periodic Fadeout (SCT)","Chaotic Non-interactive",0.3028,0.400666666666667,0.3996,0.8942,0.927666666666667,0.9292,3.0258,2.42333333333333,2.341,0.414213656547216,0.363860346516346,0.354110511186465,0.0765979939237907,0.0655168684005184,0.0573924561948744,0.446436420441022,0.460587941251322,0.494265077222026,0.140680728812842,0.161010552716791,0.17409877025715
"7","Periodic Fixed","Chaotic Non-interactive",0.326,0.257666666666667,0.2096,0.854,0.773333333333333,0.7234,2.6574,3.00966666666667,3.4972,0.22426225365397,0.215972678366408,0.226528570299758,0.0455907410680619,0.0307113736301906,0.0439242422936686,0.335522934495247,0.374933051121817,0.381562987275921,0.124188825956021,0.135917031527345,0.161128937638103
"8","Chaotic","Chaotic Non-interactive",0.4138,0.413333333333333,0.3638,0.592,0.558666666666667,0.5522,1.4398,1.415,1.5272,1.88408417250921,1.88782847607805,1.86161835109618,0.43534359564899,0.43765577799367,0.421470501580913,0.473378613014979,0.54748454476463,0.478672179032924,0.0403579688835163,0.0528733266327358,0.0334704102577173
"8","Chaotic Visual","Chaotic Non-interactive",1.7446,1.81266666666667,1.7414,0.6624,0.696666666666667,0.643,0.3792,0.385,0.37,1.68358363513838,1.66802686717731,1.67191605916758,0.349633061041654,0.34573267017766,0.346707767893658,0.414616100295712,0.421234681076021,0.427892919632466,0.0202038373260373,0.0153263024315957,0.022510826715212
"8","Periodic Fadeout (SCT)","Chaotic Non-interactive",0.3832,0.381,0.594,0.8922,0.909333333333333,0.9468,2.3914,2.39066666666667,1.6484,0.366766790870535,0.308948359208294,0.355242262426633,0.0878277432283112,0.046043791538133,0.0708734553780079,0.440481987879849,0.588946830955278,0.365974875090571,0.133753502534718,0.130447324079613,0.144899455331516
"8","Periodic Fixed","Chaotic Non-interactive",0.4124,0.467666666666667,0.3372,0.8832,0.875333333333333,0.8914,2.221,1.93766666666667,2.6846,0.213762587962788,0.17600693382169,0.250953043521824,0.041982393925341,0.0375430841841991,0.0409677668375674,0.363906808752075,0.381415387972465,0.30744239114885,0.147537615934701,0.130452838727159,0.139836833689172
"9","Chaotic","Chaotic Non-interactive",0.3752,0.509,0.571,0.4682,0.572,0.6964,1.2644,1.12833333333333,1.2228,1.86161835109618,1.86910695823385,1.86161835109618,0.421470501580913,0.426094866270272,0.421470501580913,0.546368025944008,0.428765762185533,0.48761569076917,0.0256074707077755,0.0102051951204428,0.0331564195309872
"9","Chaotic Visual","Chaotic Non-interactive",1.879,1.951,1.8606,0.7392,0.763666666666667,0.7874,0.3944,0.391333333333333,0.4236,1.64858090722596,1.68747282712865,1.68315760953601,0.340857181597667,0.350608158757652,0.350844715613936,0.619468448441285,0.592522632835831,0.607625938458064,0.0445875862394462,0.042926148540218,0.0306194989000741
"9","Periodic Fadeout (SCT)","Chaotic Non-interactive",0.3544,0.411666666666667,0.3644,0.9034,0.903666666666667,0.8962,2.554,2.19666666666667,2.4796,0.289431073167785,0.26216294932626,0.349461910554201,0.0571572294383021,0.065085318261866,0.0772938137129661,0.675126182898268,0.594918036222653,0.524147846240043,0.225685258103665,0.164436014941165,0.15516466049954
"9","Periodic Fixed","Chaotic Non-interactive",0.3522,0.307666666666667,0.4098,0.7552,0.702666666666667,0.8936,2.3358,2.35133333333333,2.4626,0.166061543850404,0.211950013178387,0.204253604062661,0.029252791020981,0.0133095652784614,0.043993048313968,0.486526493348187,0.420794166808136,0.409551546701482,0.144824335271142,0.145442822488013,0.121890457716971
"10","Chaotic","Chaotic Interactive",0.4038,0.519333333333333,0.4254,0.5066,0.569,0.5404,1.2598,1.126,1.2814,1.85038544038966,1.82963344090291,1.86161835109618,0.414533954546875,0.40005940916612,0.421470501580913,0.435854276828918,0.510272065581111,0.526238746918518,0.0322702646517439,0.0614104675453355,0.0439575091359199
"10","Chaotic Visual","Chaotic Interactive",1.6238,1.912,1.8846,0.5666,0.609666666666667,0.6098,0.352,0.320666666666667,0.3242,1.66024848319677,1.68747282712865,1.68358363513838,0.343782474745663,0.350608158757652,0.349633061041654,0.696238709778747,0.875768657013431,0.694267837315387,0.0517072124102324,0.0327038092356401,0.0489422249122822
"10","Periodic Fadeout (SCT)","Chaotic Interactive",0.5274,0.835666666666667,0.8275,0.9486,0.968333333333333,0.965,1.9218,1.16066666666667,1.1775,0.387244902927074,0.33893819122995,0.372648065170319,0.0505787532136251,0.0649772793906976,0.0711365888427319,0.494729593831693,0.542900933182571,0.438085883015179,0.116188000071527,0.130085657935413,0.117011476561294
"10","Periodic Fixed","Chaotic Interactive",0.6492,0.508666666666667,0.7776,0.9518,0.875,0.9634,1.5158,1.74,1.5364,0.18105138562913,0.158761002342143,0.201297155220889,0.0401843277318001,0.0150827517031477,0.0470793896231099,0.328268339128799,0.382460636948385,0.366685990524398,0.102068304662386,0.112710811500395,0.0919810125766574
"11","Chaotic","Periodic Fixed",0.1676,0.120666666666667,0.177,0.2926,0.247,0.2594,1.7952,2.07033333333333,1.4648,1.88408417250921,1.88782847607805,1.86161835109618,0.43534359564899,0.43765577799367,0.421470501580913,0.475661427570248,0.451388392314542,0.499316585434521,0.0171839068508299,0.0251476090506442,0.0170489035416639
"11","Chaotic Visual","Periodic Fixed",1.0432,1.24566666666667,1.3334,0.4626,0.592333333333333,0.6328,0.444,0.475,0.4774,1.67191605916758,1.64858090722596,1.66024848319677,0.346707767893658,0.340857181597667,0.343782474745663,0.498861732971084,0.554494070164007,0.580278201114181,0.0247568430155914,0.0274853359929797,0.0228550709703207
"11","Periodic Fadeout (SCT)","Periodic Fixed",0.2072,0.336666666666667,0.4708,0.6302,0.815666666666667,0.8876,3.225,2.44533333333333,1.8928,0.383470540715104,0.369828537840881,0.378869620375898,0.0637174609219569,0.0689811388877594,0.0680428988454292,0.471200790080899,0.438311559546773,0.454947806322283,0.109931182853938,0.0999080096826322,0.103220538281732
"11","Periodic Fixed","Periodic Fixed",0.2426,0.43,0.4518,0.5598,0.791333333333333,0.8428,2.3552,1.89366666666667,1.8846,0.225318890823341,0.211428910076455,0.204410316606827,0.0406154172434533,0.0246216379476903,0.0416710774055057,0.340114349683026,0.36836093608312,0.343556362833524,0.0946588272859649,0.108291878332726,0.0923720358737094
"12","Chaotic","Chaotic Non-interactive",0.3586,0.393,0.4284,0.5344,0.508,0.5128,1.534,1.31466666666667,1.199,1.85038544038966,1.86910695823385,1.88408417250921,0.414533954546875,0.426094866270272,0.43534359564899,0.435688461898566,0.392666343018121,0.334246619484708,0.0845323678800261,0.0395346261326149,0.0239072677647394
"12","Chaotic Visual","Chaotic Non-interactive",1.57,1.433,1.3556,0.6464,0.604,0.5342,0.4122,0.423,0.3946,1.67191605916758,1.66802686717731,1.68358363513838,0.346707767893658,0.34573267017766,0.349633061041654,0.502901001550923,0.453086197528404,0.436027373892581,0.0372161694813555,0.073679117959789,0.0230644110316065
"12","Periodic Fadeout (SCT)","Chaotic Non-interactive",0.3372,0.450666666666667,0.3344,0.8524,0.912333333333333,0.8396,2.5426,2.062,2.526,0.364671657037077,0.36756940897715,0.307466594531594,0.0505912615134249,0.0662328702804736,0.0698294638585409,0.481827513903114,0.445983471286001,0.401474980932406,0.129874463188767,0.154847981389636,0.131382308374608
"12","Periodic Fixed","Chaotic Non-interactive",0.1214,0.262666666666667,0.3712,0.3596,0.862666666666667,0.787,3.0412,3.32066666666667,2.1292,0.235729159516852,0.238644108625392,0.193831663358892,0.0392579385323907,0.053094645419885,0.0317879901499965,0.347299847138218,0.311262159969247,0.257821418413069,0.136693528057772,0.121750399164488,0.126570692702371
"13","Chaotic","Periodic Fixed",0.1954,0.171,0.229,0.4012,0.360666666666667,0.3448,2.115,2.09433333333333,1.5306,1.88408417250921,1.86910695823385,1.87285126180269,0.43534359564899,0.426094866270272,0.428407048614952,0.492590058460369,0.508851511511146,0.513304425651013,0.0302382963432379,0.020968412603558,0.00949758126662926
"13","Chaotic Visual","Periodic Fixed",1.3186,1.40433333333333,1.4768,0.5052,0.490333333333333,0.5454,0.3832,0.349,0.371,1.67191605916758,1.66802686717731,1.68358363513838,0.346707767893658,0.34573267017766,0.349633061041654,0.426321632121988,0.569794080053921,0.593295558786013,0.019952183099005,0.0487783741641082,0.0526206047543194
"13","Periodic Fadeout (SCT)","Periodic Fixed",0.2808,0.446333333333333,0.4486,0.9016,0.927,0.9068,3.2616,2.08033333333333,2.0882,0.353864811866773,0.385230286703363,0.377386149648287,0.059445638470063,0.0527739661255903,0.061680473641592,0.602778439998654,0.611415185155148,0.564260482254707,0.172938702313338,0.183740598091908,0.157126903950042
"13","Periodic Fixed","Periodic Fixed",0.25,0.438666666666667,0.4252,0.7212,0.879666666666667,0.8856,2.9144,2.048,2.0898,0.221633884755013,0.183867571162971,0.225472947072751,0.0369672497565723,0.0308525199859979,0.0404771794627858,0.486462113670244,0.449251645767671,0.471753400173715,0.141120192168523,0.136048505743107,0.12008561253214
"14","Chaotic","Chaotic Interactive",0.311,0.436666666666667,0.3426,0.4986,0.566333333333333,0.5018,1.616,1.316,1.482,1.86161835109618,1.86910695823385,1.85038544038966,0.421470501580913,0.426094866270272,0.414533954546875,0.435754319319024,0.448108412174836,0.382699205426803,0.0879845458261169,0.081726182241529,0.0673100909725963
"14","Chaotic Visual","Chaotic Interactive",1.352,1.62833333333333,1.4702,0.5438,0.608,0.5782,0.4018,0.373333333333333,0.3936,1.66024848319677,1.64858090722596,1.69525121110919,0.343782474745663,0.340857181597667,0.352558354189649,0.494536937298327,0.593484941262307,0.582643931080523,0.04689075298961,0.0422234552559471,0.0589366788525544
"14","Periodic Fadeout (SCT)","Chaotic Interactive",0.1012,0.270333333333333,0.3922,0.6092,0.846,0.8636,5.9408,3.195,2.2224,0.399013726368287,0.350596000755891,0.342634164589719,0.0589102592846759,0.0636922735512892,0.0755702416365436,0.435537516502374,0.383111490590027,0.392604376216813,0.140797113873495,0.134124196010883,0.10141963617093
"14","Periodic Fixed","Chaotic Interactive",0.2716,0.452666666666667,0.2442,0.6084,0.741,0.5988,2.323,1.65766666666667,2.4572,0.192300735707156,0.195175025682412,0.202109178452023,0.0360639097269958,0.0215586033403597,0.0472205373539406,0.303163173602438,0.35850831398962,0.338433200198782,0.125210889953452,0.137106125915188,0.145829397757238
"15","Chaotic","Periodic Fixed",0.3226,0.354666666666667,0.3668,0.4086,0.411333333333333,0.4438,1.2726,1.16033333333333,1.2162,1.89531708321572,1.88782847607805,1.83793424069761,0.442280142683029,0.43765577799367,0.405849227318422,0.326698439098797,0.338347946825505,0.31244824172413,0.0177285943110618,0.0205546359390717,0.0140069757908142
"15","Chaotic Visual","Periodic Fixed",1.4464,1.53366666666667,1.5958,0.5604,0.589333333333333,0.6044,0.3894,0.384,0.3796,1.67191605916758,1.64858090722596,1.6598224575944,0.346707767893658,0.340857181597667,0.344994129317944,0.491694544651007,0.553101799470477,0.474463146582818,0.0374031422419215,0.0392675074973457,0.0246923246230798
"15","Periodic Fadeout (SCT)","Periodic Fixed",0.226,0.428333333333333,0.4674,0.6846,0.883,0.9226,3.2056,2.08,1.977,0.393673354871692,0.350331024776753,0.353132648485025,0.0708630430995273,0.0749219409525001,0.057665040250975,0.585403212245751,0.557159128190238,0.518909385795511,0.133352842594012,0.152284052588433,0.156847385751565
"15","Periodic Fixed","Periodic Fixed",0.3828,0.464666666666667,0.5132,0.6558,0.657666666666667,0.7236,1.7636,1.582,1.449,0.194549397870111,0.203535404402807,0.18359887268599,0.0429937482957757,0.0461234251290341,0.0355048300731647,0.448345992861585,0.416660691973447,0.468896952945791,0.122423985905516,0.156943562999023,0.136549504810775
"17","Chaotic","Chaotic Interactive",0.2892,0.412666666666667,0.3412,0.4368,0.479666666666667,0.408,1.538,1.16466666666667,1.197,1.87285126180269,1.86910695823385,1.83793424069761,0.428407048614952,0.426094866270272,0.405849227318422,0.530562572298409,0.399242961555748,0.360696564464095,0.0506204554025111,0.0420261700138559,0.0331786089099148
"17","Chaotic Visual","Chaotic Interactive",1.543,1.32933333333333,1.4548,0.604,0.478333333333333,0.517,0.3898,0.369333333333333,0.3574,1.68358363513838,1.66802686717731,1.64815488162359,0.349633061041654,0.34573267017766,0.342068836169949,0.497749044444722,0.662577089845394,0.573600463008766,0.0577897740212294,0.0285839437170913,0.0267339380183254
"17","Periodic Fadeout (SCT)","Chaotic Interactive",0.1706,0.207666666666667,0.1656,0.6038,0.609,0.5198,3.5866,2.98366666666667,3.155,0.300116635463541,0.352229281165365,0.305111421897112,0.0471013298771563,0.0393718842757908,0.0678761951641248,0.810369073592733,0.422722907624691,0.477776718061474,0.129103886196613,0.0996374534086837,0.101972118161642
"17","Periodic Fixed","Chaotic Interactive",0.3876,0.379666666666667,0.5048,0.7264,0.680666666666667,0.722,1.8884,1.90966666666667,1.4332,0.191528644655755,0.199955793985414,0.181437437833847,0.0411786588807529,0.0413779965980445,0.025998409743969,0.420875853087481,0.384574664744223,0.321081987378797,0.123124123968105,0.101043943975565,0.0855232614565617
"18","Chaotic","Periodic Fixed",0.2788,0.333666666666667,0.1992,0.4444,0.414,0.348,1.6442,1.239,1.7518,1.83793424069761,1.90654999392224,1.86161835109618,0.405849227318422,0.449216689717067,0.421470501580913,0.264146295722006,0.284423423882959,0.269521122870554,0.0163880729147009,0.0177326865712539,0.015699716088031
"18","Chaotic Visual","Periodic Fixed",1.3606,1.316,1.608,0.5488,0.501666666666667,0.6182,0.4046,0.381333333333333,0.3848,1.68358363513838,1.64858090722596,1.67191605916758,0.349633061041654,0.340857181597667,0.346707767893658,0.461589115599274,0.388289492761927,0.402074278631534,0.0446582463420438,0.0362149029044095,0.0289706654697518
"18","Periodic Fadeout (SCT)","Periodic Fixed",0.2516,0.429,0.4286,0.7908,0.887333333333333,0.8796,3.1938,2.06866666666667,2.058,0.359010554665973,0.39887513326076,0.38612591260688,0.0673596767465343,0.0772615677474708,0.0652753731888248,0.357257488016424,0.4710024059429,0.294906592120444,0.0820388381185469,0.0789062549059344,0.0984568204912619
"18","Periodic Fixed","Periodic Fixed",0.4066,0.358,0.2638,0.8176,0.838,0.5662,2.0126,2.369,2.1554,0.211609512304091,0.202813246223775,0.247031253681637,0.043000792531725,0.0393291183935368,0.0369379051066598,0.249010835989853,0.341825490615109,0.346613538258647,0.0987538984657188,0.125835497855956,0.128399284592909
"19","Chaotic","Chaotic Non-interactive",0.1616,0.195,0.2296,0.4032,0.415666666666667,0.405,2.5256,2.20433333333333,1.8198,1.87285126180269,1.82963344090291,1.87285126180269,0.428407048614952,0.40005940916612,0.428407048614952,0.430120141817002,0.349985380319978,0.403992277041901,0.035964303869966,0.0265407848061656,0.0210104989550854
"19","Chaotic Visual","Chaotic Non-interactive",1.6726,1.90866666666667,1.7752,0.6164,0.669666666666667,0.6258,0.3704,0.351,0.353,1.64858090722596,1.64858090722596,1.66024848319677,0.340857181597667,0.340857181597667,0.343782474745663,0.420090923457756,0.438710611249013,0.495848299971338,0.03773872007098,0.0267084933104031,0.0345311427266856
"19","Periodic Fadeout (SCT)","Chaotic Non-interactive",0.2738,0.382,0.2898,0.9344,0.896,0.9066,3.4998,2.39066666666667,3.1666,0.447430349659632,0.408012966556845,0.37381428923025,0.0735803849296702,0.0627845254696258,0.0766543883343126,0.402078513501462,0.418605425437009,0.480767247615774,0.138285615013821,0.117710737088012,0.136547858488168
"19","Periodic Fixed","Chaotic Non-interactive",0.4685,0.409,0.2798,0.7765,0.827333333333333,0.9056,1.66925,2.06033333333333,3.2714,0.194534455110213,0.216017539598457,0.235669530502975,0.0273041557568895,0.0318716880901735,0.0326541213175086,0.252021923530043,0.248748870711663,0.236532632607088,0.11355672919514,0.0949268733956746,0.081853056601241
"20","Chaotic","Chaotic Non-interactive",0.2168,0.246666666666667,0.34,0.3652,0.366333333333333,0.4222,1.7032,1.50266666666667,1.2476,1.86161835109618,1.85038544038966,1.88408417250921,0.421470501580913,0.414533954546875,0.43534359564899,0.350763624177259,0.44461801628557,0.349262984267216,0.0146450348584251,0.0160960596202988,0.0287938983889439
"20","Chaotic Visual","Chaotic Non-interactive",1.6468,1.44533333333333,1.725,0.5834,0.516333333333333,0.5972,0.3554,0.357,0.3474,1.67191605916758,1.64858090722596,1.66024848319677,0.346707767893658,0.340857181597667,0.343782474745663,0.487969656699129,0.446164677949535,0.412678493520847,0.0230468161835548,0.0219427760357617,0.0274178530081082
"20","Periodic Fadeout (SCT)","Chaotic Non-interactive",0.358,0.365333333333333,0.4014,0.8514,0.903666666666667,0.9078,2.5688,2.517,2.287,0.411170704867467,0.423226271297026,0.369250573449886,0.0632043684346261,0.0638097155937616,0.0650998505147638,0.400983643301435,0.450765590384769,0.326309889591941,0.150901740037131,0.170540825305795,0.150274575152024
"20","Periodic Fixed","Chaotic Non-interactive",0.3566,0.358,0.3392,0.8202,0.794666666666667,0.6492,2.3198,2.25566666666667,1.915,0.228305540979514,0.21724826510466,0.207411615855463,0.0401524661044976,0.033708724331989,0.034107806280727,0.268798805765197,0.292527480814662,0.344851064095276,0.114557133619675,0.115426903776841,0.130068599475828
"21","Chaotic","Periodic Fixed",0.2696,0.419,0.4034,0.4914,0.538,0.5724,1.8272,1.286,1.4718,1.86161835109618,1.86910695823385,1.86161835109618,0.421470501580913,0.426094866270272,0.421470501580913,0.404935012102095,0.477104523791491,0.478062803560552,0.0463935507884454,0.0775512201426275,0.043406886386657
"21","Chaotic Visual","Periodic Fixed",1.366,1.349,1.6384,0.6004,0.615333333333333,0.6052,0.4412,0.462,0.3706,1.67149003356521,1.66802686717731,1.64858090722596,0.34791942246594,0.34573267017766,0.340857181597667,0.515880158492935,0.597584807766147,0.587223765041771,0.0406517191388699,0.042703838689082,0.0625411476049369
"21","Periodic Fadeout (SCT)","Periodic Fixed",0.1802,0.190666666666667,0.3264,0.6748,0.719333333333333,0.8028,3.8516,3.82466666666667,2.563,0.371314686364318,0.343215573865168,0.381340270608765,0.0746344323726239,0.0527707927948976,0.0737210730562247,0.618175403801899,0.457700014972573,0.464295995950338,0.138362423100789,0.134413997339364,0.131781678342894
"21","Periodic Fixed","Periodic Fixed",0.2568,0.420333333333333,0.4638,0.5538,0.759333333333333,0.779,2.2116,1.833,1.7318,0.194610851433574,0.177669684940697,0.165323476415226,0.0333412169803108,0.0357823070903513,0.028624217304515,0.397274633033422,0.347644235416802,0.360371710909803,0.104079784636868,0.103768762109373,0.120462994360817
"22","Chaotic","Periodic Fixed",0.124,0.326333333333333,0.3024,0.362,0.483666666666667,0.4822,3.039,1.50133333333333,1.627,1.87285126180269,1.85038544038966,1.85038544038966,0.428407048614952,0.414533954546875,0.414533954546875,0.405924696993669,0.511477036252406,0.511655927410482,0.0231780136923345,0.0891507261723053,0.0459413232879271
"22","Chaotic Visual","Periodic Fixed",1.29,1.16933333333333,1.2288,0.567,0.465333333333333,0.5088,0.441,0.400666666666667,0.4166,1.67191605916758,1.66802686717731,1.67191605916758,0.346707767893658,0.34573267017766,0.346707767893658,0.567293543669749,0.492441438022728,0.620334968543815,0.0387048186623759,0.0606978631522664,0.0644389350341534
"22","Periodic Fadeout (SCT)","Periodic Fixed",0.2216,0.326333333333333,0.422,0.7286,0.860333333333333,0.8802,3.373,2.63766666666667,2.1592,0.360454836140899,0.336191765481884,0.357878016770425,0.0846801516369909,0.0625862508480296,0.0575746872349862,0.723634433285649,0.486949181469636,0.524789817909338,0.167807510044259,0.179051278384958,0.137056968470349
"22","Periodic Fixed","Periodic Fixed",0.2548,0.452333333333333,0.283,0.7606,0.829333333333333,0.8116,3.0524,1.84166666666667,2.9246,0.23026069161232,0.236446943567754,0.236195702874028,0.0423698889260311,0.0159992580539318,0.0393577061508309,0.455094902644862,0.473570492132893,0.430495967031065,0.170923041352316,0.185074778621404,0.153999934729245
"23","Chaotic","Chaotic Non-interactive",0.3504,0.418666666666667,0.3544,0.5034,0.521666666666667,0.5166,1.4364,1.251,1.4558,1.86161835109618,1.82963344090291,1.85038544038966,0.421470501580913,0.40005940916612,0.414533954546875,0.376400226659754,0.555161026028404,0.449446500826196,0.0261283484299928,0.0487314306717493,0.0257767715858763
"23","Chaotic Visual","Chaotic Non-interactive",1.3796,1.253,1.5186,0.6186,0.520666666666667,0.5732,0.4498,0.417666666666667,0.3866,1.66024848319677,1.64858090722596,1.6598224575944,0.343782474745663,0.340857181597667,0.344994129317944,0.476238421128903,0.487301164469445,0.505896221513787,0.0397509433076069,0.0519256119450332,0.0460157854635858
"23","Periodic Fadeout (SCT)","Chaotic Non-interactive",0.5446,0.484666666666667,0.6486,0.9362,0.927333333333333,0.9378,1.7618,2.077,1.4694,0.390461493280116,0.357344767095206,0.394156858317172,0.0766916293449548,0.0773393762734568,0.065722058674422,0.411874710822886,0.50093692295628,0.479457651324509,0.134880068509312,0.15249966368452,0.123989799381875
"23","Periodic Fixed","Chaotic Non-interactive",0.5514,0.636333333333333,0.4444,0.8448,0.927666666666667,0.9218,1.5338,1.51133333333333,2.0986,0.172368779413053,0.206382236854832,0.194522487854345,0.0285274324085539,0.0250236392903281,0.0344938733748539,0.262617732224497,0.424164918803328,0.310747954554063,0.108019166486331,0.105705240680107,0.110340432750841
"24","Chaotic","Periodic Fixed",0.3564,0.346666666666667,0.345,0.4496,0.502,0.5376,1.321,1.466,1.5818,1.85038544038966,1.85038544038966,1.8589808285852,0.414533954546875,0.414533954546875,0.418329858901523,0.385145342697793,0.3908814333835,0.525105185251433,0.0135926578859174,0.0209277612185282,0.0287581462317387
"24","Chaotic Visual","Periodic Fixed",1.6964,1.63266666666667,1.7822,0.6448,0.644333333333333,0.7242,0.38,0.395666666666667,0.4058,1.68358363513838,1.66802686717731,1.69525121110919,0.349633061041654,0.34573267017766,0.352558354189649,0.476975135121317,0.489564424986508,0.533388183744873,0.0314600712182115,0.0456254232644249,0.0522752011257564
"24","Periodic Fadeout (SCT)","Periodic Fixed",0.5392,0.724,0.5796,0.9286,0.963666666666667,0.9574,1.874,1.35866666666667,1.6932,0.355119959977296,0.370627509480016,0.401196690846508,0.0629002127975658,0.0489513474911335,0.0735337006539707,0.484825881518601,0.42269726896931,0.418187583661401,0.13587797079876,0.164350711112891,0.134854511451626
"24","Periodic Fixed","Periodic Fixed",0.5272,0.471333333333333,0.4258,0.8782,0.906,0.7822,1.7326,1.92866666666667,1.8348,0.198238431542496,0.199456771505952,0.186253536047811,0.0379414769422251,0.0428920890907596,0.0380435807250418,0.32131975885456,0.318079701853302,0.354580930182513,0.12913987439969,0.114934593342765,0.115642685182022
"25","Chaotic","Chaotic Interactive",0.2888,0.468,0.3834,0.4414,0.499333333333333,0.4862,1.5684,1.06666666666667,1.2754,1.86161835109618,1.85038544038966,1.87285126180269,0.421470501580913,0.414533954546875,0.428407048614952,0.386847768268863,0.388526358104046,0.461910524274174,0.033098857594584,0.0413652195513268,0.0544076374460694
"25","Chaotic Visual","Chaotic Interactive",1.8062,1.68266666666667,2.0334,0.6564,0.609333333333333,0.7134,0.3636,0.362333333333333,0.351,1.64858090722596,1.68747282712865,1.64858090722596,0.340857181597667,0.350608158757652,0.340857181597667,0.546351524949338,0.501788315700599,0.543286881000895,0.0445457900957726,0.045470567216943,0.0377276198854286
"25","Periodic Fadeout (SCT)","Chaotic Interactive",0.227,0.318,0.3558,0.7602,0.852,0.8634,3.4734,2.68666666666667,2.486,0.296138050732207,0.299267476092381,0.338477459847537,0.0506946565853231,0.0649764839595936,0.0548558814616491,0.738527703600568,0.64448053941497,0.737380633106922,0.184045373145037,0.0894132861409765,0.138719406804332
"25","Periodic Fixed","Chaotic Interactive",0.3236,0.517666666666667,0.5194,0.7028,0.726666666666667,0.7766,2.2046,1.40833333333333,1.614,0.209843743357673,0.129646902557781,0.179242266897624,0.0311804974496533,0.0252643265739773,0.0391246166015749,0.472769092021916,0.384670681131968,0.438918925509143,0.135578362935445,0.110390897141816,0.144084617879279
"26","Chaotic","Chaotic Interactive",0.2116,0.227,0.476,0.44,0.402666666666667,0.5574,2.4554,2.13266666666667,1.185,1.83793424069761,1.88782847607805,1.86161835109618,0.405849227318422,0.43765577799367,0.421470501580913,0.398752583674683,0.398213533189327,0.397863430786825,0.0577338121294582,0.0914921119723196,0.0985534143893122
"26","Chaotic Visual","Chaotic Interactive",1.4746,1.46433333333333,1.5818,0.5624,0.547333333333333,0.6494,0.3802,0.373666666666667,0.4104,1.68358363513838,1.66802686717731,1.69525121110919,0.349633061041654,0.34573267017766,0.352558354189649,0.385768934637797,0.335819411424388,0.462894052181505,0.0415654704646799,0.0383287348787151,0.030719480500838
"26","Periodic Fadeout (SCT)","Chaotic Interactive",0.239,0.325333333333333,0.2658,0.8062,0.822,0.7498,3.5166,2.68033333333333,2.8612,0.344682344549775,0.368831465070982,0.329946421179704,0.0556944571237664,0.0543403514909921,0.0677692663981492,0.542223228736033,0.383858603646686,0.499894700054679,0.193149028997982,0.105489847689008,0.15869239520481
"26","Periodic Fixed","Chaotic Interactive",0.2018,0.348666666666667,0.5586,0.5742,0.646,0.8218,3.1282,2.099,1.5046,0.178657809163216,0.190829092810016,0.175141520173767,0.0260342437088849,0.0426882889532793,0.0351280173604061,0.379854493959761,0.289653577345724,0.376349570883042,0.110773430254642,0.10655701717216,0.152934755958019
"27","Chaotic","Periodic Fixed",0.13,0.136333333333333,0.121,0.3944,0.421666666666667,0.2778,3.041,3.18533333333333,2.317,1.86161835109618,1.90654999392224,1.87285126180269,0.421470501580913,0.449216689717067,0.428407048614952,0.517236818498318,0.484248991744323,0.419029503053549,0.034361960212744,0.0597151364437381,0.0223087597950443
"27","Chaotic Visual","Periodic Fixed",1.1516,1.04766666666667,1.0218,0.5012,0.478,0.4408,0.4404,0.457,0.4324,1.66024848319677,1.66802686717731,1.66024848319677,0.343782474745663,0.34573267017766,0.343782474745663,0.374764560439512,0.478360450955813,0.40185459143107,0.0232594110170191,0.00246857938363231,0.0177844261281806
"27","Periodic Fadeout (SCT)","Periodic Fixed",0.1536,0.141,0.1984,0.7506,0.857333333333333,0.8924,4.8984,6.38,4.5294,0.351464223464398,0.3836049979779,0.371234957639332,0.0706480680912848,0.075112148692505,0.0574962721086438,0.672415078081931,0.549668026633822,0.55002609345432,0.172887255559385,0.229308356867706,0.158069017877516
"27","Periodic Fixed","Periodic Fixed",0.0608,0.264333333333333,0.183,0.2008,0.75,0.5542,3.4178,2.91533333333333,3.1684,0.212314268197533,0.227912910607483,0.231126372435625,0.0405761660464114,0.0439310799190063,0.0322851893666636,0.462154312688465,0.352492507186384,0.370606551588187,0.0778884038534106,0.149046461519312,0.122989802123276
"28","Chaotic","Chaotic Interactive",0.322,0.408666666666667,0.363,0.4278,0.482333333333333,0.478,1.3406,1.18266666666667,1.333,1.88408417250921,1.80854653384964,1.86161835109618,0.43534359564899,0.386177726634429,0.421470501580913,0.416379107125904,0.563087438645823,0.505947495495414,0.0224808448212263,0.0685397808192631,0.04350335440312
"28","Chaotic Visual","Chaotic Interactive",1.621,1.493,1.8388,0.6352,0.579666666666667,0.7364,0.3912,0.388666666666667,0.4006,1.67191605916758,1.64858090722596,1.67191605916758,0.346707767893658,0.340857181597667,0.346707767893658,0.541139908863966,0.492066587332173,0.484500730066381,0.0353538781903258,0.0499244968046771,0.0335067088571249
"28","Periodic Fadeout (SCT)","Chaotic Interactive",0.4846,0.467,0.3802,0.9208,0.935333333333333,0.9104,1.923,2.00666666666667,2.406,0.281333008524824,0.255412601294952,0.27761056409914,0.0518510553518129,0.0401043186486086,0.0450116032611917,0.6693457518746,0.667499727070732,0.487289855338416,0.116487812197373,0.119814757215537,0.097300606084416
"28","Periodic Fixed","Chaotic Interactive",0.2608,0.273333333333333,0.4574,0.4424,0.475,0.7004,1.7012,1.733,1.5328,0.16783493418167,0.200703995803594,0.170922416580032,0.0304808317108779,0.0413685498996938,0.0277412118246043,0.615999781159495,0.54531403293177,0.572998678399517,0.15341213313428,0.135373837250008,0.169999211563448
"30","Chaotic","Chaotic Interactive",0.2746,0.501333333333333,0.3924,0.4008,0.52,0.4526,1.4968,1.037,1.1684,1.87285126180269,1.86910695823385,1.86161835109618,0.428407048614952,0.426094866270272,0.421470501580913,0.387986217853107,0.461871672353217,0.3554416133149,0.030636185622408,0.0908413802794146,0.0424773574394651
"30","Chaotic Visual","Chaotic Interactive",1.5482,1.42533333333333,1.5332,0.543,0.493333333333333,0.5156,0.3528,0.346666666666667,0.337,1.69525121110919,1.64858090722596,1.67191605916758,0.352558354189649,0.340857181597667,0.346707767893658,0.533819211935722,0.564578104983926,0.609928116287124,0.0403642122196041,0.0334202712917696,0.0469741744093864
"30","Periodic Fadeout (SCT)","Chaotic Interactive",0.1006,0.246333333333333,0.153,0.385,0.74,0.4976,3.818,3.15766666666667,3.264,0.336384071374755,0.358128729630527,0.359001581148523,0.0442191917790899,0.0678225289712692,0.069574366206951,0.596023633674183,0.633033757171816,0.573667298875014,0.108257560840005,0.158268475054853,0.104498447865376
"30","Periodic Fixed","Chaotic Interactive",0.0976,0.305333333333333,0.0834,0.1624,0.541333333333333,0.2348,1.8054,1.81133333333333,2.8334,0.209430266624418,0.190648376106381,0.237377006847298,0.0362748355207191,0.0388586043996615,0.0345960623922833,0.275939622103616,0.449119069573125,0.341157207029743,0.0819040154555849,0.118197764470864,0.108646770091796
