"pp","task_label","score_PreTest","score_PostTest","score_Retention","Training","TrainingPhase","score_Delta","c_PreTest","c_PostTest","c_Retention","c_Delta","pitch_error_PreTest","pitch_error_PostTest","pitch_error_Retention","pitch_error_Delta","mlss_PreTest","mlss_PostTest","mlss_Retention","mlss_Delta","mlsl_PreTest","mlsl_PostTest","mlsl_Retention","mlsl_Delta","mlus_PreTest","mlus_PostTest","mlus_Retention","mlus_Delta","mlul_PreTest","mlul_PostTest","mlul_Retention","mlul_Delta"
1,"Chaotic",0.664666666666667,0.4352,0.4712,"Chaotic Interactive","PostDelta",52.7267156862745,0.637,0.5144,0.5632,23.8335925349922,0.960666666666667,1.1908,1.1986,-19.3259433434106,1.88782847607805,1.87285126180269,1.86161835109618,0.79970121390945,0.43765577799367,0.428407048614952,0.421470501580913,2.15886489464148,0.515069872332556,0.373034632661431,0.556494147958842,38.0756174454282,0.0901767827851638,0.0183114722546615,0.0717196497762011,392.460581711052
1,"Chaotic",0.664666666666667,0.4352,0.4712,"Chaotic Interactive","RetentionDelta",8.27205882352942,0.637,0.5144,0.5632,9.48678071539659,0.960666666666667,1.1908,1.1986,0.655021834061138,1.88782847607805,1.87285126180269,1.86161835109618,-0.599775910432097,0.43765577799367,0.428407048614952,0.421470501580913,-1.61914867098111,0.515069872332556,0.373034632661431,0.556494147958842,49.1802903093772,0.0901767827851638,0.0183114722546615,0.0717196497762011,291.665119979327
1,"Chaotic Visual",1.40933333333333,1.6446,1.476,"Chaotic Interactive","PostDelta",-14.3054035429081,0.591666666666667,0.5976,0.6378,-0.99286033020973,0.427333333333333,0.3668,0.433,16.5030897855325,1.66802686717731,1.68358363513838,1.64858090722596,-0.92402703592439,0.34573267017766,0.349633061041654,0.340857181597667,-1.11556694677951,0.656326198995135,0.618930206452796,0.614802599595999,6.04203707501418,0.0560465680969381,0.0527581807911685,0.0688708000946347,6.23294294165665
1,"Chaotic Visual",1.40933333333333,1.6446,1.476,"Chaotic Interactive","RetentionDelta",-10.251732944181,0.591666666666667,0.5976,0.6378,6.72690763052209,0.427333333333333,0.3668,0.433,18.0479825517993,1.66802686717731,1.68358363513838,1.64858090722596,-2.07906083082987,0.34573267017766,0.349633061041654,0.340857181597667,-2.5100256302539,0.656326198995135,0.618930206452796,0.614802599595999,-0.666893748885248,0.0560465680969381,0.0527581807911685,0.0688708000946347,30.540513455618
1,"Periodic Fadeout (SCT)",0.598333333333333,0.6042,0.6454,"Chaotic Interactive","PostDelta",-0.970980911397977,0.952333333333333,0.9592,0.9478,-0.715874339727553,1.60766666666667,1.5912,1.518,1.03485838779956,0.375002851566661,0.347346239453047,0.401163399378471,7.96226041115745,0.0363104949961901,0.0739170861954226,0.0581154028724874,-50.8767230080037,0.558809491798494,0.39689082911476,0.387562101791191,40.7967760416344,0.185486128657185,0.137688608500777,0.130449914273682,34.7142154146607
1,"Periodic Fadeout (SCT)",0.598333333333333,0.6042,0.6454,"Chaotic Interactive","RetentionDelta",6.81893412777226,0.952333333333333,0.9592,0.9478,-1.18849040867389,1.60766666666667,1.5912,1.518,-4.60030165912518,0.375002851566661,0.347346239453047,0.401163399378471,15.4938081408821,0.0363104949961901,0.0739170861954226,0.0581154028724874,-21.3775787659684,0.558809491798494,0.39689082911476,0.387562101791191,-2.35045172103779,0.185486128657185,0.137688608500777,0.130449914273682,-5.25729347250512
1,"Periodic Fixed",0.536,0.5436,0.6374,"Chaotic Interactive","PostDelta",-1.39808682855039,0.906,0.852,0.9474,6.33802816901409,1.71966666666667,1.7218,1.5562,-0.123901343555193,0.219308759375609,0.199587678727157,0.220083385306104,9.8809108729659,0.0383025294482025,0.0471890085688784,0.0424719268367433,-18.831671590864,0.385508308116685,0.393185849018312,0.337371141555252,-1.95264934401792,0.124654007141916,0.123042326076285,0.108995399947868,1.3098590680344
1,"Periodic Fixed",0.536,0.5436,0.6374,"Chaotic Interactive","RetentionDelta",17.2553348050037,0.906,0.852,0.9474,11.1971830985916,1.71966666666667,1.7218,1.5562,-9.61784179347194,0.219308759375609,0.199587678727157,0.220083385306104,10.269023974654,0.0383025294482025,0.0471890085688784,0.0424719268367433,-9.99614502442856,0.385508308116685,0.393185849018312,0.337371141555252,-14.1955026108941,0.124654007141916,0.123042326076285,0.108995399947868,-11.4163366187565
4,"Chaotic",0.431,0.3134,0.2914,"Chaotic Interactive","PostDelta",37.5239310784939,0.564,0.511,0.5128,10.371819960861,1.31266666666667,1.6362,1.7652,-19.7734588273642,1.85038544038966,1.86161835109618,1.83793424069761,-0.603394927854123,0.414533954546875,0.421470501580913,0.405849227318422,-1.64579656417704,0.504847184853118,0.511195361049615,0.484634879173433,-1.24182977393659,0.0597994885364128,0.0435907280877936,0.0314138329384473,37.1839635620998
4,"Chaotic",0.431,0.3134,0.2914,"Chaotic Interactive","RetentionDelta",-7.01978302488833,0.564,0.511,0.5128,0.352250489236795,1.31266666666667,1.6362,1.7652,7.88412174550787,1.85038544038966,1.86161835109618,1.83793424069761,-1.27223232326959,0.414533954546875,0.421470501580913,0.405849227318422,-3.70637427860233,0.504847184853118,0.511195361049615,0.484634879173433,-5.1957595666844,0.0597994885364128,0.0435907280877936,0.0314138329384473,-27.9345991303964
4,"Chaotic Visual",1.737,1.7835,1.6114,"Chaotic Interactive","PostDelta",-2.60723296888141,0.578666666666667,0.6035,0.5724,-4.11488539077603,0.332666666666667,0.33925,0.3558,-1.94055514615573,1.66802686717731,1.64858090722596,1.67191605916758,1.17955751313825,0.34573267017766,0.340857181597667,0.346707767893658,1.43036111404203,0.587807286621093,0.424211038385999,0.499550818942234,38.5648258606214,0.0504745658127958,0.0269976601975102,0.0572843766287014,86.9590380926812
4,"Chaotic Visual",1.737,1.7835,1.6114,"Chaotic Interactive","RetentionDelta",-9.64956546117186,0.578666666666667,0.6035,0.5724,-5.15327257663629,0.332666666666667,0.33925,0.3558,4.87840825350037,1.66802686717731,1.64858090722596,1.67191605916758,1.41546901576591,0.34573267017766,0.340857181597667,0.346707767893658,1.71643333685045,0.587807286621093,0.424211038385999,0.499550818942234,17.7599764595662,0.0504745658127958,0.0269976601975102,0.0572843766287014,112.182745503198
4,"Periodic Fadeout (SCT)",0.560333333333333,0.3978,0.708,"Chaotic Interactive","PostDelta",40.8580526227585,0.939333333333333,0.937,0.946,0.249021700462465,1.735,2.3724,1.3692,-26.8673073680661,0.36208278141644,0.356210701513809,0.376843207189489,1.64848497747993,0.072673316004897,0.0608552145149731,0.0744710991058989,19.4200309441291,0.427106005204504,0.3435474047884,0.393979969380279,24.3222912621242,0.123622882118578,0.0943297821147531,0.0867909286651692,31.0539252260645
4,"Periodic Fadeout (SCT)",0.560333333333333,0.3978,0.708,"Chaotic Interactive","RetentionDelta",77.9788838612368,0.939333333333333,0.937,0.946,0.960512273212369,1.735,2.3724,1.3692,-42.2862923621649,0.36208278141644,0.356210701513809,0.376843207189489,5.79221948919469,0.072673316004897,0.0608552145149731,0.0744710991058989,22.3742282390208,0.427106005204504,0.3435474047884,0.393979969380279,14.6799434048824,0.123622882118578,0.0943297821147531,0.0867909286651692,-7.99201830066005
4,"Periodic Fixed",0.490666666666667,0.5578,0.634,"Chaotic Interactive","PostDelta",-12.0353770766105,0.924333333333333,0.9396,0.9478,-1.62480488150986,1.88633333333333,1.7394,1.5456,8.44735732628109,0.171486439508904,0.223017389106455,0.204999588011934,-23.1062473666362,0.0334868342655756,0.0419486904324716,0.0317535316258435,-20.1719197420901,0.248500709458708,0.199509090410107,0.283452380673821,24.5560836089699,0.0818959156199455,0.0701535097141833,0.0825607160356708,16.7381588656114
4,"Periodic Fixed",0.490666666666667,0.5578,0.634,"Chaotic Interactive","RetentionDelta",13.6608103262818,0.924333333333333,0.9396,0.9478,0.872711792252021,1.88633333333333,1.7394,1.5456,-11.1417730251811,0.171486439508904,0.223017389106455,0.204999588011934,-8.07910143989731,0.0334868342655756,0.0419486904324716,0.0317535316258435,-24.3038786229575,0.248500709458708,0.199509090410107,0.283452380673821,42.0749200405667,0.0818959156199455,0.0701535097141833,0.0825607160356708,17.6857955817697
5,"Chaotic",0.269666666666667,0.2594,0.3354,"Chaotic Non-interactive","PostDelta",3.95785145206887,0.457,0.4396,0.477,3.95814376706097,1.72233333333333,1.7,1.4264,1.31372549019608,1.86910695823385,1.88408417250921,1.83793424069761,-0.794933394902843,0.426094866270272,0.43534359564899,0.405849227318422,-2.12446662157284,0.436144953763244,0.322053408278573,0.404345731534166,35.4262810303758,0.0345518197726284,0.0177412988108216,0.0254330784143972,94.7536093104579
5,"Chaotic",0.269666666666667,0.2594,0.3354,"Chaotic Non-interactive","RetentionDelta",29.2983808789514,0.457,0.4396,0.477,8.50773430391265,1.72233333333333,1.7,1.4264,-16.0941176470588,1.86910695823385,1.88408417250921,1.83793424069761,-2.44946231622623,0.426094866270272,0.43534359564899,0.405849227318422,-6.7749631843324,0.436144953763244,0.322053408278573,0.404345731534166,25.5523839028623,0.0345518197726284,0.0177412988108216,0.0254330784143972,43.355222667711
5,"Chaotic Visual",1.57833333333333,1.523,1.566,"Chaotic Non-interactive","PostDelta",3.63318012694243,0.578,0.6276,0.5664,-7.90312300828555,0.368333333333333,0.4138,0.3634,-10.9875946512003,1.64858090722596,1.66024848319677,1.66024848319677,-0.702760827002377,0.340857181597667,0.343782474745663,0.343782474745663,-0.850913982790951,0.438790124301848,0.476579918756309,0.397727392709921,-7.92937196201577,0.0284293237961994,0.0162972476393569,0.0293195858850826,74.442485168749
5,"Chaotic Visual",1.57833333333333,1.523,1.566,"Chaotic Non-interactive","RetentionDelta",2.82337491792514,0.578,0.6276,0.5664,-9.75143403441683,0.368333333333333,0.4138,0.3634,-12.1797970033833,1.64858090722596,1.66024848319677,1.66024848319677,0,0.340857181597667,0.343782474745663,0.343782474745663,0,0.438790124301848,0.476579918756309,0.397727392709921,-16.5454990743552,0.0284293237961994,0.0162972476393569,0.0293195858850826,79.9051381797595
5,"Periodic Fadeout (SCT)",0.301,0.3818,0.5468,"Chaotic Non-interactive","PostDelta",-21.1629125196438,0.898333333333333,0.858,0.9252,4.7008547008547,2.988,2.2688,1.7028,31.6995768688293,0.382115147510976,0.332393575874653,0.369272792444257,14.9586439826603,0.0702324737436389,0.0682187934535605,0.0657267853312052,2.95179698751067,0.524357193020675,0.462230363818791,0.445184154027475,13.4406638042153,0.205318133483075,0.129575331535998,0.104627914317409,58.4546464587162
5,"Periodic Fadeout (SCT)",0.301,0.3818,0.5468,"Chaotic Non-interactive","RetentionDelta",43.2163436354112,0.898333333333333,0.858,0.9252,7.83216783216784,2.988,2.2688,1.7028,-24.9471086036671,0.382115147510976,0.332393575874653,0.369272792444257,11.095044924548,0.0702324737436389,0.0682187934535605,0.0657267853312052,-3.65296422906061,0.524357193020675,0.462230363818791,0.445184154027475,-3.68781696868332,0.205318133483075,0.129575331535998,0.104627914317409,-19.25321503936
5,"Periodic Fixed",0.517666666666667,0.372,0.429,"Chaotic Non-interactive","PostDelta",39.15770609319,0.864333333333333,0.7986,0.7364,8.23107104098841,1.739,2.1488,1.7344,-19.0711094564408,0.180244132738919,0.190565905929343,0.186689777038413,-5.41637977690044,0.0422425283026458,0.0346420522826315,0.029756844193073,21.9400281426889,0.3378180765474,0.37377188917243,0.498169119403631,-9.61918583675073,0.120834593934557,0.120841287108477,0.156087219851627,-0.00553881382723005
5,"Periodic Fixed",0.517666666666667,0.372,0.429,"Chaotic Non-interactive","RetentionDelta",15.3225806451613,0.864333333333333,0.7986,0.7364,-7.78863010267968,1.739,2.1488,1.7344,-19.2851824274013,0.180244132738919,0.190565905929343,0.186689777038413,-2.03400963673322,0.0422425283026458,0.0346420522826315,0.029756844193073,-14.1019592306537,0.3378180765474,0.37377188917243,0.498169119403631,33.2815906799811,0.120834593934557,0.120841287108477,0.156087219851627,29.1671278803172
6,"Chaotic",0.369333333333333,0.2224,0.3416,"Chaotic Interactive","PostDelta",66.0671462829736,0.482,0.4598,0.4896,4.8281861678991,1.30533333333333,2.0966,1.461,-37.740468695348,1.85038544038966,1.89531708321572,1.87285126180269,-2.37066627130432,0.414533954546875,0.442280142683029,0.428407048614952,-6.27344197906679,0.501838401884968,0.544901431236337,0.503904899173817,-7.90290259536712,0.0484760729962638,0.0458624406480854,0.0389450498536681,5.69885141576629
6,"Chaotic",0.369333333333333,0.2224,0.3416,"Chaotic Interactive","RetentionDelta",53.5971223021583,0.482,0.4598,0.4896,6.48107872988257,1.30533333333333,2.0966,1.461,-30.3157493084041,1.85038544038966,1.89531708321572,1.87285126180269,-1.18533313565216,0.414533954546875,0.442280142683029,0.428407048614952,-3.13672098953339,0.501838401884968,0.544901431236337,0.503904899173817,-7.52366019107385,0.0484760729962638,0.0458624406480854,0.0389450498536681,-15.0829103219697
6,"Chaotic Visual",1.22033333333333,1.3314,1.6682,"Chaotic Interactive","PostDelta",-8.34209603925692,0.536333333333333,0.5842,0.668,-8.19354102476322,0.440666666666667,0.4418,0.4002,-0.256526331673467,1.64858090722596,1.67191605916758,1.68358363513838,-1.39571312887767,0.340857181597667,0.346707767893658,0.349633061041654,-1.68746905543394,0.683541581660299,0.559847174746268,0.522331762593212,22.094316537382,0.0384680163897946,0.00387506578862371,0.0325340333906219,892.706149731126
6,"Chaotic Visual",1.22033333333333,1.3314,1.6682,"Chaotic Interactive","RetentionDelta",25.2966801862701,0.536333333333333,0.5842,0.668,14.3444026018487,0.440666666666667,0.4418,0.4002,-9.41602535083749,1.64858090722596,1.67191605916758,1.68358363513838,0.697856564438823,0.340857181597667,0.346707767893658,0.349633061041654,0.843734527716956,0.683541581660299,0.559847174746268,0.522331762593212,-6.70100946210177,0.0384680163897946,0.00387506578862371,0.0325340333906219,739.573704429334
6,"Periodic Fadeout (SCT)",0.275333333333333,0.3016,0.3978,"Chaotic Interactive","PostDelta",-8.70910698496907,0.764666666666667,0.7466,0.8712,2.41985891597466,2.788,2.6772,2.2214,4.13865232332288,0.409676881324303,0.369721729413014,0.386440402194077,10.8068173257556,0.0766954966312096,0.0714757962866165,0.042608965939916,7.30275228227228,0.634221580252689,0.610635709710323,0.520538356982925,3.86251085013605,0.0961873385919021,0.128098336763372,0.148237122349091,-24.9113290443554
6,"Periodic Fadeout (SCT)",0.275333333333333,0.3016,0.3978,"Chaotic Interactive","RetentionDelta",31.8965517241379,0.764666666666667,0.7466,0.8712,16.6889900884008,2.788,2.6772,2.2214,-17.0252502614672,0.409676881324303,0.369721729413014,0.386440402194077,4.52196109966446,0.0766954966312096,0.0714757962866165,0.042608965939916,-40.3868607926312,0.634221580252689,0.610635709710323,0.520538356982925,-14.7546812763601,0.0961873385919021,0.128098336763372,0.148237122349091,15.7213482193136
6,"Periodic Fixed",0.611333333333333,0.4058,0.351,"Chaotic Interactive","PostDelta",50.6489239362576,0.793,0.8674,0.813,-8.577357620475,1.45733333333333,2.19,2.3432,-33.455098934551,0.218127401295103,0.227596990752696,0.228078675479746,-4.16068306802993,0.0348507494336613,0.0470027401041932,0.0322640203859757,-25.8537920206226,0.486443292897492,0.438507114305486,0.445690617049778,10.9316763692484,0.084050642148273,0.1486171101348,0.135566210147171,-43.4448415313443
6,"Periodic Fixed",0.611333333333333,0.4058,0.351,"Chaotic Interactive","RetentionDelta",-13.504189255791,0.793,0.8674,0.813,-6.27161632464837,1.45733333333333,2.19,2.3432,6.99543378995434,0.218127401295103,0.227596990752696,0.228078675479746,0.211639321528904,0.0348507494336613,0.0470027401041932,0.0322640203859757,-31.3571499992246,0.486443292897492,0.438507114305486,0.445690617049778,1.6381724514708,0.084050642148273,0.1486171101348,0.135566210147171,-8.78155952285144
7,"Chaotic",0.257,0.2652,0.2428,"Chaotic Non-interactive","PostDelta",-3.0920060331825,0.523,0.4824,0.5096,8.4162520729685,2.03666666666667,1.8252,2.1204,11.5859449192783,1.86910695823385,1.87285126180269,1.87285126180269,-0.199925303477366,0.426094866270272,0.428407048614952,0.428407048614952,-0.539716223660366,0.437726022294632,0.334788926764097,0.401673220320967,30.7468638600068,0.0622997361089982,0.0530365136391089,0.0841340314265703,17.4657454540125
7,"Chaotic",0.257,0.2652,0.2428,"Chaotic Non-interactive","RetentionDelta",-8.44645550527904,0.523,0.4824,0.5096,5.63847429519073,2.03666666666667,1.8252,2.1204,16.1735700197239,1.86910695823385,1.87285126180269,1.87285126180269,0,0.426094866270272,0.428407048614952,0.428407048614952,0,0.437726022294632,0.334788926764097,0.401673220320967,19.9780483193813,0.0622997361089982,0.0530365136391089,0.0841340314265703,58.6341666404902
7,"Chaotic Visual",1.68433333333333,1.4642,1.7068,"Chaotic Non-interactive","PostDelta",15.0343759959933,0.659666666666667,0.5796,0.674,13.8141246836899,0.391666666666667,0.396,0.395,-1.0942760942761,1.70691878708,1.67191605916758,1.67191605916758,2.0935696933165,0.355483647337645,0.346707767893658,0.346707767893658,2.5312035831509,0.530744984097268,0.448184405828587,0.456444687808601,18.4211180029893,0.0436014854926822,0.0374663678120889,0.0134602655398897,16.3749998701868
7,"Chaotic Visual",1.68433333333333,1.4642,1.7068,"Chaotic Non-interactive","RetentionDelta",16.5687747575468,0.659666666666667,0.5796,0.674,16.2870945479641,0.391666666666667,0.396,0.395,-0.252525252525253,1.70691878708,1.67191605916758,1.67191605916758,0,0.355483647337645,0.346707767893658,0.346707767893658,0,0.530744984097268,0.448184405828587,0.456444687808601,1.84305430367263,0.0436014854926822,0.0374663678120889,0.0134602655398897,-64.0737377922538
7,"Periodic Fadeout (SCT)",0.400666666666667,0.3028,0.3996,"Chaotic Non-interactive","PostDelta",32.3205636283575,0.927666666666667,0.8942,0.9292,3.74263773950645,2.42333333333333,3.0258,2.341,-19.9109877277635,0.363860346516346,0.414213656547216,0.354110511186465,-12.1563616348633,0.0655168684005184,0.0765979939237907,0.0573924561948744,-14.4666001753221,0.460587941251322,0.446436420441022,0.494265077222026,3.16988492926267,0.161010552716791,0.140680728812842,0.17409877025715,14.4510368090254
7,"Periodic Fadeout (SCT)",0.400666666666667,0.3028,0.3996,"Chaotic Non-interactive","RetentionDelta",31.9682959048877,0.927666666666667,0.8942,0.9292,3.91411317378663,2.42333333333333,3.0258,2.341,-22.6320311983608,0.363860346516346,0.414213656547216,0.354110511186465,-14.5101795681379,0.0655168684005184,0.0765979939237907,0.0573924561948744,-25.0731602031568,0.460587941251322,0.446436420441022,0.494265077222026,10.7134307576778,0.161010552716791,0.140680728812842,0.17409877025715,23.7545268113913
7,"Periodic Fixed",0.257666666666667,0.326,0.2096,"Chaotic Non-interactive","PostDelta",-20.961145194274,0.773333333333333,0.854,0.7234,-9.44574551131928,3.00966666666667,2.6574,3.4972,13.2560648252678,0.215972678366408,0.22426225365397,0.226528570299758,-3.69637562830913,0.0307113736301906,0.0455907410680619,0.0439242422936686,-32.6368185497535,0.374933051121817,0.335522934495247,0.381562987275921,11.7458786195518,0.135917031527345,0.124188825956021,0.161128937638103,9.44384930048188
7,"Periodic Fixed",0.257666666666667,0.326,0.2096,"Chaotic Non-interactive","RetentionDelta",-35.7055214723926,0.773333333333333,0.854,0.7234,-15.2927400468384,3.00966666666667,2.6574,3.4972,31.602318055242,0.215972678366408,0.22426225365397,0.226528570299758,1.01056535768399,0.0307113736301906,0.0455907410680619,0.0439242422936686,-3.65534478131295,0.374933051121817,0.335522934495247,0.381562987275921,13.7218795042835,0.135917031527345,0.124188825956021,0.161128937638103,29.7451170809551
8,"Chaotic",0.413333333333333,0.4138,0.3638,"Chaotic Non-interactive","PostDelta",-0.112775898179476,0.558666666666667,0.592,0.5522,-5.63063063063063,1.415,1.4398,1.5272,-1.72246145297958,1.88782847607805,1.88408417250921,1.86161835109618,0.198733348725714,0.43765577799367,0.43534359564899,0.421470501580913,0.531116655393208,0.54748454476463,0.473378613014979,0.478672179032924,15.6546852164837,0.0528733266327358,0.0403579688835163,0.0334704102577173,31.0108711995447
8,"Chaotic",0.413333333333333,0.4138,0.3638,"Chaotic Non-interactive","RetentionDelta",-12.0831319478009,0.558666666666667,0.592,0.5522,-6.72297297297296,1.415,1.4398,1.5272,6.07028753993611,1.88782847607805,1.88408417250921,1.86161835109618,-1.19240009235427,0.43765577799367,0.43534359564899,0.421470501580913,-3.18669993235927,0.54748454476463,0.473378613014979,0.478672179032924,1.11825204443237,0.0528733266327358,0.0403579688835163,0.0334704102577173,-17.0661676400967
8,"Chaotic Visual",1.81266666666667,1.7446,1.7414,"Chaotic Non-interactive","PostDelta",3.90156291795636,0.696666666666667,0.6624,0.643,5.1731078904992,0.385,0.3792,0.37,1.52953586497891,1.66802686717731,1.68358363513838,1.67191605916758,-0.92402703592439,0.34573267017766,0.349633061041654,0.346707767893658,-1.11556694677951,0.421234681076021,0.414616100295712,0.427892919632466,1.59631542904113,0.0153263024315957,0.0202038373260373,0.022510826715212,-24.1416262452073
8,"Chaotic Visual",1.81266666666667,1.7446,1.7414,"Chaotic Non-interactive","RetentionDelta",-0.183423134242799,0.696666666666667,0.6624,0.643,-2.92874396135265,0.385,0.3792,0.37,-2.42616033755274,1.66802686717731,1.68358363513838,1.67191605916758,-0.693020276943282,0.34573267017766,0.349633061041654,0.346707767893658,-0.836675210084623,0.421234681076021,0.414616100295712,0.427892919632466,3.20219579685534,0.0153263024315957,0.0202038373260373,0.022510826715212,11.4185704029681
8,"Periodic Fadeout (SCT)",0.381,0.3832,0.594,"Chaotic Non-interactive","PostDelta",-0.574112734864295,0.909333333333333,0.8922,0.9468,1.9203467085108,2.39066666666667,2.3914,1.6484,-0.0306654400490613,0.308948359208294,0.366766790870535,0.355242262426633,-15.7643584701348,0.046043791538133,0.0878277432283112,0.0708734553780079,-47.5748893849628,0.588946830955278,0.440481987879849,0.365974875090571,33.705088326092,0.130447324079613,0.133753502534718,0.144899455331516,-2.47184439468912
8,"Periodic Fadeout (SCT)",0.381,0.3832,0.594,"Chaotic Non-interactive","RetentionDelta",55.0104384133612,0.909333333333333,0.8922,0.9468,6.11970410221923,2.39066666666667,2.3914,1.6484,-31.0696663042569,0.308948359208294,0.366766790870535,0.355242262426633,-3.14219518526962,0.046043791538133,0.0878277432283112,0.0708734553780079,-19.3040231105905,0.588946830955278,0.440481987879849,0.365974875090571,-16.914905680457,0.130447324079613,0.133753502534718,0.144899455331516,8.33320442872473
8,"Periodic Fixed",0.467666666666667,0.4124,0.3372,"Chaotic Non-interactive","PostDelta",13.401228580666,0.875333333333333,0.8832,0.8914,-0.89070048309179,1.93766666666667,2.221,2.6846,-12.7570163589975,0.17600693382169,0.213762587962788,0.250953043521824,-17.6624237669087,0.0375430841841991,0.041982393925341,0.0409677668375674,-10.5742177281184,0.381415387972465,0.363906808752075,0.30744239114885,4.81128102011347,0.130452838727159,0.147537615934701,0.139836833689172,-11.5799466456764
8,"Periodic Fixed",0.467666666666667,0.4124,0.3372,"Chaotic Non-interactive","RetentionDelta",-18.2347235693501,0.875333333333333,0.8832,0.8914,0.928442028985506,1.93766666666667,2.221,2.6846,20.8734804142278,0.17600693382169,0.213762587962788,0.250953043521824,17.3980189487179,0.0375430841841991,0.041982393925341,0.0409677668375674,-2.41679188084889,0.381415387972465,0.363906808752075,0.30744239114885,-15.5161750880275,0.130452838727159,0.147537615934701,0.139836833689172,-5.21953821521512
9,"Chaotic",0.509,0.3752,0.571,"Chaotic Non-interactive","PostDelta",35.6609808102345,0.572,0.4682,0.6964,22.1700128150363,1.12833333333333,1.2644,1.2228,-10.761362438047,1.86910695823385,1.86161835109618,1.86161835109618,0.40226328523609,0.426094866270272,0.421470501580913,0.421470501580913,1.09719770945136,0.428765762185533,0.546368025944008,0.48761569076917,-21.5243678572301,0.0102051951204428,0.0256074707077755,0.0331564195309872,-60.1475864723177
9,"Chaotic",0.509,0.3752,0.571,"Chaotic Non-interactive","RetentionDelta",52.1855010660981,0.572,0.4682,0.6964,48.7398547629218,1.12833333333333,1.2644,1.2228,-3.29009807023093,1.86910695823385,1.86161835109618,1.86161835109618,0,0.426094866270272,0.421470501580913,0.421470501580913,0,0.428765762185533,0.546368025944008,0.48761569076917,-10.7532528231912,0.0102051951204428,0.0256074707077755,0.0331564195309872,29.4794785059331
9,"Chaotic Visual",1.951,1.879,1.8606,"Chaotic Non-interactive","PostDelta",3.83182543906332,0.763666666666667,0.7392,0.7874,3.30988455988456,0.391333333333333,0.3944,0.4236,-0.777552400270452,1.68747282712865,1.64858090722596,1.68315760953601,2.35911502627652,0.350608158757652,0.340857181597667,0.350844715613936,2.86072222808407,0.592522632835831,0.619468448441285,0.607625938458064,-4.34982857855879,0.042926148540218,0.0445875862394462,0.0306194989000741,-3.72623377795304
9,"Chaotic Visual",1.951,1.879,1.8606,"Chaotic Non-interactive","RetentionDelta",-0.979244278871739,0.763666666666667,0.7392,0.7874,6.52056277056276,0.391333333333333,0.3944,0.4236,7.40365111561865,1.68747282712865,1.64858090722596,1.68315760953601,2.09736156463412,0.350608158757652,0.340857181597667,0.350844715613936,2.93012280670016,0.592522632835831,0.619468448441285,0.607625938458064,-1.91172125279661,0.042926148540218,0.0445875862394462,0.0306194989000741,-31.3273009764647
9,"Periodic Fadeout (SCT)",0.411666666666667,0.3544,0.3644,"Chaotic Non-interactive","PostDelta",16.1587659894658,0.903666666666667,0.9034,0.8962,0.0295181167441608,2.19666666666667,2.554,2.4796,-13.9911250326285,0.26216294932626,0.289431073167785,0.349461910554201,-9.42128415690789,0.065085318261866,0.0571572294383021,0.0772938137129661,13.870666758125,0.594918036222653,0.675126182898268,0.524147846240043,-11.8804674899864,0.164436014941165,0.225685258103665,0.15516466049954,-27.1392308372958
9,"Periodic Fadeout (SCT)",0.411666666666667,0.3544,0.3644,"Chaotic Non-interactive","RetentionDelta",2.82167042889391,0.903666666666667,0.9034,0.8962,-0.796989152092095,2.19666666666667,2.554,2.4796,-2.91307752545027,0.26216294932626,0.289431073167785,0.349461910554201,20.7409787516543,0.065085318261866,0.0571572294383021,0.0772938137129661,35.2301615605778,0.594918036222653,0.675126182898268,0.524147846240043,-22.3629805038942,0.164436014941165,0.225685258103665,0.15516466049954,-31.2473212458266
9,"Periodic Fixed",0.307666666666667,0.3522,0.4098,"Chaotic Non-interactive","PostDelta",-12.6443308726103,0.702666666666667,0.7552,0.8936,-6.95621468926554,2.35133333333333,2.3358,2.4626,0.665011273796275,0.211950013178387,0.166061543850404,0.204253604062661,27.633411242594,0.0133095652784614,0.029252791020981,0.043993048313968,-54.5015541631039,0.420794166808136,0.486526493348187,0.409551546701482,-13.5105338432225,0.145442822488013,0.144824335271142,0.121890457716971,0.427060283558507
9,"Periodic Fixed",0.307666666666667,0.3522,0.4098,"Chaotic Non-interactive","RetentionDelta",16.3543441226576,0.702666666666667,0.7552,0.8936,18.3262711864407,2.35133333333333,2.3358,2.4626,5.42854696463739,0.211950013178387,0.166061543850404,0.204253604062661,22.9987384958087,0.0133095652784614,0.029252791020981,0.043993048313968,50.3892339107572,0.420794166808136,0.486526493348187,0.409551546701482,-15.8213268340183,0.145442822488013,0.144824335271142,0.121890457716971,-15.8356518683366
10,"Chaotic",0.519333333333333,0.4038,0.4254,"Chaotic Interactive","PostDelta",28.6115238566947,0.569,0.5066,0.5404,12.3174101855507,1.126,1.2598,1.2814,-10.6207334497539,1.82963344090291,1.85038544038966,1.86161835109618,-1.12149604259622,0.40005940916612,0.414533954546875,0.421470501580913,-3.49176351466232,0.510272065581111,0.435854276828918,0.526238746918518,17.0740067743798,0.0614104675453355,0.0322702646517439,0.0439575091359199,90.3004769501229
10,"Chaotic",0.519333333333333,0.4038,0.4254,"Chaotic Interactive","RetentionDelta",5.34918276374443,0.569,0.5066,0.5404,6.6719305171733,1.126,1.2598,1.2814,1.71455786632799,1.82963344090291,1.85038544038966,1.86161835109618,0.607057884337353,0.40005940916612,0.414533954546875,0.421470501580913,1.67333627509976,0.510272065581111,0.435854276828918,0.526238746918518,20.7373140277978,0.0614104675453355,0.0322702646517439,0.0439575091359199,36.2167605698407
10,"Chaotic Visual",1.912,1.6238,1.8846,"Chaotic Interactive","PostDelta",17.7484911934967,0.609666666666667,0.5666,0.6098,7.60089422284975,0.320666666666667,0.352,0.3242,-8.90151515151515,1.68747282712865,1.66024848319677,1.68358363513838,1.63977526300554,0.350608158757652,0.343782474745663,0.349633061041654,1.98546595984555,0.875768657013431,0.696238709778747,0.694267837315387,25.7856888324602,0.0327038092356401,0.0517072124102324,0.0489422249122822,-36.7519390212412
10,"Chaotic Visual",1.912,1.6238,1.8846,"Chaotic Interactive","RetentionDelta",16.0610912673975,0.609666666666667,0.5666,0.6098,7.62442640310625,0.320666666666667,0.352,0.3242,-7.89772727272727,1.68747282712865,1.66024848319677,1.68358363513838,1.40552165400474,0.350608158757652,0.343782474745663,0.349633061041654,1.70182796558188,0.875768657013431,0.696238709778747,0.694267837315387,-0.283074243887848,0.0327038092356401,0.0517072124102324,0.0489422249122822,-5.34739230576468
10,"Periodic Fadeout (SCT)",0.835666666666667,0.5274,0.8275,"Chaotic Interactive","PostDelta",58.450259132853,0.968333333333333,0.9486,0.965,2.08025862674818,1.16066666666667,1.9218,1.1775,-39.6052312068547,0.33893819122995,0.387244902927074,0.372648065170319,-12.474460304574,0.0649772793906976,0.0505787532136251,0.0711365888427319,28.4675387632801,0.542900933182571,0.494729593831693,0.438085883015179,9.73690273464139,0.130085657935413,0.116188000071527,0.117011476561294,11.9613538879494
10,"Periodic Fadeout (SCT)",0.835666666666667,0.5274,0.8275,"Chaotic Interactive","RetentionDelta",56.9017823284035,0.968333333333333,0.9486,0.965,1.72886358844613,1.16066666666667,1.9218,1.1775,-38.7293162660006,0.33893819122995,0.387244902927074,0.372648065170319,-3.76940733019909,0.0649772793906976,0.0505787532136251,0.0711365888427319,40.6452004506287,0.542900933182571,0.494729593831693,0.438085883015179,-11.4494284398487,0.130085657935413,0.116188000071527,0.117011476561294,0.708744869745582
10,"Periodic Fixed",0.508666666666667,0.6492,0.7776,"Chaotic Interactive","PostDelta",-21.6471554734032,0.875,0.9518,0.9634,-8.06892204244589,1.74,1.5158,1.5364,14.7908695078506,0.158761002342143,0.18105138562913,0.201297155220889,-12.311633633474,0.0150827517031477,0.0401843277318001,0.0470793896231099,-62.4660842808828,0.382460636948385,0.328268339128799,0.366685990524398,16.5085362674356,0.112710811500395,0.102068304662386,0.0919810125766574,10.4268478576297
10,"Periodic Fixed",0.508666666666667,0.6492,0.7776,"Chaotic Interactive","RetentionDelta",19.7781885397412,0.875,0.9518,0.9634,1.21874343349443,1.74,1.5158,1.5364,1.35901834015041,0.158761002342143,0.18105138562913,0.201297155220889,11.1823334140238,0.0150827517031477,0.0401843277318001,0.0470793896231099,17.1585846535224,0.382460636948385,0.328268339128799,0.366685990524398,11.7031241872295,0.112710811500395,0.102068304662386,0.0919810125766574,-9.88288393649226
11,"Chaotic",0.120666666666667,0.1676,0.177,"Periodic Fixed","PostDelta",-28.0031821797932,0.247,0.2926,0.2594,-15.5844155844156,2.07033333333333,1.7952,1.4648,15.32605466429,1.88782847607805,1.88408417250921,1.86161835109618,0.198733348725714,0.43765577799367,0.43534359564899,0.421470501580913,0.531116655393208,0.451388392314542,0.475661427570248,0.499316585434521,-5.10300685504317,0.0251476090506442,0.0171839068508299,0.0170489035416639,46.3439558241658
11,"Chaotic",0.120666666666667,0.1676,0.177,"Periodic Fixed","RetentionDelta",5.60859188544152,0.247,0.2926,0.2594,-11.3465481886534,2.07033333333333,1.7952,1.4648,-18.4046345811052,1.88782847607805,1.88408417250921,1.86161835109618,-1.19240009235427,0.43765577799367,0.43534359564899,0.421470501580913,-3.18669993235927,0.451388392314542,0.475661427570248,0.499316585434521,4.97310828525812,0.0251476090506442,0.0171839068508299,0.0170489035416639,-0.785638041092083
11,"Chaotic Visual",1.24566666666667,1.0432,1.3334,"Periodic Fixed","PostDelta",19.4082310838446,0.592333333333333,0.4626,0.6328,28.0443867992506,0.475,0.444,0.4774,6.98198198198198,1.64858090722596,1.67191605916758,1.66024848319677,-1.39571312887767,0.340857181597667,0.346707767893658,0.343782474745663,-1.68746905543394,0.554494070164007,0.498861732971084,0.580278201114181,11.1518550163372,0.0274853359929797,0.0247568430155914,0.0228550709703207,11.0211668574624
11,"Chaotic Visual",1.24566666666667,1.0432,1.3334,"Periodic Fixed","RetentionDelta",27.8182515337424,0.592333333333333,0.4626,0.6328,36.7920449632512,0.475,0.444,0.4774,7.52252252252252,1.64858090722596,1.67191605916758,1.66024848319677,-0.697856564438836,0.340857181597667,0.346707767893658,0.343782474745663,-0.843734527716972,0.554494070164007,0.498861732971084,0.580278201114181,16.3204476836102,0.0274853359929797,0.0247568430155914,0.0228550709703207,-7.68180354850956
11,"Periodic Fadeout (SCT)",0.336666666666667,0.2072,0.4708,"Periodic Fixed","PostDelta",62.4839124839125,0.815666666666667,0.6302,0.8876,29.4298106421242,2.44533333333333,3.225,1.8928,-24.1757105943153,0.369828537840881,0.383470540715104,0.378869620375898,-3.55751001075143,0.0689811388877594,0.0637174609219569,0.0680428988454292,8.26096628716835,0.438311559546773,0.471200790080899,0.454947806322283,-6.97987593112483,0.0999080096826322,0.109931182853938,0.103220538281732,-9.11767972570923
11,"Periodic Fadeout (SCT)",0.336666666666667,0.2072,0.4708,"Periodic Fixed","RetentionDelta",127.220077220077,0.815666666666667,0.6302,0.8876,40.84417645192,2.44533333333333,3.225,1.8928,-41.3085271317829,0.369828537840881,0.383470540715104,0.378869620375898,-1.19981063750699,0.0689811388877594,0.0637174609219569,0.0680428988454292,6.78846561191483,0.438311559546773,0.471200790080899,0.454947806322283,-3.44926920768226,0.0999080096826322,0.109931182853938,0.103220538281732,-6.10440495407186
11,"Periodic Fixed",0.43,0.2426,0.4518,"Periodic Fixed","PostDelta",77.2464962901896,0.791333333333333,0.5598,0.8428,41.3600095272121,1.89366666666667,2.3552,1.8846,-19.5963541666667,0.211428910076455,0.225318890823341,0.204410316606827,-6.16458775210979,0.0246216379476903,0.0406154172434533,0.0416710774055057,-39.3785916315829,0.36836093608312,0.340114349683026,0.343556362833524,8.30502636140423,0.108291878332726,0.0946588272859649,0.0923720358737094,14.4023029205462
11,"Periodic Fixed",0.43,0.2426,0.4518,"Periodic Fixed","RetentionDelta",86.2324814509481,0.791333333333333,0.5598,0.8428,50.5537692032869,1.89366666666667,2.3552,1.8846,-19.9813179347826,0.211428910076455,0.225318890823341,0.204410316606827,-9.27954781781117,0.0246216379476903,0.0406154172434533,0.0416710774055057,2.59916118976367,0.36836093608312,0.340114349683026,0.343556362833524,1.01201644497101,0.108291878332726,0.0946588272859649,0.0923720358737094,-2.41582478657494
12,"Chaotic",0.393,0.3586,0.4284,"Chaotic Non-interactive","PostDelta",9.59286112660345,0.508,0.5344,0.5128,-4.94011976047904,1.31466666666667,1.534,1.199,-14.2981312472838,1.86910695823385,1.85038544038966,1.88408417250921,1.01176314056226,0.426094866270272,0.414533954546875,0.43534359564899,2.78889379183293,0.392666343018121,0.435688461898566,0.334246619484708,-9.87451416385233,0.0395346261326149,0.0845323678800261,0.0239072677647394,-53.231375005696
12,"Chaotic",0.393,0.3586,0.4284,"Chaotic Non-interactive","RetentionDelta",19.4645844952593,0.508,0.5344,0.5128,-4.04191616766466,1.31466666666667,1.534,1.199,-21.8383311603651,1.86910695823385,1.85038544038966,1.88408417250921,1.82117365301207,0.426094866270272,0.414533954546875,0.43534359564899,5.02000882529927,0.392666343018121,0.435688461898566,0.334246619484708,-23.283114262841,0.0395346261326149,0.0845323678800261,0.0239072677647394,-71.7182088183426
12,"Chaotic Visual",1.433,1.57,1.3556,"Chaotic Non-interactive","PostDelta",-8.72611464968153,0.604,0.6464,0.5342,-6.55940594059406,0.423,0.4122,0.3946,2.62008733624454,1.66802686717731,1.67191605916758,1.68358363513838,-0.232618854812954,0.34573267017766,0.346707767893658,0.349633061041654,-0.281244842572335,0.453086197528404,0.502901001550923,0.436027373892581,-9.9054891258702,0.073679117959789,0.0372161694813555,0.0230644110316065,97.9760920765921
12,"Chaotic Visual",1.433,1.57,1.3556,"Chaotic Non-interactive","RetentionDelta",-13.656050955414,0.604,0.6464,0.5342,-17.3576732673267,0.423,0.4122,0.3946,-4.26977195536148,1.66802686717731,1.67191605916758,1.68358363513838,0.697856564438823,0.34573267017766,0.346707767893658,0.349633061041654,0.843734527716956,0.453086197528404,0.502901001550923,0.436027373892581,-13.2975729720377,0.073679117959789,0.0372161694813555,0.0230644110316065,-38.0258329832649
12,"Periodic Fadeout (SCT)",0.450666666666667,0.3372,0.3344,"Chaotic Non-interactive","PostDelta",33.6496638987742,0.912333333333333,0.8524,0.8396,7.0311277960269,2.062,2.5426,2.526,-18.9019114292457,0.36756940897715,0.364671657037077,0.307466594531594,0.794619456751189,0.0662328702804736,0.0505912615134249,0.0698294638585409,30.9176096802767,0.445983471286001,0.481827513903114,0.401474980932406,-7.43918551407608,0.154847981389636,0.129874463188767,0.131382308374608,19.2289674102994
12,"Periodic Fadeout (SCT)",0.450666666666667,0.3372,0.3344,"Chaotic Non-interactive","RetentionDelta",-0.830367734282332,0.912333333333333,0.8524,0.8396,-1.50164242139841,2.062,2.5426,2.526,-0.652875009832453,0.36756940897715,0.364671657037077,0.307466594531594,-15.6867311735354,0.0662328702804736,0.0505912615134249,0.0698294638585409,38.0267298533582,0.445983471286001,0.481827513903114,0.401474980932406,-16.6766178045336,0.154847981389636,0.129874463188767,0.131382308374608,1.16100205446075
12,"Periodic Fixed",0.262666666666667,0.1214,0.3712,"Chaotic Non-interactive","PostDelta",116.364634816035,0.862666666666667,0.3596,0.787,139.896180941787,3.32066666666667,3.0412,2.1292,9.18935507913544,0.238644108625392,0.235729159516852,0.193831663358892,1.23656704775709,0.053094645419885,0.0392579385323907,0.0317879901499965,35.2456277755849,0.311262159969247,0.347299847138218,0.257821418413069,-10.3765341292041,0.121750399164488,0.136693528057772,0.126570692702371,-10.9318481318069
12,"Periodic Fixed",0.262666666666667,0.1214,0.3712,"Chaotic Non-interactive","RetentionDelta",205.766062602965,0.862666666666667,0.3596,0.787,118.854282536151,3.32066666666667,3.0412,2.1292,-29.9881625674076,0.238644108625392,0.235729159516852,0.193831663358892,-17.7735738098048,0.053094645419885,0.0392579385323907,0.0317879901499965,-19.0278671312069,0.311262159969247,0.347299847138218,0.257821418413069,-25.7640276730495,0.121750399164488,0.136693528057772,0.126570692702371,-7.40549717256763
13,"Chaotic",0.171,0.1954,0.229,"Periodic Fixed","PostDelta",-12.4872057318321,0.360666666666667,0.4012,0.3448,-10.1030242605517,2.09433333333333,2.115,1.5306,-0.977147360126102,1.86910695823385,1.88408417250921,1.87285126180269,-0.794933394902843,0.426094866270272,0.43534359564899,0.428407048614952,-2.12446662157284,0.508851511511146,0.492590058460369,0.513304425651013,3.30121421889909,0.020968412603558,0.0302382963432379,0.00949758126662926,-30.6561045452313
13,"Chaotic",0.171,0.1954,0.229,"Periodic Fixed","RetentionDelta",17.1954964176049,0.360666666666667,0.4012,0.3448,-14.0578265204387,2.09433333333333,2.115,1.5306,-27.6312056737589,1.86910695823385,1.88408417250921,1.87285126180269,-0.59620004617713,0.426094866270272,0.43534359564899,0.428407048614952,-1.59334996617964,0.508851511511146,0.492590058460369,0.513304425651013,4.20519392035411,0.020968412603558,0.0302382963432379,0.00949758126662926,-68.5908850193765
13,"Chaotic Visual",1.40433333333333,1.3186,1.4768,"Periodic Fixed","PostDelta",6.50184539157693,0.490333333333333,0.5052,0.5454,-2.94272895223013,0.349,0.3832,0.371,-8.92484342379958,1.66802686717731,1.67191605916758,1.68358363513838,-0.232618854812954,0.34573267017766,0.346707767893658,0.349633061041654,-0.281244842572335,0.569794080053921,0.426321632121988,0.593295558786013,33.6535697749626,0.0487783741641082,0.019952183099005,0.0526206047543194,144.476375953771
13,"Chaotic Visual",1.40433333333333,1.3186,1.4768,"Periodic Fixed","RetentionDelta",11.9975731836797,0.490333333333333,0.5052,0.5454,7.95724465558195,0.349,0.3832,0.371,-3.18371607515657,1.66802686717731,1.67191605916758,1.68358363513838,0.697856564438823,0.34573267017766,0.346707767893658,0.349633061041654,0.843734527716956,0.569794080053921,0.426321632121988,0.593295558786013,39.1661867667665,0.0487783741641082,0.019952183099005,0.0526206047543194,163.733569871577
13,"Periodic Fadeout (SCT)",0.446333333333333,0.2808,0.4486,"Periodic Fixed","PostDelta",58.9506172839506,0.927,0.9016,0.9068,2.81721384205857,2.08033333333333,3.2616,2.0882,-36.2173984138664,0.385230286703363,0.353864811866773,0.377386149648287,8.86368855697319,0.0527739661255903,0.059445638470063,0.061680473641592,-11.2231486046409,0.611415185155148,0.602778439998654,0.564260482254707,1.43282250714112,0.183740598091908,0.172938702313338,0.157126903950042,6.24608351634248
13,"Periodic Fadeout (SCT)",0.446333333333333,0.2808,0.4486,"Periodic Fixed","RetentionDelta",59.7578347578348,0.927,0.9016,0.9068,0.576752440106488,2.08033333333333,3.2616,2.0882,-35.9762079960755,0.385230286703363,0.353864811866773,0.377386149648287,6.64698410034903,0.0527739661255903,0.059445638470063,0.061680473641592,3.75946028850291,0.611415185155148,0.602778439998654,0.564260482254707,-6.3900689188605,0.183740598091908,0.172938702313338,0.157126903950042,-9.1430074077043
13,"Periodic Fixed",0.438666666666667,0.25,0.4252,"Periodic Fixed","PostDelta",75.4666666666667,0.879666666666667,0.7212,0.8856,21.9726381955999,2.048,2.9144,2.0898,-29.7282459511392,0.183867571162971,0.221633884755013,0.225472947072751,-17.0399547135078,0.0308525199859979,0.0369672497565723,0.0404771794627858,-16.5409377512248,0.449251645767671,0.486462113670244,0.471753400173715,-7.64920162473262,0.136048505743107,0.141120192168523,0.12008561253214,-3.59387721025703
13,"Periodic Fixed",0.438666666666667,0.25,0.4252,"Periodic Fixed","RetentionDelta",70.08,0.879666666666667,0.7212,0.8856,22.7953410981697,2.048,2.9144,2.0898,-28.2939884710404,0.183867571162971,0.221633884755013,0.225472947072751,1.73216397933978,0.0308525199859979,0.0369672497565723,0.0404771794627858,9.49470065889739,0.449251645767671,0.486462113670244,0.471753400173715,-3.02360925613605,0.136048505743107,0.141120192168523,0.12008561253214,-14.9054357942369
14,"Chaotic",0.436666666666667,0.311,0.3426,"Chaotic Interactive","PostDelta",40.4072883172562,0.566333333333333,0.4986,0.5018,13.5847038374114,1.316,1.616,1.482,-18.5643564356436,1.86910695823385,1.86161835109618,1.85038544038966,0.40226328523609,0.426094866270272,0.421470501580913,0.414533954546875,1.09719770945136,0.448108412174836,0.435754319319024,0.382699205426803,2.83510508286358,0.081726182241529,0.0879845458261169,0.0673100909725963,-7.11302595907727
14,"Chaotic",0.436666666666667,0.311,0.3426,"Chaotic Interactive","RetentionDelta",10.1607717041801,0.566333333333333,0.4986,0.5018,0.641797031688736,1.316,1.616,1.482,-8.2920792079208,1.86910695823385,1.86161835109618,1.85038544038966,-0.603394927854123,0.426094866270272,0.421470501580913,0.414533954546875,-1.64579656417704,0.448108412174836,0.435754319319024,0.382699205426803,-12.1754648296162,0.081726182241529,0.0879845458261169,0.0673100909725963,-23.4978252821574
14,"Chaotic Visual",1.62833333333333,1.352,1.4702,"Chaotic Interactive","PostDelta",20.4388560157791,0.608,0.5438,0.5782,11.8058109599117,0.373333333333333,0.4018,0.3936,-7.08478513356561,1.64858090722596,1.66024848319677,1.69525121110919,-0.702760827002377,0.340857181597667,0.343782474745663,0.352558354189649,-0.850913982790951,0.593484941262307,0.494536937298327,0.582643931080523,20.0082130375411,0.0422234552559471,0.04689075298961,0.0589366788525544,-9.9535568019072
14,"Chaotic Visual",1.62833333333333,1.352,1.4702,"Chaotic Interactive","RetentionDelta",8.74260355029585,0.608,0.5438,0.5782,6.32585509378448,0.373333333333333,0.4018,0.3936,-2.04081632653061,1.64858090722596,1.66024848319677,1.69525121110919,2.10828248100712,0.340857181597667,0.343782474745663,0.352558354189649,2.55274194837284,0.593484941262307,0.494536937298327,0.582643931080523,17.8160592540423,0.0422234552559471,0.04689075298961,0.0589366788525544,25.6893419169737
14,"Periodic Fadeout (SCT)",0.270333333333333,0.1012,0.3922,"Chaotic Interactive","PostDelta",167.127799736495,0.846,0.6092,0.8636,38.8706500328299,3.195,5.9408,2.2224,-46.2193643953676,0.350596000755891,0.399013726368287,0.342634164589719,-12.1343508788735,0.0636922735512892,0.0589102592846759,0.0755702416365436,8.11745581275558,0.383111490590027,0.435537516502374,0.392604376216813,-12.0370861122042,0.134124196010883,0.140797113873495,0.10141963617093,-4.73938540289065
14,"Periodic Fadeout (SCT)",0.270333333333333,0.1012,0.3922,"Chaotic Interactive","RetentionDelta",287.549407114625,0.846,0.6092,0.8636,41.7596848325673,3.195,5.9408,2.2224,-62.5908968489092,0.350596000755891,0.399013726368287,0.342634164589719,-14.1297298946878,0.0636922735512892,0.0589102592846759,0.0755702416365436,28.2802733414577,0.383111490590027,0.435537516502374,0.392604376216813,-9.85750679535944,0.134124196010883,0.140797113873495,0.10141963617093,-27.9675318756499
14,"Periodic Fixed",0.452666666666667,0.2716,0.2442,"Chaotic Interactive","PostDelta",66.6666666666667,0.741,0.6084,0.5988,21.7948717948718,1.65766666666667,2.323,2.4572,-28.6411249820634,0.195175025682412,0.192300735707156,0.202109178452023,1.49468485634547,0.0215586033403597,0.0360639097269958,0.0472205373539406,-40.2211143950875,0.35850831398962,0.303163173602438,0.338433200198782,18.25589161425,0.137106125915188,0.125210889953452,0.145829397757238,9.50016086153382
14,"Periodic Fixed",0.452666666666667,0.2716,0.2442,"Chaotic Interactive","RetentionDelta",-10.0883652430044,0.741,0.6084,0.5988,-1.57790927021697,1.65766666666667,2.323,2.4572,5.77701248385708,0.195175025682412,0.192300735707156,0.202109178452023,5.10057473716758,0.0215586033403597,0.0360639097269958,0.0472205373539406,30.9357130477549,0.35850831398962,0.303163173602438,0.338433200198782,11.6340075798904,0.137106125915188,0.125210889953452,0.145829397757238,16.4670244029503
15,"Chaotic",0.354666666666667,0.3226,0.3668,"Periodic Fixed","PostDelta",9.94007026245093,0.411333333333333,0.4086,0.4438,0.668950889215201,1.16033333333333,1.2726,1.2162,-8.82183456440883,1.88782847607805,1.89531708321572,1.83793424069761,-0.39511104521739,0.43765577799367,0.442280142683029,0.405849227318422,-1.0455736631778,0.338347946825505,0.326698439098797,0.31244824172413,3.56582901309329,0.0205546359390717,0.0177285943110618,0.0140069757908142,15.9405849015711
15,"Chaotic",0.354666666666667,0.3226,0.3668,"Periodic Fixed","RetentionDelta",13.7011779293242,0.411333333333333,0.4086,0.4438,8.61478218306411,1.16033333333333,1.2726,1.2162,-4.43187175860443,1.88782847607805,1.89531708321572,1.83793424069761,-3.02761173981255,0.43765577799367,0.442280142683029,0.405849227318422,-8.23706783298104,0.338347946825505,0.326698439098797,0.31244824172413,-4.36188107111138,0.0205546359390717,0.0177285943110618,0.0140069757908142,-20.9921805132938
15,"Chaotic Visual",1.53366666666667,1.4464,1.5958,"Periodic Fixed","PostDelta",6.03337020648969,0.589333333333333,0.5604,0.6044,5.16297882464905,0.384,0.3894,0.3796,-1.38674884437597,1.64858090722596,1.67191605916758,1.6598224575944,-1.39571312887767,0.340857181597667,0.346707767893658,0.344994129317944,-1.68746905543394,0.553101799470477,0.491694544651007,0.474463146582818,12.4889030166188,0.0392675074973457,0.0374031422419215,0.0246923246230798,4.9845150532155
15,"Chaotic Visual",1.53366666666667,1.4464,1.5958,"Periodic Fixed","RetentionDelta",10.329092920354,0.589333333333333,0.5604,0.6044,7.85153461812991,0.384,0.3894,0.3796,-2.51669234720083,1.64858090722596,1.67191605916758,1.6598224575944,-0.723337843838841,0.340857181597667,0.346707767893658,0.344994129317944,-0.494260219817005,0.553101799470477,0.491694544651007,0.474463146582818,-3.5044924243403,0.0392675074973457,0.0374031422419215,0.0246923246230798,-33.9832881864011
15,"Periodic Fadeout (SCT)",0.428333333333333,0.226,0.4674,"Periodic Fixed","PostDelta",89.5280235988201,0.883,0.6846,0.9226,28.9804265264388,2.08,3.2056,1.977,-35.1135512852508,0.350331024776753,0.393673354871692,0.353132648485025,-11.0097189862052,0.0749219409525001,0.0708630430995273,0.057665040250975,5.72780630839136,0.557159128190238,0.585403212245751,0.518909385795511,-4.82472310788345,0.152284052588433,0.133352842594012,0.156847385751565,14.1963302965025
15,"Periodic Fadeout (SCT)",0.428333333333333,0.226,0.4674,"Periodic Fixed","RetentionDelta",106.814159292035,0.883,0.6846,0.9226,34.7648261758691,2.08,3.2056,1.977,-38.3266783129523,0.350331024776753,0.393673354871692,0.353132648485025,-10.2980569766732,0.0749219409525001,0.0708630430995273,0.057665040250975,-18.6246628302649,0.557159128190238,0.585403212245751,0.518909385795511,-11.358637099915,0.152284052588433,0.133352842594012,0.156847385751565,17.6183294637981
15,"Periodic Fixed",0.464666666666667,0.3828,0.5132,"Periodic Fixed","PostDelta",21.3862765586904,0.657666666666667,0.6558,0.7236,0.284639625902208,1.582,1.7636,1.449,-10.2971195282377,0.203535404402807,0.194549397870111,0.18359887268599,4.61888169846474,0.0461234251290341,0.0429937482957757,0.0355048300731647,7.27937655430201,0.416660691973447,0.448345992861585,0.468896952945791,-7.06715380367416,0.156943562999023,0.122423985905516,0.136549504810775,28.1967433409233
15,"Periodic Fixed",0.464666666666667,0.3828,0.5132,"Periodic Fixed","RetentionDelta",34.0647857889237,0.657666666666667,0.6558,0.7236,10.3385178408051,1.582,1.7636,1.449,-17.8385121342708,0.203535404402807,0.194549397870111,0.18359887268599,-5.62866053763487,0.0461234251290341,0.0429937482957757,0.0355048300731647,-17.4186213565075,0.416660691973447,0.448345992861585,0.468896952945791,4.58372783774399,0.156943562999023,0.122423985905516,0.136549504810775,11.5381955592923
17,"Chaotic",0.412666666666667,0.2892,0.3412,"Chaotic Interactive","PostDelta",42.6924850161364,0.479666666666667,0.4368,0.408,9.81379731379731,1.16466666666667,1.538,1.197,-24.2739488513221,1.86910695823385,1.87285126180269,1.83793424069761,-0.199925303477366,0.426094866270272,0.428407048614952,0.405849227318422,-0.539716223660366,0.399242961555748,0.530562572298409,0.360696564464095,-24.7510129057505,0.0420261700138559,0.0506204554025111,0.0331786089099148,-16.977890302087
17,"Chaotic",0.412666666666667,0.2892,0.3412,"Chaotic Interactive","RetentionDelta",17.9806362378976,0.479666666666667,0.4368,0.408,-6.59340659340659,1.16466666666667,1.538,1.197,-22.1716514954486,1.86910695823385,1.87285126180269,1.83793424069761,-1.86437769070198,0.426094866270272,0.428407048614952,0.405849227318422,-5.26551123970987,0.399242961555748,0.530562572298409,0.360696564464095,-32.0162063257592,0.0420261700138559,0.0506204554025111,0.0331786089099148,-34.4561232290515
17,"Chaotic Visual",1.32933333333333,1.543,1.4548,"Chaotic Interactive","PostDelta",-13.8474832577231,0.478333333333333,0.604,0.517,-20.8057395143488,0.369333333333333,0.3898,0.3574,-5.25055584060201,1.66802686717731,1.68358363513838,1.64815488162359,-0.92402703592439,0.34573267017766,0.349633061041654,0.342068836169949,-1.11556694677951,0.662577089845394,0.497749044444722,0.573600463008766,33.1146884640534,0.0285839437170913,0.0577897740212294,0.0267339380183254,-50.5380593691355
17,"Chaotic Visual",1.32933333333333,1.543,1.4548,"Chaotic Interactive","RetentionDelta",-5.71613739468567,0.478333333333333,0.604,0.517,-14.4039735099338,0.369333333333333,0.3898,0.3574,-8.31195484864032,1.66802686717731,1.68358363513838,1.64815488162359,-2.10436551979681,0.34573267017766,0.349633061041654,0.342068836169949,-2.16347528725375,0.662577089845394,0.497749044444722,0.573600463008766,15.238887831249,0.0285839437170913,0.0577897740212294,0.0267339380183254,-53.7393276386503
17,"Periodic Fadeout (SCT)",0.207666666666667,0.1706,0.1656,"Chaotic Interactive","PostDelta",21.727237202032,0.609,0.6038,0.5198,0.861212321960911,2.98366666666667,3.5866,3.155,-16.8107213888734,0.352229281165365,0.300116635463541,0.305111421897112,17.3641309890517,0.0393718842757908,0.0471013298771563,0.0678761951641248,-16.4102491830368,0.422722907624691,0.810369073592733,0.477776718061474,-47.8357551639318,0.0996374534086837,0.129103886196613,0.101972118161642,-22.8238154992907
17,"Periodic Fadeout (SCT)",0.207666666666667,0.1706,0.1656,"Chaotic Interactive","RetentionDelta",-2.93083235638922,0.609,0.6038,0.5198,-13.9118913547532,2.98366666666667,3.5866,3.155,-12.0336809234372,0.352229281165365,0.300116635463541,0.305111421897112,1.66428176360712,0.0393718842757908,0.0471013298771563,0.0678761951641248,44.1067488776875,0.422722907624691,0.810369073592733,0.477776718061474,-41.0420839552437,0.0996374534086837,0.129103886196613,0.101972118161642,-21.0154541697156
17,"Periodic Fixed",0.379666666666667,0.3876,0.5048,"Chaotic Interactive","PostDelta",-2.04678362573098,0.680666666666667,0.7264,0.722,-6.29588839941262,1.90966666666667,1.8884,1.4332,1.12617383322743,0.199955793985414,0.191528644655755,0.181437437833847,4.39994202684692,0.0413779965980445,0.0411786588807529,0.025998409743969,0.484080158775442,0.384574664744223,0.420875853087481,0.321081987378797,-8.62515349287878,0.101043943975565,0.123124123968105,0.0855232614565617,-17.9332687055381
17,"Periodic Fixed",0.379666666666667,0.3876,0.5048,"Chaotic Interactive","RetentionDelta",30.2373581011352,0.680666666666667,0.7264,0.722,-0.605726872246691,1.90966666666667,1.8884,1.4332,-24.1050624867613,0.199955793985414,0.191528644655755,0.181437437833847,-5.26877159290971,0.0413779965980445,0.0411786588807529,0.025998409743969,-36.8643602035308,0.384574664744223,0.420875853087481,0.321081987378797,-23.7109981427093,0.101043943975565,0.123124123968105,0.0855232614565617,-30.5389888672699
18,"Chaotic",0.333666666666667,0.2788,0.1992,"Periodic Fixed","PostDelta",19.6795791487327,0.414,0.4444,0.348,-6.84068406840684,1.239,1.6442,1.7518,-24.6442038681426,1.90654999392224,1.83793424069761,1.86161835109618,3.7333083907607,0.449216689717067,0.405849227318422,0.421470501580913,10.6856092064503,0.284423423882959,0.264146295722006,0.269521122870554,7.67647644102995,0.0177326865712539,0.0163880729147009,0.015699716088031,8.20483081538423
18,"Chaotic",0.333666666666667,0.2788,0.1992,"Periodic Fixed","RetentionDelta",-28.5509325681492,0.414,0.4444,0.348,-21.6921692169217,1.239,1.6442,1.7518,6.54421603211288,1.90654999392224,1.83793424069761,1.86161835109618,1.28862664801186,0.449216689717067,0.405849227318422,0.421470501580913,3.8490338803171,0.284423423882959,0.264146295722006,0.269521122870554,2.03479179363742,0.0177326865712539,0.0163880729147009,0.015699716088031,-4.20035247739491
18,"Chaotic Visual",1.316,1.3606,1.608,"Periodic Fixed","PostDelta",-3.27796560341026,0.501666666666667,0.5488,0.6182,-8.58843537414965,0.381333333333333,0.4046,0.3848,-5.75053550832097,1.64858090722596,1.68358363513838,1.67191605916758,-2.07906083082987,0.340857181597667,0.349633061041654,0.346707767893658,-2.5100256302539,0.388289492761927,0.461589115599274,0.402074278631534,-15.8798421280325,0.0362149029044095,0.0446582463420438,0.0289706654697518,-18.9065718634932
18,"Chaotic Visual",1.316,1.3606,1.608,"Periodic Fixed","RetentionDelta",18.1831544906659,0.501666666666667,0.5488,0.6182,12.6457725947522,0.381333333333333,0.4046,0.3848,-4.89372219476025,1.64858090722596,1.68358363513838,1.67191605916758,-0.693020276943282,0.340857181597667,0.349633061041654,0.346707767893658,-0.836675210084623,0.388289492761927,0.461589115599274,0.402074278631534,-12.8934662790895,0.0362149029044095,0.0446582463420438,0.0289706654697518,-35.1280718730839
18,"Periodic Fadeout (SCT)",0.429,0.2516,0.4286,"Periodic Fixed","PostDelta",70.5087440381558,0.887333333333333,0.7908,0.8796,12.2070477153937,2.06866666666667,3.1938,2.058,-35.2286722190912,0.39887513326076,0.359010554665973,0.38612591260688,11.1040129814228,0.0772615677474708,0.0673596767465343,0.0652753731888248,14.700027493,0.4710024059429,0.357257488016424,0.294906592120444,31.8383579748083,0.0789062549059344,0.0820388381185469,0.0984568204912619,-3.81841489281679
18,"Periodic Fadeout (SCT)",0.429,0.2516,0.4286,"Periodic Fixed","RetentionDelta",70.3497615262321,0.887333333333333,0.7908,0.8796,11.2291350531108,2.06866666666667,3.1938,2.058,-35.562652639489,0.39887513326076,0.359010554665973,0.38612591260688,7.55280244229477,0.0772615677474708,0.0673596767465343,0.0652753731888248,-3.09428972700173,0.4710024059429,0.357257488016424,0.294906592120444,-17.452649136108,0.0789062549059344,0.0820388381185469,0.0984568204912619,20.0124511136919
18,"Periodic Fixed",0.358,0.4066,0.2638,"Periodic Fixed","PostDelta",-11.952779144122,0.838,0.8176,0.5662,2.49510763209393,2.369,2.0126,2.1554,17.7084368478585,0.202813246223775,0.211609512304091,0.247031253681637,-4.15683869053821,0.0393291183935368,0.043000792531725,0.0369379051066598,-8.53861969050758,0.341825490615109,0.249010835989853,0.346613538258647,37.2733396345202,0.125835497855956,0.0987538984657188,0.128399284592909,27.4233218242402
18,"Periodic Fixed",0.358,0.4066,0.2638,"Periodic Fixed","RetentionDelta",-35.120511559272,0.838,0.8176,0.5662,-30.7485322896282,2.369,2.0126,2.1554,7.09529961244161,0.202813246223775,0.211609512304091,0.247031253681637,16.7392008950162,0.0393291183935368,0.043000792531725,0.0369379051066598,-14.0994783307589,0.341825490615109,0.249010835989853,0.346613538258647,39.1961666570894,0.125835497855956,0.0987538984657188,0.128399284592909,30.0194590672092
19,"Chaotic",0.195,0.1616,0.2296,"Chaotic Non-interactive","PostDelta",20.6683168316832,0.415666666666667,0.4032,0.405,3.09193121693122,2.20433333333333,2.5256,1.8198,-12.7204096716292,1.82963344090291,1.87285126180269,1.87285126180269,-2.30759493726052,0.40005940916612,0.428407048614952,0.428407048614952,-6.61698717154162,0.349985380319978,0.430120141817002,0.403992277041901,-18.6307856122483,0.0265407848061656,0.035964303869966,0.0210104989550854,-26.2024230967252
19,"Chaotic",0.195,0.1616,0.2296,"Chaotic Non-interactive","RetentionDelta",42.0792079207921,0.415666666666667,0.4032,0.405,0.446428571428564,2.20433333333333,2.5256,1.8198,-27.9458346531517,1.82963344090291,1.87285126180269,1.87285126180269,0,0.40005940916612,0.428407048614952,0.428407048614952,0,0.349985380319978,0.430120141817002,0.403992277041901,-6.07455039532124,0.0265407848061656,0.035964303869966,0.0210104989550854,-41.579575595146
19,"Chaotic Visual",1.90866666666667,1.6726,1.7752,"Chaotic Non-interactive","PostDelta",14.1137550320858,0.669666666666667,0.6164,0.6258,8.64157473502055,0.351,0.3704,0.353,-5.23758099352053,1.64858090722596,1.64858090722596,1.66024848319677,0,0.340857181597667,0.340857181597667,0.343782474745663,0,0.438710611249013,0.420090923457756,0.495848299971338,4.43229947412306,0.0267084933104031,0.03773872007098,0.0345311427266856,-29.2278772036542
19,"Chaotic Visual",1.90866666666667,1.6726,1.7752,"Chaotic Non-interactive","RetentionDelta",6.13416238192036,0.669666666666667,0.6164,0.6258,1.52498377676834,0.351,0.3704,0.353,-4.6976241900648,1.64858090722596,1.64858090722596,1.66024848319677,0.707734507882957,0.340857181597667,0.340857181597667,0.343782474745663,0.858216668425223,0.438710611249013,0.420090923457756,0.495848299971338,18.0335666122051,0.0267084933104031,0.03773872007098,0.0345311427266856,-8.49943330950669
19,"Periodic Fadeout (SCT)",0.382,0.2738,0.2898,"Chaotic Non-interactive","PostDelta",39.517896274653,0.896,0.9344,0.9066,-4.10958904109589,2.39066666666667,3.4998,3.1666,-31.6913347429377,0.408012966556845,0.447430349659632,0.37381428923025,-8.80972493993147,0.0627845254696258,0.0735803849296702,0.0766543883343126,-14.6721975841297,0.418605425437009,0.402078513501462,0.480767247615774,4.11036933847155,0.117710737088012,0.138285615013821,0.136547858488168,-14.8785381066227
19,"Periodic Fadeout (SCT)",0.382,0.2738,0.2898,"Chaotic Non-interactive","RetentionDelta",5.8436815193572,0.896,0.9344,0.9066,-2.97517123287671,2.39066666666667,3.4998,3.1666,-9.52054403108749,0.408012966556845,0.447430349659632,0.37381428923025,-16.453077106947,0.0627845254696258,0.0735803849296702,0.0766543883343126,4.17774846867207,0.418605425437009,0.402078513501462,0.480767247615774,19.5704897108423,0.117710737088012,0.138285615013821,0.136547858488168,-1.25664301777083
19,"Periodic Fixed",0.409,0.4685,0.2798,"Chaotic Non-interactive","PostDelta",-12.7001067235859,0.827333333333333,0.7765,0.9056,6.54646919939902,2.06033333333333,1.66925,3.2714,23.428685537417,0.216017539598457,0.194534455110213,0.235669530502975,11.0433313605412,0.0318716880901735,0.0273041557568895,0.0326541213175086,16.7283411871527,0.248748870711663,0.252021923530043,0.236532632607088,-1.2987174974836,0.0949268733956746,0.11355672919514,0.081853056601241,-16.4057699895978
19,"Periodic Fixed",0.409,0.4685,0.2798,"Chaotic Non-interactive","RetentionDelta",-40.2774813233725,0.827333333333333,0.7765,0.9056,16.6258853831294,2.06033333333333,1.66925,3.2714,95.9802306425041,0.216017539598457,0.194534455110213,0.235669530502975,21.1453931744157,0.0318716880901735,0.0273041557568895,0.0326541213175086,19.5939607444893,0.248748870711663,0.252021923530043,0.236532632607088,-6.14600932569586,0.0949268733956746,0.11355672919514,0.081853056601241,-27.918796903192
20,"Chaotic",0.246666666666667,0.2168,0.34,"Chaotic Non-interactive","PostDelta",13.7761377613776,0.366333333333333,0.3652,0.4222,0.310332238043078,1.50266666666667,1.7032,1.2476,-11.7739157664005,1.85038544038966,1.86161835109618,1.88408417250921,-0.603394927854123,0.414533954546875,0.421470501580913,0.43534359564899,-1.64579656417704,0.44461801628557,0.350763624177259,0.349262984267216,26.7571622708751,0.0160960596202988,0.0146450348584251,0.0287938983889439,9.90796386557535
20,"Chaotic",0.246666666666667,0.2168,0.34,"Chaotic Non-interactive","RetentionDelta",56.8265682656826,0.366333333333333,0.3652,0.4222,15.6078860898138,1.50266666666667,1.7032,1.2476,-26.7496477219352,1.85038544038966,1.86161835109618,1.88408417250921,1.20678985570826,0.414533954546875,0.421470501580913,0.43534359564899,3.29159312835407,0.44461801628557,0.350763624177259,0.349262984267216,-0.427820847604449,0.0160960596202988,0.0146450348584251,0.0287938983889439,96.6120167503673
20,"Chaotic Visual",1.44533333333333,1.6468,1.725,"Chaotic Non-interactive","PostDelta",-12.233827220468,0.516333333333333,0.5834,0.5972,-11.4958290481088,0.357,0.3554,0.3474,0.450196961170509,1.64858090722596,1.67191605916758,1.66024848319677,-1.39571312887767,0.340857181597667,0.346707767893658,0.343782474745663,-1.68746905543394,0.446164677949535,0.487969656699129,0.412678493520847,-8.56712670053771,0.0219427760357617,0.0230468161835548,0.0274178530081082,-4.79042371406113
20,"Chaotic Visual",1.44533333333333,1.6468,1.725,"Chaotic Non-interactive","RetentionDelta",4.74860335195531,0.516333333333333,0.5834,0.5972,2.36544394926295,0.357,0.3554,0.3474,-2.25098480585256,1.64858090722596,1.67191605916758,1.66024848319677,-0.697856564438836,0.340857181597667,0.346707767893658,0.343782474745663,-0.843734527716972,0.446164677949535,0.487969656699129,0.412678493520847,-15.4294764325284,0.0219427760357617,0.0230468161835548,0.0274178530081082,18.9659030980267
20,"Periodic Fadeout (SCT)",0.365333333333333,0.358,0.4014,"Chaotic Non-interactive","PostDelta",2.04841713221602,0.903666666666667,0.8514,0.9078,6.13890846448986,2.517,2.5688,2.287,-2.01650576144504,0.423226271297026,0.411170704867467,0.369250573449886,2.93201005977426,0.0638097155937616,0.0632043684346261,0.0650998505147638,0.957761582194501,0.450765590384769,0.400983643301435,0.326309889591941,12.4149570474901,0.170540825305795,0.150901740037131,0.150274575152024,13.0144856274235
20,"Periodic Fadeout (SCT)",0.365333333333333,0.358,0.4014,"Chaotic Non-interactive","RetentionDelta",12.122905027933,0.903666666666667,0.8514,0.9078,6.62438336856942,2.517,2.5688,2.287,-10.9701027717222,0.423226271297026,0.411170704867467,0.369250573449886,-10.195310833512,0.0638097155937616,0.0632043684346261,0.0650998505147638,2.9989732151161,0.450765590384769,0.400983643301435,0.326309889591941,-18.6226433314536,0.170540825305795,0.150901740037131,0.150274575152024,-0.415611433607127
20,"Periodic Fixed",0.358,0.3566,0.3392,"Chaotic Non-interactive","PostDelta",0.392596747055528,0.794666666666667,0.8202,0.6492,-3.11306185483215,2.25566666666667,2.3198,1.915,-2.76460614420782,0.21724826510466,0.228305540979514,0.207411615855463,-4.84319207821871,0.033708724331989,0.0401524661044976,0.034107806280727,-16.0481843275545,0.292527480814662,0.268798805765197,0.344851064095276,8.82767130676627,0.115426903776841,0.114557133619675,0.130068599475828,0.759245740254726
20,"Periodic Fixed",0.358,0.3566,0.3392,"Chaotic Non-interactive","RetentionDelta",-4.87941671340437,0.794666666666667,0.8202,0.6492,-20.848573518654,2.25566666666667,2.3198,1.915,-17.4497801534615,0.21724826510466,0.228305540979514,0.207411615855463,-9.15173807626755,0.033708724331989,0.0401524661044976,0.034107806280727,-15.0542679197816,0.292527480814662,0.268798805765197,0.344851064095276,28.2933765697282,0.115426903776841,0.114557133619675,0.130068599475828,13.5403753271708
21,"Chaotic",0.419,0.2696,0.4034,"Periodic Fixed","PostDelta",55.4154302670623,0.538,0.4914,0.5724,9.48310948310949,1.286,1.8272,1.4718,-29.6190893169877,1.86910695823385,1.86161835109618,1.86161835109618,0.40226328523609,0.426094866270272,0.421470501580913,0.421470501580913,1.09719770945136,0.477104523791491,0.404935012102095,0.478062803560552,17.8224923833458,0.0775512201426275,0.0463935507884454,0.043406886386657,67.1594840762696
21,"Chaotic",0.419,0.2696,0.4034,"Periodic Fixed","RetentionDelta",49.6290801186944,0.538,0.4914,0.5724,16.4835164835165,1.286,1.8272,1.4718,-19.4505253940455,1.86910695823385,1.86161835109618,1.86161835109618,0,0.426094866270272,0.421470501580913,0.421470501580913,0,0.477104523791491,0.404935012102095,0.478062803560552,18.0591426458376,0.0775512201426275,0.0463935507884454,0.043406886386657,-6.43767151043826
21,"Chaotic Visual",1.349,1.366,1.6384,"Periodic Fixed","PostDelta",-1.24450951683747,0.615333333333333,0.6004,0.6052,2.48723073506552,0.462,0.4412,0.3706,4.71441523118768,1.66802686717731,1.67149003356521,1.64858090722596,-0.207190370170063,0.34573267017766,0.34791942246594,0.340857181597667,-0.628522625377269,0.597584807766147,0.515880158492935,0.587223765041771,15.8379127260678,0.042703838689082,0.0406517191388699,0.0625411476049369,5.0480510878319
21,"Chaotic Visual",1.349,1.366,1.6384,"Periodic Fixed","RetentionDelta",19.9414348462665,0.615333333333333,0.6004,0.6052,0.799467021985348,0.462,0.4412,0.3706,-16.0018132366274,1.66802686717731,1.67149003356521,1.64858090722596,-1.37058109107489,0.34573267017766,0.34791942246594,0.340857181597667,-2.02984956063049,0.597584807766147,0.515880158492935,0.587223765041771,13.8294922520872,0.042703838689082,0.0406517191388699,0.0625411476049369,53.8462552869925
21,"Periodic Fadeout (SCT)",0.190666666666667,0.1802,0.3264,"Periodic Fixed","PostDelta",5.80836108028118,0.719333333333333,0.6748,0.8028,6.59948626753607,3.82466666666667,3.8516,2.563,-0.699276491155183,0.343215573865168,0.371314686364318,0.381340270608765,-7.56746596109077,0.0527707927948976,0.0746344323726239,0.0737210730562247,-29.2943067732715,0.457700014972573,0.618175403801899,0.464295995950338,-25.9595234366122,0.134413997339364,0.138362423100789,0.131781678342894,-2.85368358903972
21,"Periodic Fadeout (SCT)",0.190666666666667,0.1802,0.3264,"Periodic Fixed","RetentionDelta",81.1320754716981,0.719333333333333,0.6748,0.8028,18.968583283936,3.82466666666667,3.8516,2.563,-33.4562259840067,0.343215573865168,0.371314686364318,0.381340270608765,2.70002362217645,0.0527707927948976,0.0746344323726239,0.0737210730562247,-1.22377740054236,0.457700014972573,0.618175403801899,0.464295995950338,-24.892515442247,0.134413997339364,0.138362423100789,0.131781678342894,-4.756164723352
21,"Periodic Fixed",0.420333333333333,0.2568,0.4638,"Periodic Fixed","PostDelta",63.681204569055,0.759333333333333,0.5538,0.779,37.1132779583484,1.833,2.2116,1.7318,-17.1188279978296,0.177669684940697,0.194610851433574,0.165323476415226,-8.70514997908991,0.0357823070903513,0.0333412169803108,0.028624217304515,7.32153871732435,0.347644235416802,0.397274633033422,0.360371710909803,-12.4927175031697,0.103768762109373,0.104079784636868,0.120462994360817,-0.29883087150844
21,"Periodic Fixed",0.420333333333333,0.2568,0.4638,"Periodic Fixed","RetentionDelta",80.607476635514,0.759333333333333,0.5538,0.779,40.6644998194294,1.833,2.2116,1.7318,-21.6947006691988,0.177669684940697,0.194610851433574,0.165323476415226,-15.0491993650952,0.0357823070903513,0.0333412169803108,0.028624217304515,-14.147652974339,0.347644235416802,0.397274633033422,0.360371710909803,-9.28902050499505,0.103768762109373,0.104079784636868,0.120462994360817,15.7410103999635
22,"Chaotic",0.326333333333333,0.124,0.3024,"Periodic Fixed","PostDelta",163.172043010753,0.483666666666667,0.362,0.4822,33.609576427256,1.50133333333333,3.039,1.627,-50.59778435889,1.85038544038966,1.87285126180269,1.85038544038966,-1.19955182086418,0.414533954546875,0.428407048614952,0.414533954546875,-3.23829734196222,0.511477036252406,0.405924696993669,0.511655927410482,26.0029360224868,0.0891507261723053,0.0231780136923345,0.0459413232879271,284.634884402495
22,"Chaotic",0.326333333333333,0.124,0.3024,"Periodic Fixed","RetentionDelta",143.870967741935,0.483666666666667,0.362,0.4822,33.2044198895028,1.50133333333333,3.039,1.627,-46.4626521882198,1.85038544038966,1.87285126180269,1.85038544038966,-1.19955182086418,0.414533954546875,0.428407048614952,0.414533954546875,-3.23829734196222,0.511477036252406,0.405924696993669,0.511655927410482,26.0470060579887,0.0891507261723053,0.0231780136923345,0.0459413232879271,98.2107867298435
22,"Chaotic Visual",1.16933333333333,1.29,1.2288,"Periodic Fixed","PostDelta",-9.35400516795866,0.465333333333333,0.567,0.5088,-17.9306290417401,0.400666666666667,0.441,0.4166,-9.145880574452,1.66802686717731,1.67191605916758,1.67191605916758,-0.232618854812954,0.34573267017766,0.346707767893658,0.346707767893658,-0.281244842572335,0.492441438022728,0.567293543669749,0.620334968543815,-13.1945985429012,0.0606978631522664,0.0387048186623759,0.0644389350341534,56.8224971720885
22,"Chaotic Visual",1.16933333333333,1.29,1.2288,"Periodic Fixed","RetentionDelta",-4.74418604651162,0.465333333333333,0.567,0.5088,-10.2645502645502,0.400666666666667,0.441,0.4166,-5.5328798185941,1.66802686717731,1.67191605916758,1.67191605916758,0,0.34573267017766,0.346707767893658,0.346707767893658,0,0.492441438022728,0.567293543669749,0.620334968543815,9.34990807950102,0.0606978631522664,0.0387048186623759,0.0644389350341534,66.4881460788064
22,"Periodic Fadeout (SCT)",0.326333333333333,0.2216,0.422,"Periodic Fixed","PostDelta",47.2623345367028,0.860333333333333,0.7286,0.8802,18.0803367188215,2.63766666666667,3.373,2.1592,-21.8005731791679,0.336191765481884,0.360454836140899,0.357878016770425,-6.73123737741471,0.0625862508480296,0.0846801516369909,0.0575746872349862,-26.0910028641351,0.486949181469636,0.723634433285649,0.524789817909338,-32.7078481798258,0.179051278384958,0.167807510044259,0.137056968470349,6.70039638734498
22,"Periodic Fadeout (SCT)",0.326333333333333,0.2216,0.422,"Periodic Fixed","RetentionDelta",90.4332129963899,0.860333333333333,0.7286,0.8802,20.8070271754049,2.63766666666667,3.373,2.1592,-35.9857693447969,0.336191765481884,0.360454836140899,0.357878016770425,-0.714879955020592,0.0625862508480296,0.0846801516369909,0.0575746872349862,-32.0092298821111,0.486949181469636,0.723634433285649,0.524789817909338,-27.478600551588,0.179051278384958,0.167807510044259,0.137056968470349,-18.3248899681544
22,"Periodic Fixed",0.452333333333333,0.2548,0.283,"Periodic Fixed","PostDelta",77.5248560962847,0.829333333333333,0.7606,0.8116,9.0367253922342,1.84166666666667,3.0524,2.9246,-39.6649630891539,0.236446943567754,0.23026069161232,0.236195702874028,2.68662962493387,0.0159992580539318,0.0423698889260311,0.0393577061508309,-62.2390842660382,0.473570492132893,0.455094902644862,0.430495967031065,4.05972235255937,0.185074778621404,0.170923041352316,0.153999934729245,8.27959598490697
22,"Periodic Fixed",0.452333333333333,0.2548,0.283,"Periodic Fixed","RetentionDelta",11.0675039246468,0.829333333333333,0.7606,0.8116,6.70523271101761,1.84166666666667,3.0524,2.9246,-4.1868693487092,0.236446943567754,0.23026069161232,0.236195702874028,2.57751821214049,0.0159992580539318,0.0423698889260311,0.0393577061508309,-7.10925341451528,0.473570492132893,0.455094902644862,0.430495967031065,-5.40523206716561,0.185074778621404,0.170923041352316,0.153999934729245,-9.90100953574098
23,"Chaotic",0.418666666666667,0.3504,0.3544,"Chaotic Non-interactive","PostDelta",19.482496194825,0.521666666666667,0.5034,0.5166,3.62865845583366,1.251,1.4364,1.4558,-12.9072681704261,1.82963344090291,1.86161835109618,1.85038544038966,-1.71812392021323,0.40005940916612,0.421470501580913,0.414533954546875,-5.08009275488585,0.555161026028404,0.376400226659754,0.449446500826196,47.492213528936,0.0487314306717493,0.0261283484299928,0.0257767715858763,86.5078874094099
23,"Chaotic",0.418666666666667,0.3504,0.3544,"Chaotic Non-interactive","RetentionDelta",1.14155251141553,0.521666666666667,0.5034,0.5166,2.62216924910605,1.251,1.4364,1.4558,1.35059871901978,1.82963344090291,1.86161835109618,1.85038544038966,-0.603394927854123,0.40005940916612,0.421470501580913,0.414533954546875,-1.64579656417704,0.555161026028404,0.376400226659754,0.449446500826196,19.4065436183894,0.0487314306717493,0.0261283484299928,0.0257767715858763,-1.34557622368862
23,"Chaotic Visual",1.253,1.3796,1.5186,"Chaotic Non-interactive","PostDelta",-9.17657291968687,0.520666666666667,0.6186,0.5732,-15.8314473542408,0.417666666666667,0.4498,0.3866,-7.14391581443604,1.64858090722596,1.66024848319677,1.6598224575944,-0.702760827002377,0.340857181597667,0.343782474745663,0.344994129317944,-0.850913982790951,0.487301164469445,0.476238421128903,0.505896221513787,2.32294221753856,0.0519256119450332,0.0397509433076069,0.0460157854635858,30.6273703826707
23,"Chaotic Visual",1.253,1.3796,1.5186,"Chaotic Non-interactive","RetentionDelta",10.0753841693244,0.520666666666667,0.6186,0.5732,-7.33915292596185,0.417666666666667,0.4498,0.3866,-14.0506891951979,1.64858090722596,1.66024848319677,1.6598224575944,-0.025660351849847,0.340857181597667,0.343782474745663,0.344994129317944,0.352448033652149,0.487301164469445,0.476238421128903,0.505896221513787,6.22751106779283,0.0519256119450332,0.0397509433076069,0.0460157854635858,15.7602351911484
23,"Periodic Fadeout (SCT)",0.484666666666667,0.5446,0.6486,"Chaotic Non-interactive","PostDelta",-11.0050189741706,0.927333333333333,0.9362,0.9378,-0.947091077405115,2.077,1.7618,1.4694,17.8907935066409,0.357344767095206,0.390461493280116,0.394156858317172,-8.48143203743586,0.0773393762734568,0.0766916293449548,0.065722058674422,0.844612292155825,0.50093692295628,0.411874710822886,0.479457651324509,21.6236175208369,0.15249966368452,0.134880068509312,0.123989799381875,13.0631570475451
23,"Periodic Fadeout (SCT)",0.484666666666667,0.5446,0.6486,"Chaotic Non-interactive","RetentionDelta",19.0965846492839,0.927333333333333,0.9362,0.9378,0.170903653065577,2.077,1.7618,1.4694,-16.596662504257,0.357344767095206,0.390461493280116,0.394156858317172,0.946409594967349,0.0773393762734568,0.0766916293449548,0.065722058674422,-14.3034784424676,0.50093692295628,0.411874710822886,0.479457651324509,16.4086161946186,0.15249966368452,0.134880068509312,0.123989799381875,-8.07403884635867
23,"Periodic Fixed",0.636333333333333,0.5514,0.4444,"Chaotic Non-interactive","PostDelta",15.4032160560996,0.927666666666667,0.8448,0.9218,9.80902777777778,1.51133333333333,1.5338,2.0986,-1.46477159125483,0.206382236854832,0.172368779413053,0.194522487854345,19.7329571849389,0.0250236392903281,0.0285274324085539,0.0344938733748539,-12.2821888351062,0.424164918803328,0.262617732224497,0.310747954554063,61.5141960180869,0.105705240680107,0.108019166486331,0.110340432750841,-2.14214373383104
23,"Periodic Fixed",0.636333333333333,0.5514,0.4444,"Chaotic Non-interactive","RetentionDelta",-19.405150525934,0.927666666666667,0.8448,0.9218,9.11458333333333,1.51133333333333,1.5338,2.0986,36.8235754335637,0.206382236854832,0.172368779413053,0.194522487854345,12.8525064206696,0.0250236392903281,0.0285274324085539,0.0344938733748539,20.914749287114,0.424164918803328,0.262617732224497,0.310747954554063,18.3271030184751,0.105705240680107,0.108019166486331,0.110340432750841,2.14893924848385
24,"Chaotic",0.346666666666667,0.3564,0.345,"Periodic Fixed","PostDelta",-2.73101384212495,0.502,0.4496,0.5376,11.6548042704626,1.466,1.321,1.5818,10.9765329295988,1.85038544038966,1.85038544038966,1.8589808285852,0,0.414533954546875,0.414533954546875,0.418329858901523,0,0.3908814333835,0.385145342697793,0.525105185251433,1.48933144187267,0.0209277612185282,0.0135926578859174,0.0287581462317387,53.9637162516265
24,"Chaotic",0.346666666666667,0.3564,0.345,"Periodic Fixed","RetentionDelta",-3.19865319865319,0.502,0.4496,0.5376,19.5729537366548,1.466,1.321,1.5818,19.7426192278577,1.85038544038966,1.85038544038966,1.8589808285852,0.46451879743108,0.414533954546875,0.414533954546875,0.418329858901523,0.915704084794949,0.3908814333835,0.385145342697793,0.525105185251433,36.3394872110554,0.0209277612185282,0.0135926578859174,0.0287581462317387,111.571176683064
24,"Chaotic Visual",1.63266666666667,1.6964,1.7822,"Periodic Fixed","PostDelta",-3.75697555607955,0.644333333333333,0.6448,0.7242,-0.0723738626964526,0.395666666666667,0.38,0.4058,4.12280701754386,1.66802686717731,1.68358363513838,1.69525121110919,-0.92402703592439,0.34573267017766,0.349633061041654,0.352558354189649,-1.11556694677951,0.489564424986508,0.476975135121317,0.533388183744873,2.63940170843262,0.0456254232644249,0.0314600712182115,0.0522752011257564,45.0264462148241
24,"Chaotic Visual",1.63266666666667,1.6964,1.7822,"Periodic Fixed","RetentionDelta",5.05776939401084,0.644333333333333,0.6448,0.7242,12.3138957816377,0.395666666666667,0.38,0.4058,6.78947368421052,1.66802686717731,1.68358363513838,1.69525121110919,0.693020276943295,0.34573267017766,0.349633061041654,0.352558354189649,0.836675210084639,0.489564424986508,0.476975135121317,0.533388183744873,11.8272514581305,0.0456254232644249,0.0314600712182115,0.0522752011257564,66.1636452224416
24,"Periodic Fadeout (SCT)",0.724,0.5392,0.5796,"Periodic Fixed","PostDelta",34.2729970326409,0.963666666666667,0.9286,0.9574,3.77629406274679,1.35866666666667,1.874,1.6932,-27.4991106367841,0.370627509480016,0.355119959977296,0.401196690846508,4.36684817820736,0.0489513474911335,0.0629002127975658,0.0735337006539707,-22.1761814245756,0.42269726896931,0.484825881518601,0.418187583661401,-12.8146237479501,0.164350711112891,0.13587797079876,0.134854511451626,20.9546405107123
24,"Periodic Fadeout (SCT)",0.724,0.5392,0.5796,"Periodic Fixed","RetentionDelta",7.49258160237389,0.963666666666667,0.9286,0.9574,3.10144303252207,1.35866666666667,1.874,1.6932,-9.6478121664888,0.370627509480016,0.355119959977296,0.401196690846508,12.9749763635245,0.0489513474911335,0.0629002127975658,0.0735337006539707,16.9053289066398,0.42269726896931,0.484825881518601,0.418187583661401,-13.7447897064554,0.164350711112891,0.13587797079876,0.134854511451626,-0.753219481508617
24,"Periodic Fixed",0.471333333333333,0.5272,0.4258,"Periodic Fixed","PostDelta",-10.5968639352554,0.906,0.8782,0.7822,3.16556593031201,1.92866666666667,1.7326,1.8348,11.3163261379815,0.199456771505952,0.198238431542496,0.186253536047811,0.614583133036519,0.0428920890907596,0.0379414769422251,0.0380435807250418,13.0480217100483,0.318079701853302,0.32131975885456,0.354580930182513,-1.00835909151957,0.114934593342765,0.12913987439969,0.115642685182022,-10.9999185944379
24,"Periodic Fixed",0.471333333333333,0.5272,0.4258,"Periodic Fixed","RetentionDelta",-19.2336874051593,0.906,0.8782,0.7822,-10.9314506946026,1.92866666666667,1.7326,1.8348,5.89864942860441,0.199456771505952,0.198238431542496,0.186253536047811,-6.04569729564069,0.0428920890907596,0.0379414769422251,0.0380435807250418,0.269108614227546,0.318079701853302,0.32131975885456,0.354580930182513,10.3514242157163,0.114934593342765,0.12913987439969,0.115642685182022,-10.4516047273625
25,"Chaotic",0.468,0.2888,0.3834,"Chaotic Interactive","PostDelta",62.0498614958449,0.499333333333333,0.4414,0.4862,13.1249056033832,1.06666666666667,1.5684,1.2754,-31.9901385700927,1.85038544038966,1.86161835109618,1.87285126180269,-0.603394927854123,0.414533954546875,0.421470501580913,0.428407048614952,-1.64579656417704,0.388526358104046,0.386847768268863,0.461910524274174,0.433914829777984,0.0413652195513268,0.033098857594584,0.0544076374460694,24.9747651655971
25,"Chaotic",0.468,0.2888,0.3834,"Chaotic Interactive","RetentionDelta",32.7562326869806,0.499333333333333,0.4414,0.4862,10.1495242410512,1.06666666666667,1.5684,1.2754,-18.6814588115277,1.85038544038966,1.86161835109618,1.87285126180269,0.603394927854135,0.414533954546875,0.421470501580913,0.428407048614952,1.64579656417704,0.388526358104046,0.386847768268863,0.461910524274174,19.4036936909875,0.0413652195513268,0.033098857594584,0.0544076374460694,64.3792003714719
25,"Chaotic Visual",1.68266666666667,1.8062,2.0334,"Chaotic Interactive","PostDelta",-6.83940501236481,0.609333333333333,0.6564,0.7134,-7.17042453788341,0.362333333333333,0.3636,0.351,-0.348368170150341,1.68747282712865,1.64858090722596,1.64858090722596,2.35911502627652,0.350608158757652,0.340857181597667,0.340857181597667,2.86072222808407,0.501788315700599,0.546351524949338,0.543286881000895,-8.15650862379697,0.045470567216943,0.0445457900957726,0.0377276198854286,2.07601463389054
25,"Chaotic Visual",1.68266666666667,1.8062,2.0334,"Chaotic Interactive","RetentionDelta",12.5788949175064,0.609333333333333,0.6564,0.7134,8.6837294332724,0.362333333333333,0.3636,0.351,-3.46534653465347,1.68747282712865,1.64858090722596,1.64858090722596,0,0.350608158757652,0.340857181597667,0.340857181597667,0,0.501788315700599,0.546351524949338,0.543286881000895,-0.560928963953733,0.045470567216943,0.0445457900957726,0.0377276198854286,-15.3059810942516
25,"Periodic Fadeout (SCT)",0.318,0.227,0.3558,"Chaotic Interactive","PostDelta",40.0881057268722,0.852,0.7602,0.8634,12.0757695343331,2.68666666666667,3.4734,2.486,-22.6502370395962,0.299267476092381,0.296138050732207,0.338477459847537,1.05674544437528,0.0649764839595936,0.0506946565853231,0.0548558814616491,28.1722539144397,0.64448053941497,0.738527703600568,0.737380633106922,-12.7344124976066,0.0894132861409765,0.184045373145037,0.138719406804332,-51.4178027879492
25,"Periodic Fadeout (SCT)",0.318,0.227,0.3558,"Chaotic Interactive","RetentionDelta",56.7400881057269,0.852,0.7602,0.8634,13.5753749013417,2.68666666666667,3.4734,2.486,-28.427477399666,0.299267476092381,0.296138050732207,0.338477459847537,14.2971864002768,0.0649764839595936,0.0506946565853231,0.0548558814616491,8.20840924195296,0.64448053941497,0.738527703600568,0.737380633106922,-0.155318546352865,0.0894132861409765,0.184045373145037,0.138719406804332,-24.627604359815
25,"Periodic Fixed",0.517666666666667,0.3236,0.5194,"Chaotic Interactive","PostDelta",59.9711578079934,0.726666666666667,0.7028,0.7766,3.39594004932651,1.40833333333333,2.2046,1.614,-36.1184190631709,0.129646902557781,0.209843743357673,0.179242266897624,-38.2174085901617,0.0252643265739773,0.0311804974496533,0.0391246166015749,-18.973946407458,0.384670681131968,0.472769092021916,0.438918925509143,-18.6345538184767,0.110390897141816,0.135578362935445,0.144084617879279,-18.5777916536887
25,"Periodic Fixed",0.517666666666667,0.3236,0.5194,"Chaotic Interactive","RetentionDelta",60.5067985166873,0.726666666666667,0.7028,0.7766,10.5008537279454,1.40833333333333,2.2046,1.614,-26.7894402612719,0.129646902557781,0.209843743357673,0.179242266897624,-14.5829825423432,0.0252643265739773,0.0311804974496533,0.0391246166015749,25.4778460951397,0.384670681131968,0.472769092021916,0.438918925509143,-7.15997874734253,0.110390897141816,0.135578362935445,0.144084617879279,6.27405048981497
26,"Chaotic",0.227,0.2116,0.476,"Chaotic Interactive","PostDelta",7.27788279773157,0.402666666666667,0.44,0.5574,-8.48484848484848,2.13266666666667,2.4554,1.185,-13.1438190654612,1.88782847607805,1.83793424069761,1.86161835109618,2.71469099794868,0.43765577799367,0.405849227318422,0.421470501580913,7.8370361538948,0.398213533189327,0.398752583674683,0.397863430786825,-0.135184198780157,0.0914921119723196,0.0577338121294582,0.0985534143893122,58.4723208077169
26,"Chaotic",0.227,0.2116,0.476,"Chaotic Interactive","RetentionDelta",124.952741020794,0.402666666666667,0.44,0.5574,26.6818181818182,2.13266666666667,2.4554,1.185,-51.7390241915777,1.88782847607805,1.83793424069761,1.86161835109618,1.28862664801186,0.43765577799367,0.405849227318422,0.421470501580913,3.8490338803171,0.398213533189327,0.398752583674683,0.397863430786825,-0.222983605438704,0.0914921119723196,0.0577338121294582,0.0985534143893122,70.7031127068538
26,"Chaotic Visual",1.46433333333333,1.4746,1.5818,"Chaotic Interactive","PostDelta",-0.696234006962339,0.547333333333333,0.5624,0.6494,-2.67899478425794,0.373666666666667,0.3802,0.4104,-1.71839382780993,1.66802686717731,1.68358363513838,1.69525121110919,-0.92402703592439,0.34573267017766,0.349633061041654,0.352558354189649,-1.11556694677951,0.335819411424388,0.385768934637797,0.462894052181505,-12.9480418790868,0.0383287348787151,0.0415654704646799,0.030719480500838,-7.78707795143388
26,"Chaotic Visual",1.46433333333333,1.4746,1.5818,"Chaotic Interactive","RetentionDelta",7.26976807269769,0.547333333333333,0.5624,0.6494,15.4694167852063,0.373666666666667,0.3802,0.4104,7.9431877958969,1.66802686717731,1.68358363513838,1.69525121110919,0.693020276943295,0.34573267017766,0.349633061041654,0.352558354189649,0.836675210084639,0.335819411424388,0.385768934637797,0.462894052181505,19.9925682497275,0.0383287348787151,0.0415654704646799,0.030719480500838,-26.0937500347993
26,"Periodic Fadeout (SCT)",0.325333333333333,0.239,0.2658,"Chaotic Interactive","PostDelta",36.1227336122733,0.822,0.8062,0.7498,1.95981146117588,2.68033333333333,3.5166,2.8612,-23.7805456027602,0.368831465070982,0.344682344549775,0.329946421179704,7.00619596653566,0.0543403514909921,0.0556944571237664,0.0677692663981492,-2.43131130583636,0.383858603646686,0.542223228736033,0.499894700054679,-29.2065364773301,0.105489847689008,0.193149028997982,0.15869239520481,-45.384220549144
26,"Periodic Fadeout (SCT)",0.325333333333333,0.239,0.2658,"Chaotic Interactive","RetentionDelta",11.2133891213389,0.822,0.8062,0.7498,-6.99578268419747,2.68033333333333,3.5166,2.8612,-18.6373201387704,0.368831465070982,0.344682344549775,0.329946421179704,-4.27521850279838,0.0543403514909921,0.0556944571237664,0.0677692663981492,21.6804506192594,0.383858603646686,0.542223228736033,0.499894700054679,-7.80647645436093,0.105489847689008,0.193149028997982,0.15869239520481,-17.839403061939
26,"Periodic Fixed",0.348666666666667,0.2018,0.5586,"Chaotic Interactive","PostDelta",72.7783283779319,0.646,0.5742,0.8218,12.5043538836642,2.099,3.1282,1.5046,-32.9007096732945,0.190829092810016,0.178657809163216,0.175141520173767,6.81262336295674,0.0426882889532793,0.0260342437088849,0.0351280173604061,63.9697677820799,0.289653577345724,0.379854493959761,0.376349570883042,-23.7461759827415,0.10655701717216,0.110773430254642,0.152934755958019,-3.80633972676418
26,"Periodic Fixed",0.348666666666667,0.2018,0.5586,"Chaotic Interactive","RetentionDelta",176.808721506442,0.646,0.5742,0.8218,43.120863810519,2.099,3.1282,1.5046,-51.9020522984464,0.190829092810016,0.178657809163216,0.175141520173767,-1.96816976874333,0.0426882889532793,0.0260342437088849,0.0351280173604061,34.9300473376829,0.289653577345724,0.379854493959761,0.376349570883042,-0.92270149029504,0.10655701717216,0.110773430254642,0.152934755958019,38.0608649623453
27,"Chaotic",0.136333333333333,0.13,0.121,"Periodic Fixed","PostDelta",4.87179487179487,0.421666666666667,0.3944,0.2778,6.91345503718727,3.18533333333333,3.041,2.317,4.7462457524937,1.90654999392224,1.86161835109618,1.87285126180269,2.41357971141652,0.449216689717067,0.421470501580913,0.428407048614952,6.58318625670815,0.484248991744323,0.517236818498318,0.419029503053549,-6.37770274161207,0.0597151364437381,0.034361960212744,0.0223087597950443,73.7826831590102
27,"Chaotic",0.136333333333333,0.13,0.121,"Periodic Fixed","RetentionDelta",-6.92307692307692,0.421666666666667,0.3944,0.2778,-29.5638945233266,3.18533333333333,3.041,2.317,-23.8079579085827,1.90654999392224,1.86161835109618,1.87285126180269,0.603394927854135,0.449216689717067,0.421470501580913,0.428407048614952,1.64579656417704,0.484248991744323,0.517236818498318,0.419029503053549,-18.9869150711064,0.0597151364437381,0.034361960212744,0.0223087597950443,-35.0771619054187
27,"Chaotic Visual",1.04766666666667,1.1516,1.0218,"Periodic Fixed","PostDelta",-9.02512446451313,0.478,0.5012,0.4408,-4.6288906624102,0.457,0.4404,0.4324,3.76930063578565,1.66802686717731,1.66024848319677,1.66024848319677,0.468507218001576,0.34573267017766,0.343782474745663,0.343782474745663,0.56727598852729,0.478360450955813,0.374764560439512,0.40185459143107,27.6429261066755,0.00246857938363231,0.0232594110170191,0.0177844261281806,-89.386750241328
27,"Chaotic Visual",1.04766666666667,1.1516,1.0218,"Periodic Fixed","RetentionDelta",-11.2712747481764,0.478,0.5012,0.4408,-12.0510774142059,0.457,0.4404,0.4324,-1.81653042688465,1.66802686717731,1.66024848319677,1.66024848319677,0,0.34573267017766,0.343782474745663,0.343782474745663,0,0.478360450955813,0.374764560439512,0.40185459143107,7.22854662665757,0.00246857938363231,0.0232594110170191,0.0177844261281806,-23.5387941888658
27,"Periodic Fadeout (SCT)",0.141,0.1536,0.1984,"Periodic Fixed","PostDelta",-8.20312499999998,0.857333333333333,0.7506,0.8924,14.2197353228528,6.38,4.8984,4.5294,30.2466111383309,0.3836049979779,0.351464223464398,0.371234957639332,9.14482111342334,0.075112148692505,0.0706480680912848,0.0574962721086438,6.31875820787074,0.549668026633822,0.672415078081931,0.55002609345432,-18.25465481801,0.229308356867706,0.172887255559385,0.158069017877516,32.6346214044332
27,"Periodic Fadeout (SCT)",0.141,0.1536,0.1984,"Periodic Fixed","RetentionDelta",29.1666666666667,0.857333333333333,0.7506,0.8924,18.8915534239275,6.38,4.8984,4.5294,-7.53307202351788,0.3836049979779,0.351464223464398,0.371234957639332,5.6252479925419,0.075112148692505,0.0706480680912848,0.0574962721086438,-18.6159315292917,0.549668026633822,0.672415078081931,0.55002609345432,-18.2014039567237,0.229308356867706,0.172887255559385,0.158069017877516,-8.57104107178052
27,"Periodic Fixed",0.264333333333333,0.0608,0.183,"Periodic Fixed","PostDelta",334.758771929825,0.75,0.2008,0.5542,273.505976095618,2.91533333333333,3.4178,3.1684,-14.7014648799423,0.227912910607483,0.212314268197533,0.231126372435625,7.34695908210836,0.0439310799190063,0.0405761660464114,0.0322851893666636,8.2681884452995,0.352492507186384,0.462154312688465,0.370606551588187,-23.7283960121786,0.149046461519312,0.0778884038534106,0.122989802123276,91.3589881747013
27,"Periodic Fixed",0.264333333333333,0.0608,0.183,"Periodic Fixed","RetentionDelta",200.986842105263,0.75,0.2008,0.5542,175.996015936255,2.91533333333333,3.4178,3.1684,-7.29709169641289,0.227912910607483,0.212314268197533,0.231126372435625,8.86049929559591,0.0439310799190063,0.0405761660464114,0.0322851893666636,-20.4331199509203,0.352492507186384,0.462154312688465,0.370606551588187,-19.80891632661,0.149046461519312,0.0778884038534106,0.122989802123276,57.9051515226168
28,"Chaotic",0.408666666666667,0.322,0.363,"Chaotic Interactive","PostDelta",26.9151138716356,0.482333333333333,0.4278,0.478,12.7473897459872,1.18266666666667,1.3406,1.333,-11.7807946690537,1.80854653384964,1.88408417250921,1.86161835109618,-4.00924968012253,0.386177726634429,0.43534359564899,0.421470501580913,-11.2935781084058,0.563087438645823,0.416379107125904,0.505947495495414,35.2343162779197,0.0685397808192631,0.0224808448212263,0.04350335440312,204.88080570063
28,"Chaotic",0.408666666666667,0.322,0.363,"Chaotic Interactive","RetentionDelta",12.7329192546584,0.482333333333333,0.4278,0.478,11.7344553529687,1.18266666666667,1.3406,1.333,-0.566910338654338,1.80854653384964,1.88408417250921,1.86161835109618,-1.19240009235427,0.386177726634429,0.43534359564899,0.421470501580913,-3.18669993235927,0.563087438645823,0.416379107125904,0.505947495495414,21.51125905134,0.0685397808192631,0.0224808448212263,0.04350335440312,93.5129873857961
28,"Chaotic Visual",1.493,1.621,1.8388,"Chaotic Interactive","PostDelta",-7.89636027143739,0.579666666666667,0.6352,0.7364,-8.74265323257766,0.388666666666667,0.3912,0.4006,-0.647580095432856,1.64858090722596,1.67191605916758,1.67191605916758,-1.39571312887767,0.340857181597667,0.346707767893658,0.346707767893658,-1.68746905543394,0.492066587332173,0.541139908863966,0.484500730066381,-9.06850903582678,0.0499244968046771,0.0353538781903258,0.0335067088571249,41.2136358447328
28,"Chaotic Visual",1.493,1.621,1.8388,"Chaotic Interactive","RetentionDelta",13.4361505243677,0.579666666666667,0.6352,0.7364,15.9319899244333,0.388666666666667,0.3912,0.4006,2.40286298568508,1.64858090722596,1.67191605916758,1.67191605916758,0,0.340857181597667,0.346707767893658,0.346707767893658,0,0.492066587332173,0.541139908863966,0.484500730066381,-10.466642335896,0.0499244968046771,0.0353538781903258,0.0335067088571249,-5.22479973273864
28,"Periodic Fadeout (SCT)",0.467,0.4846,0.3802,"Chaotic Interactive","PostDelta",-3.63186132893108,0.935333333333333,0.9208,0.9104,1.57833767738198,2.00666666666667,1.923,2.406,4.35084070029468,0.255412601294952,0.281333008524824,0.27761056409914,-9.21342552933461,0.0401043186486086,0.0518510553518129,0.0450116032611917,-22.6547687862896,0.667499727070732,0.6693457518746,0.487289855338416,-0.275795401509413,0.119814757215537,0.116487812197373,0.097300606084416,2.85604558571894
28,"Periodic Fadeout (SCT)",0.467,0.4846,0.3802,"Chaotic Interactive","RetentionDelta",-21.5435410647957,0.935333333333333,0.9208,0.9104,-1.12945264986969,2.00666666666667,1.923,2.406,25.1170046801872,0.255412601294952,0.281333008524824,0.27761056409914,-1.32314528081929,0.0401043186486086,0.0518510553518129,0.0450116032611917,-13.1905745104223,0.667499727070732,0.6693457518746,0.487289855338416,-27.1990814950734,0.119814757215537,0.116487812197373,0.097300606084416,-16.4714279983618
28,"Periodic Fixed",0.273333333333333,0.2608,0.4574,"Chaotic Interactive","PostDelta",4.80572597137012,0.475,0.4424,0.7004,7.36889692585895,1.733,1.7012,1.5328,1.86926875146954,0.200703995803594,0.16783493418167,0.170922416580032,19.584159747306,0.0413685498996938,0.0304808317108779,0.0277412118246043,35.7198855073573,0.54531403293177,0.615999781159495,0.572998678399517,-11.4749632044794,0.135373837250008,0.15341213313428,0.169999211563448,-11.7580634045962
28,"Periodic Fixed",0.273333333333333,0.2608,0.4574,"Chaotic Interactive","RetentionDelta",75.383435582822,0.475,0.4424,0.7004,58.3182640144665,1.733,1.7012,1.5328,-9.89889489771926,0.200703995803594,0.16783493418167,0.170922416580032,1.83959460729458,0.0413685498996938,0.0304808317108779,0.0277412118246043,-8.98800896333793,0.54531403293177,0.615999781159495,0.572998678399517,-6.98070097996416,0.135373837250008,0.15341213313428,0.169999211563448,10.8121033781919
30,"Chaotic",0.501333333333333,0.2746,0.3924,"Chaotic Interactive","PostDelta",82.5685846079146,0.52,0.4008,0.4526,29.7405189620759,1.037,1.4968,1.1684,-30.7188669160877,1.86910695823385,1.87285126180269,1.86161835109618,-0.199925303477366,0.426094866270272,0.428407048614952,0.421470501580913,-0.539716223660366,0.461871672353217,0.387986217853107,0.3554416133149,19.0433193500919,0.0908413802794146,0.030636185622408,0.0424773574394651,196.516614042745
30,"Chaotic",0.501333333333333,0.2746,0.3924,"Chaotic Interactive","RetentionDelta",42.8987618353969,0.52,0.4008,0.4526,12.9241516966068,1.037,1.4968,1.1684,-21.9401389631213,1.86910695823385,1.87285126180269,1.86161835109618,-0.599775910432097,0.426094866270272,0.428407048614952,0.421470501580913,-1.61914867098111,0.461871672353217,0.387986217853107,0.3554416133149,-8.3880826278546,0.0908413802794146,0.030636185622408,0.0424773574394651,38.6509337781142
30,"Chaotic Visual",1.42533333333333,1.5482,1.5332,"Chaotic Interactive","PostDelta",-7.93609783404384,0.493333333333333,0.543,0.5156,-9.14671577655004,0.346666666666667,0.3528,0.337,-1.73847316704459,1.64858090722596,1.69525121110919,1.67191605916758,-2.75300224399756,0.340857181597667,0.352558354189649,0.346707767893658,-3.31893215773524,0.564578104983926,0.533819211935722,0.609928116287124,5.76204309632598,0.0334202712917696,0.0403642122196041,0.0469741744093864,-17.2032118205491
30,"Chaotic Visual",1.42533333333333,1.5482,1.5332,"Chaotic Interactive","RetentionDelta",-0.968867071437807,0.493333333333333,0.543,0.5156,-5.04604051565377,0.346666666666667,0.3528,0.337,-4.47845804988662,1.64858090722596,1.69525121110919,1.67191605916758,-1.37650112199877,0.340857181597667,0.352558354189649,0.346707767893658,-1.65946607886761,0.564578104983926,0.533819211935722,0.609928116287124,14.2574307274213,0.0334202712917696,0.0403642122196041,0.0469741744093864,16.3757988235231
30,"Periodic Fadeout (SCT)",0.246333333333333,0.1006,0.153,"Chaotic Interactive","PostDelta",144.864148442677,0.74,0.385,0.4976,92.2077922077922,3.15766666666667,3.818,3.264,-17.2952680286363,0.358128729630527,0.336384071374755,0.359001581148523,6.46423541010847,0.0678225289712692,0.0442191917790899,0.069574366206951,53.3780384546527,0.633033757171816,0.596023633674183,0.573667298875014,6.20950603409537,0.158268475054853,0.108257560840005,0.104498447865376,46.1962322324626
30,"Periodic Fadeout (SCT)",0.246333333333333,0.1006,0.153,"Chaotic Interactive","RetentionDelta",52.0874751491054,0.74,0.385,0.4976,29.2467532467532,3.15766666666667,3.818,3.264,-14.510214772132,0.358128729630527,0.336384071374755,0.359001581148523,6.72371604319224,0.0678225289712692,0.0442191917790899,0.069574366206951,57.3397509265443,0.633033757171816,0.596023633674183,0.573667298875014,-3.75091414770803,0.158268475054853,0.108257560840005,0.104498447865376,-3.47237915343868
30,"Periodic Fixed",0.305333333333333,0.0976,0.0834,"Chaotic Interactive","PostDelta",212.841530054645,0.541333333333333,0.1624,0.2348,233.333333333333,1.81133333333333,1.8054,2.8334,0.328643698534041,0.190648376106381,0.209430266624418,0.237377006847298,-8.96808795632195,0.0388586043996615,0.0362748355207191,0.0345960623922833,7.12275835810932,0.449119069573125,0.275939622103616,0.341157207029743,62.7599060074379,0.118197764470864,0.0819040154555849,0.108646770091796,44.3125392734381
30,"Periodic Fixed",0.305333333333333,0.0976,0.0834,"Chaotic Interactive","RetentionDelta",-14.5491803278688,0.541333333333333,0.1624,0.2348,44.5812807881774,1.81133333333333,1.8054,2.8334,56.94029024039,0.190648376106381,0.209430266624418,0.237377006847298,13.3441744946054,0.0388586043996615,0.0362748355207191,0.0345960623922833,-4.62792760969773,0.449119069573125,0.275939622103616,0.341157207029743,23.6347301010791,0.118197764470864,0.0819040154555849,0.108646770091796,32.6513352092162
