pp,trial,condition,period,LyapsTutor,LyaplTutor,LyapsTrainee,LyaplTrainee
1.0000,1.0000,25.0000,1057.8201,1.7775,0.3796,0.9556,0.1699
1.0000,2.0000,25.0000,1002.6136,1.9240,0.4832,0.9512,0.2244
1.0000,3.0000,25.0000,1034.7866,2.0045,0.2985,0.9567,0.1300
1.0000,4.0000,25.0000,957.2298,1.9556,0.5045,0.9824,0.1449
1.0000,5.0000,25.0000,943.7480,1.7841,0.4481,0.7257,0.0837
1.0000,6.0000,25.0000,975.5367,1.8888,0.4621,0.8059,0.1163
1.0000,7.0000,25.0000,972.8978,1.7148,0.4887,0.6593,0.0766
1.0000,8.0000,25.0000,914.8674,2.0871,0.4561,0.7021,0.1208
1.0000,9.0000,25.0000,952.7107,1.9474,0.4588,0.6862,0.0787
1.0000,10.0000,25.0000,974.7077,1.8459,0.4379,0.7065,0.0954
1.0000,11.0000,25.0000,1046.9490,1.5985,0.4061,0.8135,0.0760
1.0000,12.0000,25.0000,982.4004,1.9704,0.4627,1.0444,0.1174
1.0000,13.0000,25.0000,956.1583,2.0179,0.4264,1.0359,0.1273
1.0000,14.0000,25.0000,988.7328,1.8526,0.4113,0.8464,0.1474
1.0000,15.0000,25.0000,1051.4586,1.9593,0.3702,0.6465,0.1092
1.0000,16.0000,25.0000,954.5474,1.7606,0.3716,0.7891,0.0345
1.0000,17.0000,25.0000,992.5665,1.8040,0.4873,0.7007,0.0997
1.0000,18.0000,25.0000,1004.6410,1.9991,0.3703,0.7520,0.0874
1.0000,19.0000,25.0000,1006.2117,1.6564,0.4562,0.7233,0.0833
1.0000,20.0000,25.0000,966.5120,1.9898,0.4302,0.7275,0.0763
1.0000,21.0000,25.0000,1007.4629,1.7331,0.2804,0.9296,0.0590
1.0000,22.0000,25.0000,1041.7647,1.9088,0.2905,0.9032,0.1120
1.0000,23.0000,25.0000,1067.0409,1.6333,0.3517,0.8044,0.1533
1.0000,24.0000,25.0000,1054.4478,1.8973,0.2582,0.8315,0.1727
1.0000,25.0000,25.0000,983.6243,1.8952,0.3360,0.9546,0.1507
1.0000,26.0000,25.0000,1007.7937,1.5808,0.1588,0.6155,0.1173
1.0000,27.0000,25.0000,1016.2135,1.6649,0.2410,0.7153,0.1507
1.0000,28.0000,25.0000,1001.5810,1.8567,0.2468,0.9590,0.1556
1.0000,29.0000,25.0000,1026.2385,1.8294,0.2744,0.8104,0.1672
1.0000,30.0000,25.0000,951.5916,1.8774,0.3327,0.8558,0.1828
1.0000,31.0000,25.0000,970.5519,1.9085,0.3463,0.9161,0.2045
1.0000,32.0000,25.0000,996.8877,1.9201,0.3297,0.8364,0.1409
1.0000,33.0000,25.0000,962.2319,1.9364,0.4608,0.7707,0.2391
1.0000,34.0000,25.0000,1025.3887,1.5686,0.3911,0.6597,0.2090
1.0000,35.0000,25.0000,918.3057,1.7344,0.4845,1.0763,0.2276
1.0000,36.0000,25.0000,956.4582,1.4919,0.3919,0.8376,0.1480
1.0000,37.0000,25.0000,921.0145,1.5916,0.4734,0.9768,0.1954
1.0000,38.0000,25.0000,1002.4069,1.9014,0.4789,0.8582,0.1395
1.0000,39.0000,25.0000,971.8950,1.8877,0.4704,0.8006,0.1372
1.0000,40.0000,25.0000,995.9229,1.9469,0.3926,0.9058,0.1655
4.0000,1.0000,25.0000,984.6838,2.2671,0.3201,1.1124,0.1402
4.0000,2.0000,25.0000,988.0464,2.2689,0.3459,0.9265,0.1180
4.0000,3.0000,25.0000,957.2272,2.3274,0.2543,1.0500,0.0853
4.0000,4.0000,25.0000,950.5808,2.3033,0.2965,1.0730,0.1058
4.0000,5.0000,25.0000,903.2806,2.2625,0.2688,1.0135,0.0487
4.0000,6.0000,25.0000,989.0883,2.1329,0.3303,0.8245,0.0657
4.0000,7.0000,25.0000,1002.3429,2.0154,0.4230,0.9140,0.0805
4.0000,8.0000,25.0000,1023.3764,1.8239,0.3963,0.7612,0.0993
4.0000,9.0000,25.0000,1022.5949,2.0621,0.3628,0.6638,0.0887
4.0000,10.0000,25.0000,1040.3800,1.6782,0.3816,0.7026,0.1017
4.0000,11.0000,25.0000,1038.3261,1.8068,0.3706,0.7457,0.0651
4.0000,12.0000,25.0000,957.6762,1.8227,0.4105,0.8461,0.0484
4.0000,13.0000,25.0000,1006.4813,1.9157,0.3075,0.7061,0.0923
4.0000,14.0000,25.0000,1005.0225,1.7496,0.3603,0.7851,0.0854
4.0000,15.0000,25.0000,1047.3184,1.7194,0.2649,0.6512,0.1003
4.0000,16.0000,25.0000,996.6950,2.0642,0.2821,0.8110,0.0891
4.0000,17.0000,25.0000,979.9412,2.0582,0.3682,0.8272,0.0613
4.0000,18.0000,25.0000,989.3489,1.9012,0.3757,0.8239,0.0827
4.0000,19.0000,25.0000,1011.4817,1.9156,0.3855,0.8670,0.1417
4.0000,20.0000,25.0000,1025.0043,1.7686,0.4199,0.8837,0.0724
4.0000,21.0000,25.0000,1018.8588,1.9781,0.3163,0.8609,0.1356
4.0000,22.0000,25.0000,1037.6063,1.7860,0.3593,0.9315,0.1266
4.0000,23.0000,25.0000,1038.8206,1.8621,0.3379,0.8543,0.0770
4.0000,24.0000,25.0000,982.3631,2.0589,0.2650,0.7299,0.0837
4.0000,25.0000,25.0000,1004.8880,1.9169,0.3069,0.8565,0.0487
4.0000,26.0000,25.0000,991.2436,1.9253,0.3970,0.7679,0.1277
4.0000,27.0000,25.0000,1046.0172,1.6242,0.4838,0.8313,0.1020
4.0000,28.0000,25.0000,1040.5792,1.8664,0.2017,0.7967,0.1254
4.0000,29.0000,25.0000,1024.5903,2.1648,0.2624,1.0297,0.0834
4.0000,30.0000,25.0000,969.2591,2.1155,0.3627,0.9656,0.0777
4.0000,31.0000,25.0000,1097.8477,1.8695,0.2158,0.8908,0.0868
4.0000,32.0000,25.0000,983.4900,1.8952,0.3725,0.9154,0.0901
4.0000,33.0000,25.0000,1044.6379,1.9526,0.2845,0.8636,0.1068
4.0000,34.0000,25.0000,1057.3166,1.8029,0.3182,0.9663,0.0863
4.0000,35.0000,25.0000,1009.2881,1.8414,0.2919,0.9020,0.0758
4.0000,36.0000,25.0000,996.8454,1.9389,0.3772,0.9330,0.1178
4.0000,37.0000,25.0000,1074.1245,2.0905,0.2878,0.7529,0.1162
4.0000,38.0000,25.0000,1098.3554,1.8511,0.2921,0.7982,0.0926
4.0000,39.0000,25.0000,1063.8742,1.8630,0.2885,0.8780,0.1370
4.0000,40.0000,25.0000,1027.1501,1.7931,0.3657,0.7714,0.1585
5.0000,1.0000,30.0000,725.4494,1.9590,0.6637,1.2198,0.1976
5.0000,2.0000,30.0000,722.3397,1.6925,0.6672,1.2711,0.1693
5.0000,3.0000,30.0000,732.1911,2.0380,0.5934,1.1782,0.1862
5.0000,4.0000,30.0000,716.6878,2.0663,0.6109,1.4390,0.2039
5.0000,5.0000,30.0000,720.6962,2.0844,0.6197,1.4716,0.1502
5.0000,6.0000,30.0000,728.9005,2.0021,0.6319,1.3203,0.1882
5.0000,7.0000,30.0000,731.4246,2.1398,0.5886,1.3137,0.2809
5.0000,8.0000,30.0000,722.1840,1.8682,0.5636,1.2069,0.1927
5.0000,9.0000,30.0000,722.9742,1.8610,0.6794,1.2964,0.2162
5.0000,10.0000,30.0000,720.3004,2.1797,0.5804,1.1538,0.1242
5.0000,11.0000,30.0000,719.4337,1.7498,0.7159,1.4378,0.2078
5.0000,12.0000,30.0000,728.7778,1.8959,0.6402,1.3894,0.1997
5.0000,13.0000,30.0000,724.8509,1.6950,0.6897,1.5131,0.0967
5.0000,14.0000,30.0000,719.6475,1.8040,0.7134,1.3645,0.1832
5.0000,15.0000,30.0000,721.4619,1.8154,0.6872,1.2691,0.1468
5.0000,16.0000,30.0000,709.2360,1.8255,0.7584,1.2218,0.1741
5.0000,17.0000,30.0000,719.3133,1.3894,0.6913,1.2491,0.2407
5.0000,18.0000,30.0000,721.5697,2.0182,0.6833,1.3064,0.2276
5.0000,19.0000,30.0000,729.1726,1.6821,0.6599,1.0308,0.2237
5.0000,20.0000,30.0000,717.9237,1.4426,0.7161,1.0231,0.2566
5.0000,21.0000,30.0000,723.5505,1.6271,0.7249,1.0675,0.1639
5.0000,22.0000,30.0000,724.7929,1.6205,0.6347,1.0215,0.2142
5.0000,23.0000,30.0000,723.2513,1.8288,0.6768,1.1056,0.2075
5.0000,24.0000,30.0000,721.8696,1.7912,0.7340,1.1684,0.1281
5.0000,25.0000,30.0000,728.7632,1.5746,0.6030,1.0124,0.2132
5.0000,26.0000,30.0000,718.4127,1.7270,0.6254,1.2302,0.1350
5.0000,27.0000,30.0000,728.6865,1.5657,0.6360,1.0524,0.1569
5.0000,28.0000,30.0000,716.9658,1.4726,0.6316,1.1020,0.1860
5.0000,29.0000,30.0000,716.8046,1.5755,0.7108,1.1432,0.1998
5.0000,30.0000,30.0000,721.7351,1.7306,0.6811,1.1060,0.1915
5.0000,31.0000,30.0000,722.9667,1.6737,0.7462,1.5153,0.2143
5.0000,32.0000,30.0000,723.7542,1.6323,0.6535,1.4254,0.1939
5.0000,33.0000,30.0000,726.8116,1.8801,0.6640,1.2167,0.2304
5.0000,34.0000,30.0000,719.6380,1.8380,0.6303,1.2103,0.2357
5.0000,35.0000,30.0000,723.2947,1.5378,0.7636,0.9914,0.1939
5.0000,36.0000,30.0000,724.4348,1.7400,0.6842,0.9832,0.2181
5.0000,37.0000,30.0000,712.5486,1.8060,0.7708,0.9642,0.1694
5.0000,38.0000,30.0000,716.8029,1.7694,0.6412,1.1829,0.1671
5.0000,39.0000,30.0000,715.6388,1.6605,0.6205,1.1674,0.2272
5.0000,40.0000,30.0000,711.8562,1.6355,0.5944,1.1284,0.2277
6.0000,1.0000,25.0000,974.8422,1.9567,0.3118,0.8844,0.0609
6.0000,2.0000,25.0000,968.2213,1.7204,0.3178,0.8964,0.0885
6.0000,3.0000,25.0000,1027.2881,1.7423,0.2104,0.9416,0.0987
6.0000,4.0000,25.0000,971.7000,2.0358,0.2872,0.9355,0.0886
6.0000,5.0000,25.0000,1000.9807,1.9515,0.2272,0.8929,0.0500
6.0000,6.0000,25.0000,924.6104,2.2161,0.1740,1.1041,0.0809
6.0000,7.0000,25.0000,973.8885,2.2411,0.2046,0.8798,0.1087
6.0000,8.0000,25.0000,949.8262,2.0934,0.2881,1.0352,0.0895
6.0000,9.0000,25.0000,998.5268,2.0862,0.1090,0.9005,0.0885
6.0000,10.0000,25.0000,1051.6452,1.8460,0.2509,0.7119,0.0946
6.0000,11.0000,25.0000,1002.7166,1.9791,0.2157,0.8927,0.1300
6.0000,12.0000,25.0000,1006.7263,1.8855,0.2697,0.9121,0.1600
6.0000,13.0000,25.0000,1031.0583,1.9777,0.1255,0.7930,0.1057
6.0000,14.0000,25.0000,939.4684,2.1583,0.2636,1.0895,0.1327
6.0000,15.0000,25.0000,1033.5177,1.8398,0.2662,0.9586,0.1079
6.0000,16.0000,25.0000,1037.7251,2.1019,0.1888,0.9356,0.1234
6.0000,17.0000,25.0000,986.7391,2.1338,0.2582,1.0425,0.1669
6.0000,18.0000,25.0000,1034.2759,1.8540,0.2651,0.8053,0.1443
6.0000,19.0000,25.0000,1014.6893,1.8493,0.2697,0.8319,0.1106
6.0000,20.0000,25.0000,1015.5502,2.0134,0.2510,0.9014,0.1080
6.0000,21.0000,25.0000,1033.6492,1.8903,0.2581,0.7627,0.1654
6.0000,22.0000,25.0000,998.2150,1.8945,0.3076,0.9597,0.0868
6.0000,23.0000,25.0000,1060.9181,2.0374,0.2480,0.9348,0.1071
6.0000,24.0000,25.0000,1035.7199,2.0997,0.1934,0.8210,0.0919
6.0000,25.0000,25.0000,976.2622,2.1536,0.2406,0.7981,0.0990
6.0000,26.0000,25.0000,966.2006,2.0634,0.2706,0.6370,0.1117
6.0000,27.0000,25.0000,958.3181,2.1096,0.2455,0.9267,0.1292
6.0000,28.0000,25.0000,1056.5184,1.8967,0.2026,0.6295,0.0645
6.0000,29.0000,25.0000,994.6468,1.9657,0.3197,0.6826,0.0853
6.0000,30.0000,25.0000,976.1185,1.9605,0.3151,0.7683,0.1510
6.0000,31.0000,25.0000,975.6068,2.0026,0.2964,0.7831,0.1252
6.0000,32.0000,25.0000,1058.0576,2.0448,0.2353,0.7402,0.0742
6.0000,33.0000,25.0000,1015.8157,1.7543,0.2856,0.7626,0.0817
6.0000,34.0000,25.0000,971.3219,2.2035,0.2929,0.8985,0.1411
6.0000,35.0000,25.0000,986.2122,2.1120,0.2831,0.7080,0.1246
6.0000,36.0000,25.0000,1049.7570,1.9097,0.3173,0.7704,0.1176
6.0000,37.0000,25.0000,1020.6918,2.1076,0.2408,0.8763,0.1034
6.0000,38.0000,25.0000,950.8867,2.0895,0.3299,0.8451,0.0313
6.0000,39.0000,25.0000,1032.1799,1.7342,0.3625,0.5894,0.0314
7.0000,1.0000,30.0000,718.5200,1.7907,0.6236,1.1577,0.2520
7.0000,2.0000,30.0000,720.1929,1.7764,0.6481,0.9668,0.1827
7.0000,3.0000,30.0000,718.7560,1.8689,0.6757,0.9876,0.1655
7.0000,4.0000,30.0000,719.9768,1.5471,0.6918,1.0317,0.2354
7.0000,5.0000,30.0000,721.9506,1.8952,0.5209,0.9993,0.1980
7.0000,6.0000,30.0000,719.7717,1.6332,0.6552,1.0644,0.2135
7.0000,7.0000,30.0000,715.5386,1.8808,0.5924,1.1159,0.1490
7.0000,8.0000,30.0000,718.3371,1.5020,0.6612,1.1726,0.2060
7.0000,9.0000,30.0000,727.4044,1.3749,0.5868,1.3644,0.1312
7.0000,10.0000,30.0000,716.8511,1.5603,0.7936,1.1107,0.1891
7.0000,11.0000,30.0000,719.8909,1.7319,0.7395,1.0524,0.2773
7.0000,12.0000,30.0000,723.0296,1.6593,0.5605,1.0020,0.2404
7.0000,13.0000,30.0000,717.7441,1.6448,0.6581,1.1542,0.2749
7.0000,14.0000,30.0000,726.2169,1.5807,0.7762,1.1384,0.1879
7.0000,15.0000,30.0000,726.0941,1.6024,0.7085,1.0889,0.2406
7.0000,16.0000,30.0000,713.8829,1.6660,0.8059,1.1452,0.2364
7.0000,17.0000,30.0000,716.3357,1.5182,0.5586,1.2018,0.2048
7.0000,18.0000,30.0000,726.9138,1.4195,0.7350,1.2102,0.2216
7.0000,19.0000,30.0000,714.9642,1.5881,0.6305,1.2298,0.1696
7.0000,20.0000,30.0000,722.2957,1.7447,0.7662,1.2080,0.1795
7.0000,21.0000,30.0000,718.5565,1.6205,0.7495,1.3227,0.2608
7.0000,22.0000,30.0000,722.8433,1.5147,0.7412,1.1700,0.1819
7.0000,23.0000,30.0000,728.3292,1.5795,0.8024,1.2277,0.2129
7.0000,24.0000,30.0000,722.3601,1.7470,0.6925,1.1412,0.2118
7.0000,25.0000,30.0000,729.8707,1.6480,0.6004,1.1144,0.2349
7.0000,26.0000,30.0000,720.2924,1.7356,0.6630,1.1233,0.2280
7.0000,27.0000,30.0000,726.5691,1.5097,0.8026,1.2026,0.1902
7.0000,28.0000,30.0000,723.8466,1.6190,0.6341,0.8524,0.2323
7.0000,29.0000,30.0000,721.2994,1.2562,0.6772,1.0956,0.2309
7.0000,30.0000,30.0000,718.6701,1.2838,0.7482,0.9776,0.3101
7.0000,31.0000,30.0000,727.8665,1.7644,0.5760,0.9853,0.2409
7.0000,32.0000,30.0000,723.0630,1.4130,0.7163,0.9938,0.1894
7.0000,33.0000,30.0000,722.7540,1.6699,0.7706,1.0305,0.2401
7.0000,34.0000,30.0000,722.6646,1.5935,0.7331,0.9638,0.2307
7.0000,35.0000,30.0000,710.3877,1.3033,0.8254,1.0623,0.2847
7.0000,36.0000,30.0000,726.8231,1.7880,0.7046,1.0040,0.2748
7.0000,37.0000,30.0000,720.0926,1.5881,0.6586,1.1462,0.2590
7.0000,38.0000,30.0000,733.5284,1.3661,0.6823,1.0115,0.2736
7.0000,39.0000,30.0000,721.9729,1.4522,0.7670,0.7681,0.2051
7.0000,40.0000,30.0000,729.5144,1.4311,0.6262,0.9315,0.2378
8.0000,1.0000,30.0000,707.5676,2.1633,0.7346,1.3575,0.1842
8.0000,2.0000,30.0000,727.8039,1.7682,0.5678,1.0219,0.2103
8.0000,3.0000,30.0000,714.7569,2.1711,0.5965,1.1849,0.1060
8.0000,4.0000,30.0000,716.5340,1.9611,0.6325,1.1781,0.1613
8.0000,5.0000,30.0000,715.7731,1.9347,0.6276,1.2081,0.2395
8.0000,6.0000,30.0000,707.0880,2.0011,0.6236,1.2427,0.2210
8.0000,7.0000,30.0000,720.7245,1.9330,0.4951,1.2040,0.1751
8.0000,8.0000,30.0000,718.8377,1.8006,0.5790,1.2164,0.1675
8.0000,9.0000,30.0000,710.2250,2.1983,0.5978,1.1572,0.1823
8.0000,10.0000,30.0000,711.1219,1.9129,0.5180,0.9734,0.2368
8.0000,11.0000,30.0000,696.6464,2.1390,0.4862,1.1556,0.1631
8.0000,12.0000,30.0000,723.0906,1.9697,0.5575,1.0341,0.1752
8.0000,13.0000,30.0000,708.8422,2.1035,0.6266,1.0638,0.1604
8.0000,14.0000,30.0000,712.7549,2.1743,0.5744,1.1618,0.2188
8.0000,15.0000,30.0000,718.8820,1.9774,0.6142,1.3233,0.1369
8.0000,16.0000,30.0000,714.9249,2.0853,0.5311,1.2349,0.1757
8.0000,17.0000,30.0000,711.5512,2.0861,0.5908,1.1798,0.1712
8.0000,18.0000,30.0000,702.3783,1.9818,0.6236,1.3495,0.1843
8.0000,19.0000,30.0000,696.1337,2.0783,0.5531,1.2647,0.2691
8.0000,20.0000,30.0000,713.0014,2.0799,0.4283,1.0585,0.1432
8.0000,21.0000,30.0000,697.1628,2.2425,0.4892,1.3619,0.1467
8.0000,22.0000,30.0000,713.0357,2.0511,0.4871,1.2356,0.2020
8.0000,23.0000,30.0000,696.5072,2.0995,0.5962,1.4386,0.2285
8.0000,24.0000,30.0000,690.9535,2.1938,0.6001,1.3751,0.1870
8.0000,25.0000,30.0000,730.0348,1.9467,0.5065,1.0412,0.1613
8.0000,26.0000,30.0000,707.4764,2.2801,0.5828,1.4966,0.0770
8.0000,27.0000,30.0000,724.0871,1.8556,0.4923,1.3274,0.1638
8.0000,28.0000,30.0000,705.1213,1.9307,0.6531,1.1799,0.1518
8.0000,29.0000,30.0000,710.2774,1.8170,0.5358,1.1574,0.1000
8.0000,30.0000,30.0000,710.8179,2.2234,0.5759,1.0579,0.1890
8.0000,31.0000,30.0000,711.2541,1.9163,0.6423,1.0786,0.1701
8.0000,32.0000,30.0000,688.9113,2.1083,0.6044,1.2794,0.2862
8.0000,33.0000,30.0000,714.3217,2.2217,0.5062,1.3611,0.2262
8.0000,34.0000,30.0000,702.2248,1.9880,0.6635,1.3903,0.1634
8.0000,35.0000,30.0000,708.1440,1.9368,0.5890,1.1792,0.2189
8.0000,36.0000,30.0000,709.7924,2.2441,0.5494,1.1833,0.1884
8.0000,37.0000,30.0000,705.1679,1.9796,0.6019,1.2803,0.1977
8.0000,38.0000,30.0000,706.3396,2.0635,0.5496,1.3160,0.0848
8.0000,39.0000,30.0000,704.3693,2.3018,0.5191,1.2416,0.1435
8.0000,40.0000,30.0000,711.1593,1.9957,0.5125,1.2262,0.2248
9.0000,1.0000,30.0000,721.9436,2.0510,0.7715,1.1452,0.1325
9.0000,2.0000,30.0000,721.2316,2.3540,0.4718,1.2248,0.1454
9.0000,3.0000,30.0000,736.8184,2.3019,0.4620,1.0277,0.1300
9.0000,4.0000,30.0000,716.7727,2.1296,0.5286,1.1635,0.0980
9.0000,5.0000,30.0000,714.3530,2.1984,0.5359,1.3383,0.1483
9.0000,6.0000,30.0000,712.7622,2.1433,0.6325,1.1418,0.1014
9.0000,7.0000,30.0000,703.0179,2.3298,0.5839,1.2921,0.1433
9.0000,8.0000,30.0000,719.0182,2.4328,0.5730,0.8941,0.0675
9.0000,9.0000,30.0000,705.3398,2.0761,0.4614,0.9352,0.1453
9.0000,10.0000,30.0000,713.4233,2.1956,0.3890,1.0481,0.0750
9.0000,11.0000,30.0000,702.4218,2.0395,0.4761,1.2519,0.0868
9.0000,12.0000,30.0000,717.6152,2.3311,0.5356,1.0190,0.1299
9.0000,13.0000,30.0000,711.2162,2.0409,0.5094,1.2322,0.1248
9.0000,14.0000,30.0000,701.2766,2.1350,0.6563,1.1472,0.1199
9.0000,15.0000,30.0000,727.0014,2.1673,0.6156,1.1065,0.1480
9.0000,16.0000,30.0000,714.7120,2.1038,0.4195,1.2301,0.1612
9.0000,17.0000,30.0000,733.5765,2.1443,0.5560,1.3313,0.1194
9.0000,18.0000,30.0000,711.6888,2.2175,0.5500,1.2317,0.1679
9.0000,19.0000,30.0000,722.5616,2.2735,0.5237,1.2967,0.1674
9.0000,20.0000,30.0000,708.6720,2.0216,0.5862,1.2289,0.0670
9.0000,21.0000,30.0000,717.2630,1.8920,0.6615,1.0763,0.1212
9.0000,22.0000,30.0000,723.4265,2.0559,0.5601,0.9111,0.1264
9.0000,23.0000,30.0000,720.3707,2.1090,0.5790,1.0126,0.1446
9.0000,24.0000,30.0000,711.2070,1.8571,0.4257,1.1392,0.2533
9.0000,25.0000,30.0000,731.9485,1.9218,0.6467,1.1330,0.1398
9.0000,26.0000,30.0000,711.0597,1.7390,0.5773,1.1668,0.1926
9.0000,27.0000,30.0000,719.5392,1.9872,0.4598,1.0612,0.1376
9.0000,28.0000,30.0000,724.9577,2.2747,0.5575,0.9357,0.1868
9.0000,29.0000,30.0000,720.0132,2.0768,0.5089,1.2390,0.1270
9.0000,30.0000,30.0000,710.9788,2.1401,0.5696,1.1010,0.1930
9.0000,31.0000,30.0000,731.0124,1.9896,0.4945,1.2991,0.1330
9.0000,32.0000,30.0000,716.9540,2.0514,0.5892,1.1820,0.1211
9.0000,33.0000,30.0000,713.9704,1.8226,0.5370,1.1037,0.1539
9.0000,34.0000,30.0000,704.6068,2.2009,0.5389,1.2016,0.1345
9.0000,35.0000,30.0000,722.4490,1.8702,0.4307,1.1310,0.0921
9.0000,36.0000,30.0000,690.7889,1.9896,0.6094,1.2665,0.1694
9.0000,37.0000,30.0000,710.5810,2.1698,0.4929,1.0454,0.1520
9.0000,38.0000,30.0000,701.9803,2.1098,0.4976,1.0262,0.1423
9.0000,39.0000,30.0000,706.6427,2.1188,0.5354,1.2461,0.1689
9.0000,40.0000,30.0000,694.8180,2.1984,0.5390,1.1087,0.1195
10.0000,1.0000,25.0000,963.2625,1.6370,0.2406,0.6704,0.1720
10.0000,2.0000,25.0000,993.7677,1.6755,0.2875,0.7702,0.1433
10.0000,3.0000,25.0000,949.9776,1.8762,0.4447,1.0203,0.1335
10.0000,4.0000,25.0000,989.4892,1.8751,0.3917,0.9023,0.0878
10.0000,5.0000,25.0000,977.3326,1.8269,0.4924,0.9531,0.1238
10.0000,6.0000,25.0000,965.7079,1.9681,0.3337,0.8014,0.0516
10.0000,7.0000,25.0000,969.5311,1.9123,0.4289,0.7659,0.0563
10.0000,8.0000,25.0000,983.4854,1.8922,0.3832,0.7077,0.1077
10.0000,9.0000,25.0000,956.2922,2.0423,0.4569,0.9050,0.0631
10.0000,10.0000,25.0000,981.8289,1.8367,0.3430,0.6785,0.1115
10.0000,11.0000,25.0000,1005.0463,1.9806,0.3152,1.0229,0.1456
10.0000,12.0000,25.0000,934.9606,1.9314,0.5175,1.0381,0.1319
10.0000,13.0000,25.0000,980.9032,2.0408,0.3167,0.8598,0.0777
10.0000,14.0000,25.0000,998.4747,1.8683,0.3067,0.9622,0.1480
10.0000,15.0000,25.0000,1029.9321,1.9938,0.2915,0.9729,0.1092
10.0000,16.0000,25.0000,1001.3151,1.9305,0.3528,0.8770,0.1066
10.0000,17.0000,25.0000,972.9246,2.0525,0.3166,0.9390,0.1449
10.0000,18.0000,25.0000,1012.4050,1.9216,0.3760,0.8734,0.1223
10.0000,19.0000,25.0000,1007.1470,1.8557,0.3243,0.8817,0.1583
10.0000,20.0000,25.0000,1036.7794,1.5393,0.3283,0.6125,0.1900
10.0000,21.0000,25.0000,1010.2947,1.4865,0.2173,0.6372,0.0990
10.0000,22.0000,25.0000,1036.5880,1.4188,0.2469,0.8583,0.1920
10.0000,23.0000,25.0000,1041.9630,1.4930,0.2847,0.6764,0.2175
10.0000,24.0000,25.0000,1009.9303,1.7915,0.3209,0.7922,0.1907
10.0000,25.0000,25.0000,1043.1048,1.5337,0.4063,0.9676,0.1541
10.0000,26.0000,25.0000,1005.2031,1.6771,0.4085,0.9940,0.1215
10.0000,27.0000,25.0000,986.2314,1.8088,0.3883,1.0733,0.1470
10.0000,28.0000,25.0000,978.4785,1.7596,0.3702,1.0084,0.1252
10.0000,29.0000,25.0000,1020.1008,1.7783,0.5008,0.9055,0.1444
10.0000,30.0000,25.0000,983.0863,1.5300,0.4643,0.8212,0.2119
10.0000,31.0000,25.0000,952.7752,1.4198,0.4036,1.1410,0.1668
10.0000,32.0000,25.0000,1036.0678,1.4454,0.3167,0.8308,0.2037
10.0000,33.0000,25.0000,949.7653,2.0426,0.4782,1.1738,0.1313
10.0000,34.0000,25.0000,953.5145,2.0966,0.3761,1.1749,0.1174
10.0000,35.0000,25.0000,995.4933,1.9887,0.2206,0.9060,0.0544
10.0000,36.0000,25.0000,949.2426,1.9936,0.3846,1.1821,0.1015
10.0000,37.0000,25.0000,1013.7244,1.6395,0.2295,0.9039,0.1083
10.0000,38.0000,25.0000,947.6684,1.9827,0.5106,1.0592,0.1651
10.0000,39.0000,25.0000,1026.8096,1.3443,0.2182,0.6915,0.1602
10.0000,40.0000,25.0000,1019.0647,1.6296,0.3758,0.9203,0.1634
11.0000,1.0000,10.0000,1035.9272,0.5920,0.0846,0.5097,0.0407
11.0000,2.0000,10.0000,1044.5109,0.5092,0.1239,0.5783,0.1371
11.0000,3.0000,10.0000,1048.1849,0.5178,0.0674,0.5450,0.0274
11.0000,4.0000,10.0000,1046.7225,0.4803,0.0267,0.5187,0.1133
11.0000,5.0000,10.0000,1040.1082,0.5344,0.1014,0.4455,0.0738
11.0000,6.0000,10.0000,1052.1961,0.5499,0.0547,0.5515,0.0668
11.0000,7.0000,10.0000,1049.8419,0.5632,0.0607,0.4638,0.0889
11.0000,8.0000,10.0000,1044.3245,0.5245,0.1072,0.4142,0.0713
11.0000,9.0000,10.0000,1048.2891,0.5100,0.1268,0.5273,0.0971
11.0000,10.0000,10.0000,1050.0494,0.5387,0.0742,0.5041,0.0571
11.0000,11.0000,10.0000,1044.5148,0.5457,0.0875,0.6150,0.1308
11.0000,12.0000,10.0000,1058.4962,0.5589,0.0891,0.5644,0.1665
11.0000,13.0000,10.0000,1049.2288,0.5717,0.1129,0.5966,0.1562
11.0000,14.0000,10.0000,1051.4406,0.5845,0.1491,0.4879,0.1327
11.0000,15.0000,10.0000,1051.1528,0.5054,0.0444,0.5074,0.1033
11.0000,16.0000,10.0000,1050.2361,0.5057,0.1169,0.5827,0.0798
11.0000,17.0000,10.0000,1047.5293,0.5484,0.1158,0.5464,0.1324
11.0000,18.0000,10.0000,1039.2089,0.5853,0.1262,0.5310,0.0899
11.0000,19.0000,10.0000,1054.6873,0.5993,0.1510,0.5324,0.1053
11.0000,20.0000,10.0000,1056.1629,0.5922,0.1086,0.4666,0.1388
11.0000,21.0000,10.0000,1047.3024,0.5669,0.0697,0.6025,0.1042
11.0000,22.0000,10.0000,1051.1365,0.5257,0.0124,0.4942,0.0629
11.0000,23.0000,10.0000,1049.3244,0.5151,0.0844,0.7109,0.1276
11.0000,24.0000,10.0000,1050.6515,0.5890,0.0883,0.6715,0.0457
11.0000,25.0000,10.0000,1047.8306,0.6121,0.1233,0.5645,0.0502
11.0000,26.0000,10.0000,1045.0857,0.5657,0.1246,0.6261,0.0973
11.0000,27.0000,10.0000,1044.1637,0.5945,0.1305,0.6028,0.1049
11.0000,28.0000,10.0000,1052.0855,0.6840,0.1362,0.5165,0.1056
11.0000,29.0000,10.0000,1037.1403,0.5146,0.0338,0.5363,0.0652
11.0000,30.0000,10.0000,1051.4724,0.5185,0.1296,0.5489,0.0316
11.0000,31.0000,10.0000,1037.6130,0.6033,0.0884,0.6094,0.0642
11.0000,32.0000,10.0000,1040.4831,0.4878,0.1165,0.5634,0.1509
11.0000,33.0000,10.0000,1040.9037,0.5767,0.0807,0.6015,0.1209
11.0000,34.0000,10.0000,1040.7807,0.5790,0.0878,0.4645,0.1003
11.0000,35.0000,10.0000,1046.2562,0.6131,0.1618,0.5988,0.0951
11.0000,36.0000,10.0000,1048.9630,0.5294,0.0653,0.5052,0.0996
11.0000,37.0000,10.0000,1043.0268,0.5843,0.1170,0.5515,0.1002
11.0000,38.0000,10.0000,1048.1652,0.6192,0.1022,0.5366,0.1575
11.0000,39.0000,10.0000,1042.7467,0.6101,0.0954,0.7052,0.1012
11.0000,40.0000,10.0000,1046.0658,0.5864,0.1452,0.5006,0.0594
12.0000,1.0000,30.0000,715.4397,1.8077,0.6669,1.1558,0.1409
12.0000,2.0000,30.0000,720.3004,2.2158,0.6283,1.1205,0.1292
12.0000,3.0000,30.0000,712.4885,2.0582,0.6361,1.3077,0.1253
12.0000,4.0000,30.0000,720.4698,1.8839,0.5592,1.0211,0.1485
12.0000,5.0000,30.0000,724.9052,2.2830,0.6955,0.9297,0.1663
12.0000,6.0000,30.0000,719.5195,2.1733,0.4909,0.9505,0.1226
12.0000,7.0000,30.0000,706.4401,1.9784,0.7193,1.0852,0.1594
12.0000,8.0000,30.0000,727.6407,1.5202,0.6729,1.0552,0.1790
12.0000,9.0000,30.0000,723.0189,1.9174,0.5796,1.1091,0.2283
12.0000,10.0000,30.0000,729.7333,2.1141,0.6003,1.0730,0.1036
12.0000,11.0000,30.0000,716.9143,1.7168,0.6038,1.1642,0.1514
12.0000,12.0000,30.0000,702.5659,2.0664,0.5890,1.2165,0.2658
12.0000,13.0000,30.0000,707.2075,1.9778,0.6296,1.1930,0.2253
12.0000,14.0000,30.0000,720.5239,1.8240,0.5354,1.2635,0.1462
12.0000,15.0000,30.0000,722.0973,1.7628,0.6272,1.1100,0.2915
12.0000,16.0000,30.0000,732.8433,1.8970,0.5483,1.0971,0.1168
12.0000,17.0000,30.0000,720.9315,1.8176,0.7413,1.1041,0.2080
12.0000,18.0000,30.0000,727.7968,2.0193,0.5727,1.0084,0.2510
12.0000,19.0000,30.0000,722.9579,1.6856,0.5847,1.0567,0.1750
12.0000,20.0000,30.0000,721.0868,1.8884,0.6561,1.0665,0.1852
12.0000,21.0000,30.0000,733.9354,1.7194,0.7242,1.0713,0.1406
12.0000,22.0000,30.0000,715.4300,1.7210,0.6489,1.1894,0.1516
12.0000,23.0000,30.0000,718.4751,1.9843,0.5831,1.0006,0.2056
12.0000,24.0000,30.0000,719.1276,1.9722,0.5923,0.8826,0.1767
12.0000,25.0000,30.0000,719.5497,1.9047,0.6326,1.2208,0.1709
12.0000,26.0000,30.0000,714.8165,1.9072,0.4344,1.0107,0.2615
12.0000,27.0000,30.0000,718.1733,1.8788,0.6699,1.1400,0.2403
12.0000,28.0000,30.0000,725.2946,1.8021,0.6543,0.9787,0.1733
12.0000,29.0000,30.0000,706.0876,2.0989,0.6845,1.2779,0.2146
12.0000,30.0000,30.0000,712.0744,1.9805,0.6032,1.0636,0.2605
12.0000,31.0000,30.0000,725.3854,1.7941,0.7027,1.0524,0.2092
12.0000,32.0000,30.0000,722.9664,1.6140,0.6194,1.1873,0.2166
12.0000,33.0000,30.0000,720.0426,1.7037,0.5676,1.1655,0.2540
12.0000,34.0000,30.0000,713.4394,1.7248,0.7243,1.2820,0.2190
12.0000,35.0000,30.0000,707.2116,1.9712,0.6704,1.1101,0.3062
12.0000,36.0000,30.0000,713.2253,1.8466,0.5342,1.3577,0.2158
12.0000,37.0000,30.0000,724.5435,1.8049,0.6052,1.2492,0.2201
12.0000,38.0000,30.0000,721.2012,1.8187,0.5759,1.1843,0.1359
12.0000,39.0000,30.0000,713.0339,2.0916,0.6293,1.0677,0.2456
12.0000,40.0000,30.0000,735.0000,1.6726,0.5929,1.1134,0.1493
13.0000,1.0000,10.0000,1051.5697,0.5145,0.1218,0.5598,0.1194
13.0000,2.0000,10.0000,1044.7742,0.5922,0.1248,0.6262,0.1879
13.0000,3.0000,10.0000,1042.3149,0.6087,0.1079,0.6871,0.1167
13.0000,4.0000,10.0000,1051.5254,0.6415,0.0715,0.6389,0.1617
13.0000,5.0000,10.0000,1056.9103,0.5789,0.1300,0.6653,0.1608
13.0000,6.0000,10.0000,1048.6050,0.6220,0.0996,0.5948,0.1867
13.0000,7.0000,10.0000,1040.0333,0.5619,0.0321,0.5734,0.0925
13.0000,8.0000,10.0000,1048.2701,0.6034,0.1523,0.6138,0.1065
13.0000,9.0000,10.0000,1041.1153,0.5942,0.0996,0.6995,0.1760
13.0000,10.0000,10.0000,1045.8146,0.5676,0.0982,0.6381,0.1150
13.0000,11.0000,10.0000,1048.2687,0.6224,0.0690,0.7759,0.1033
13.0000,12.0000,10.0000,1051.1083,0.6153,0.0945,0.8085,0.1307
13.0000,13.0000,10.0000,1050.7836,0.5421,0.0658,0.8185,0.1966
13.0000,14.0000,10.0000,1042.0813,0.5884,0.0950,0.7564,0.1547
13.0000,15.0000,10.0000,1041.5154,0.5454,0.0916,0.7268,0.0689
13.0000,16.0000,10.0000,1048.5434,0.6302,0.1609,0.6421,0.0978
13.0000,17.0000,10.0000,1047.0387,0.6001,0.1512,0.7579,0.1359
13.0000,18.0000,10.0000,1041.2917,0.6266,0.1357,0.6468,0.1399
13.0000,19.0000,10.0000,1044.3579,0.6462,0.0656,0.7574,0.0709
13.0000,20.0000,10.0000,1039.1016,0.6163,0.1021,0.6384,0.1046
13.0000,21.0000,10.0000,1046.1636,0.5312,0.1101,0.7101,0.0898
13.0000,22.0000,10.0000,1042.4906,0.6235,0.1504,0.8045,0.1126
13.0000,23.0000,10.0000,1045.2915,0.4871,0.0725,0.6851,0.1211
13.0000,24.0000,10.0000,1047.0791,0.5142,0.1044,0.6895,0.1660
13.0000,25.0000,10.0000,1044.9199,0.5386,0.1111,0.8067,0.0506
13.0000,26.0000,10.0000,1044.5945,0.5853,0.1543,0.8420,0.1195
13.0000,27.0000,10.0000,1051.1026,0.5165,0.1021,0.7194,0.1399
13.0000,28.0000,10.0000,1050.7528,0.5851,0.1111,0.8017,0.1049
13.0000,29.0000,10.0000,1046.5867,0.5039,0.1009,0.7702,0.1140
13.0000,30.0000,10.0000,1043.2875,0.5520,0.0606,0.7971,0.1353
13.0000,31.0000,10.0000,1038.4284,0.5354,0.0797,0.8103,0.1495
13.0000,32.0000,10.0000,1047.6713,0.6522,0.1754,0.7560,0.1404
13.0000,33.0000,10.0000,1043.3295,0.5485,0.0687,0.6367,0.1527
13.0000,34.0000,10.0000,1041.7391,0.5784,0.1272,0.8106,0.1283
13.0000,35.0000,10.0000,1042.7601,0.5930,0.1075,0.6929,0.1504
13.0000,36.0000,10.0000,1038.3745,0.6496,0.1674,0.8016,0.1223
13.0000,37.0000,10.0000,1054.6835,0.5891,0.1120,0.7692,0.1475
13.0000,38.0000,10.0000,1044.5681,0.5922,0.1655,0.7094,0.1052
13.0000,39.0000,10.0000,1046.1560,0.5238,0.1435,0.7043,0.1598
13.0000,40.0000,10.0000,1038.9158,0.6015,0.0942,0.7631,0.1628
14.0000,1.0000,25.0000,1020.0859,1.9507,0.2838,0.6773,0.0612
14.0000,2.0000,25.0000,1014.7611,1.5010,0.3850,0.7653,0.0363
14.0000,3.0000,25.0000,986.2911,2.0737,0.1699,0.8946,0.0420
14.0000,4.0000,25.0000,1066.8171,1.6827,0.3172,0.7306,0.1006
14.0000,5.0000,25.0000,1006.9605,1.9842,0.2707,0.5625,0.0833
14.0000,6.0000,25.0000,1030.2111,1.7290,0.3149,0.6217,0.0482
14.0000,7.0000,25.0000,976.0430,1.8932,0.3648,0.6692,0.0907
14.0000,8.0000,25.0000,959.3625,1.5325,0.5217,0.8873,0.0230
14.0000,9.0000,25.0000,1041.6409,1.6342,0.4056,0.6290,0.0690
14.0000,10.0000,25.0000,949.7501,1.6280,0.3712,0.8362,0.0819
14.0000,11.0000,25.0000,927.4814,2.0577,0.2348,0.7928,0.0794
14.0000,12.0000,25.0000,955.7648,1.7031,0.3865,0.7611,0.1276
14.0000,13.0000,25.0000,997.5737,1.4721,0.3573,0.7651,0.0445
14.0000,14.0000,25.0000,1032.6222,1.4786,0.3872,0.8236,0.0719
14.0000,15.0000,25.0000,1040.0071,1.6308,0.3484,0.6417,0.0741
14.0000,16.0000,25.0000,1016.4390,1.6398,0.3217,0.7297,0.0646
14.0000,17.0000,25.0000,943.7729,1.7246,0.3484,0.6655,0.0077
14.0000,18.0000,25.0000,987.3977,1.9886,0.2946,0.7759,0.0976
14.0000,19.0000,25.0000,930.8925,2.0076,0.2465,0.8453,0.0671
14.0000,20.0000,25.0000,934.8712,2.2789,0.2387,0.9691,0.0275
14.0000,21.0000,25.0000,991.8341,1.7547,0.3484,0.7079,0.1105
14.0000,22.0000,25.0000,1024.2443,1.7750,0.2240,0.9991,0.0233
14.0000,23.0000,25.0000,1020.6827,1.6941,0.3452,0.7391,0.1066
14.0000,24.0000,25.0000,1010.8070,1.7651,0.3573,0.5720,0.1153
14.0000,25.0000,25.0000,990.2601,1.7299,0.3166,0.8953,0.0857
14.0000,26.0000,25.0000,1021.8844,2.0280,0.2226,0.7104,0.0839
14.0000,27.0000,25.0000,968.1504,1.8205,0.4027,0.7304,0.0963
14.0000,28.0000,25.0000,1004.9827,1.8152,0.3254,0.7419,0.0884
14.0000,29.0000,25.0000,985.9229,1.8259,0.4005,0.5638,0.1358
14.0000,30.0000,25.0000,994.7818,1.8394,0.2957,0.7063,0.0660
14.0000,31.0000,25.0000,1025.9795,1.8341,0.3371,0.8104,0.0782
14.0000,32.0000,25.0000,1008.2533,1.3908,0.4261,0.8348,0.0497
14.0000,33.0000,25.0000,983.1100,2.0218,0.3327,0.6492,0.0905
14.0000,34.0000,25.0000,966.3290,1.8588,0.2831,0.7206,0.0375
14.0000,35.0000,25.0000,970.7155,1.7680,0.3821,0.7621,0.1075
14.0000,36.0000,25.0000,958.0464,1.6053,0.5352,0.9086,0.1836
14.0000,37.0000,25.0000,967.9984,1.7775,0.3822,0.8352,0.0917
14.0000,38.0000,25.0000,1022.6414,1.8116,0.4418,0.6454,0.1820
14.0000,39.0000,25.0000,983.5225,1.7347,0.3780,0.8004,0.0888
14.0000,40.0000,25.0000,988.3690,1.7758,0.3245,0.7894,0.1314
15.0000,1.0000,10.0000,1047.3933,0.5218,0.1071,0.5968,0.1393
15.0000,2.0000,10.0000,1042.6718,0.5404,0.1264,0.4585,0.1538
15.0000,3.0000,10.0000,1044.3486,0.6267,0.1292,0.5360,0.1016
15.0000,4.0000,10.0000,1051.3354,0.6095,0.0219,0.5193,0.1474
15.0000,5.0000,10.0000,1047.5482,0.5300,0.0634,0.5354,0.1387
15.0000,6.0000,10.0000,1052.4366,0.5681,0.0996,0.5452,0.0918
15.0000,7.0000,10.0000,1045.5420,0.4768,0.0868,0.5318,0.1434
15.0000,8.0000,10.0000,1041.3125,0.5728,0.1338,0.6038,0.1779
15.0000,9.0000,10.0000,1050.2642,0.6210,0.1672,0.5782,0.1434
15.0000,10.0000,10.0000,1041.5131,0.4632,0.0345,0.4698,0.0898
15.0000,11.0000,10.0000,1044.4579,0.6125,0.0842,0.5723,0.1120
15.0000,12.0000,10.0000,1037.6718,0.5643,0.1087,0.6478,0.0872
15.0000,13.0000,10.0000,1044.7272,0.5042,0.1325,0.6194,0.1473
15.0000,14.0000,10.0000,1047.4222,0.6410,0.1213,0.6393,0.0923
15.0000,15.0000,10.0000,1045.4282,0.5787,0.1101,0.6093,0.1260
15.0000,16.0000,10.0000,1048.3722,0.5186,0.1108,0.7050,0.1417
15.0000,17.0000,10.0000,1047.3444,0.5686,0.1406,0.6596,0.1630
15.0000,18.0000,10.0000,1043.8577,0.5036,0.1444,0.5841,0.1181
15.0000,19.0000,10.0000,1048.9192,0.4695,0.0683,0.6026,0.1544
15.0000,20.0000,10.0000,1048.7196,0.6018,0.1911,0.5980,0.1965
15.0000,21.0000,10.0000,1041.3225,0.5204,0.0832,0.6400,0.1402
15.0000,22.0000,10.0000,1050.6693,0.4947,0.0579,0.7623,0.1407
15.0000,23.0000,10.0000,1041.3958,0.5369,0.1138,0.6496,0.1860
15.0000,24.0000,10.0000,1045.4356,0.5466,0.1376,0.6612,0.1268
15.0000,25.0000,10.0000,1050.2556,0.6289,0.1390,0.7153,0.1074
15.0000,26.0000,10.0000,1035.5932,0.4364,0.0546,0.6538,0.1352
15.0000,27.0000,10.0000,1045.7048,0.5767,0.1087,0.6740,0.0623
15.0000,28.0000,10.0000,1048.5161,0.6051,0.1166,0.5332,0.1926
15.0000,29.0000,10.0000,1047.6335,0.5473,0.1312,0.6742,0.1822
15.0000,30.0000,10.0000,1048.8586,0.6334,0.1191,0.6951,0.1995
15.0000,31.0000,10.0000,1047.5337,0.4717,0.0615,0.7117,0.1536
15.0000,32.0000,10.0000,1042.3641,0.4722,0.1055,0.5807,0.1318
15.0000,33.0000,10.0000,1038.4095,0.4910,0.0963,0.5975,0.1714
15.0000,34.0000,10.0000,1048.2491,0.4674,0.0928,0.6822,0.0974
15.0000,35.0000,10.0000,1044.1481,0.4970,0.0424,0.7756,0.1032
15.0000,36.0000,10.0000,1048.2383,0.5200,0.1393,0.6983,0.0859
15.0000,37.0000,10.0000,1047.9874,0.5646,0.0851,0.5496,0.1625
15.0000,38.0000,10.0000,1049.6310,0.6052,0.0641,0.6072,0.0704
15.0000,39.0000,10.0000,1041.3958,0.5416,0.1080,0.6716,0.1417
15.0000,40.0000,10.0000,1041.2578,0.5975,0.0772,0.5746,0.0966
16.0000,1.0000,10.0000,1048.2471,0.5101,0.0960,0.4830,0.0948
16.0000,2.0000,10.0000,1048.6364,0.5133,0.0858,0.5562,0.1361
16.0000,3.0000,10.0000,1048.6491,0.4712,0.0278,0.5401,0.2108
16.0000,4.0000,10.0000,1052.3767,0.4835,0.0967,0.5909,0.1430
16.0000,5.0000,10.0000,1050.1252,0.4734,0.0884,0.5856,0.1345
16.0000,6.0000,10.0000,1054.3842,0.5031,0.0624,0.5557,0.1506
16.0000,7.0000,10.0000,1050.3916,0.6001,0.1801,0.6047,0.1929
16.0000,8.0000,10.0000,1052.6360,0.7337,0.1887,0.6050,0.1994
16.0000,9.0000,10.0000,1045.5837,0.6446,0.1307,0.5522,0.1910
16.0000,10.0000,10.0000,1046.7617,0.5467,0.1080,0.5745,0.1435
16.0000,11.0000,10.0000,1055.0203,0.6448,0.1657,0.6623,0.1731
16.0000,12.0000,10.0000,1052.4421,0.7064,0.1661,0.7214,0.1365
16.0000,13.0000,10.0000,1052.4421,0.6502,0.2080,0.6116,0.1278
16.0000,14.0000,10.0000,1051.0691,0.4914,0.0790,0.5924,0.1355
16.0000,15.0000,10.0000,1045.4650,0.5680,0.1389,0.6101,0.2347
16.0000,16.0000,10.0000,1048.9478,0.5927,0.1536,0.7131,0.1443
16.0000,17.0000,10.0000,1052.3324,0.5924,0.1208,0.5833,0.1300
16.0000,18.0000,10.0000,1047.7744,0.5524,0.1107,0.5344,0.1563
16.0000,19.0000,10.0000,1050.2113,0.6083,0.1359,0.6724,0.1492
16.0000,20.0000,10.0000,1045.8846,0.5289,0.1264,0.4011,0.1046
16.0000,21.0000,10.0000,1050.0387,0.6259,0.1566,0.5045,0.0942
16.0000,22.0000,10.0000,1045.8563,0.6104,0.1228,0.5676,0.0563
16.0000,23.0000,10.0000,1049.3948,0.6181,0.1686,0.7158,0.1204
16.0000,24.0000,10.0000,1050.1211,0.5608,0.0546,0.4558,0.1422
16.0000,25.0000,10.0000,1050.8881,0.6112,0.1394,0.5946,0.1218
16.0000,26.0000,10.0000,1048.3578,0.6080,0.1127,0.5616,0.1537
16.0000,27.0000,10.0000,1051.0687,0.6211,0.1286,0.4928,0.0769
16.0000,28.0000,10.0000,1047.3648,0.5059,0.0957,0.4939,0.1395
16.0000,29.0000,10.0000,1051.0247,0.5261,0.0995,0.5108,0.1002
16.0000,30.0000,10.0000,1054.7951,0.5233,0.1400,0.5674,0.1321
16.0000,31.0000,10.0000,1046.4631,0.6196,0.1039,0.5293,0.0894
16.0000,32.0000,10.0000,1046.2011,0.5384,0.1529,0.5669,0.1057
16.0000,33.0000,10.0000,1049.9469,0.4951,0.1072,0.4090,0.0985
16.0000,34.0000,10.0000,1051.9888,0.5563,0.0732,0.4791,0.0803
16.0000,35.0000,10.0000,1048.0794,0.5412,0.1377,0.5204,0.0979
16.0000,36.0000,10.0000,1048.0946,0.5407,0.1141,0.5009,0.0519
16.0000,37.0000,10.0000,1048.7262,0.6086,0.1071,0.5249,0.0925
16.0000,38.0000,10.0000,1047.5800,0.4991,0.0516,0.4568,0.1506
16.0000,39.0000,10.0000,1050.1483,0.5445,0.1072,0.6274,0.1365
16.0000,40.0000,10.0000,1050.8817,0.5086,0.0456,0.5065,0.0739
17.0000,1.0000,25.0000,953.7977,1.9537,0.3954,0.6309,0.0963
17.0000,2.0000,25.0000,979.4409,2.0132,0.3672,0.8223,0.0758
17.0000,3.0000,25.0000,1015.5353,1.8526,0.3994,0.7035,0.0891
17.0000,4.0000,25.0000,983.5454,2.2591,0.2738,0.7978,0.0783
17.0000,5.0000,25.0000,978.2366,2.0299,0.2241,0.7154,0.0411
17.0000,6.0000,25.0000,965.2549,1.9698,0.3057,0.7753,0.0663
17.0000,7.0000,25.0000,937.0411,2.2072,0.2254,0.6624,0.0629
17.0000,8.0000,25.0000,1017.9658,1.8128,0.3167,0.5195,0.0628
17.0000,9.0000,25.0000,1012.8082,1.7300,0.3186,0.4596,0.0450
17.0000,10.0000,25.0000,1061.6301,1.6434,0.3595,0.5462,0.0616
17.0000,11.0000,25.0000,965.2269,1.9961,0.3963,0.5814,0.0892
17.0000,12.0000,25.0000,1026.2833,1.9792,0.3649,0.6634,0.1288
17.0000,13.0000,25.0000,992.8609,1.7706,0.3503,0.8041,0.0941
17.0000,14.0000,25.0000,1049.3428,1.6665,0.3023,0.6130,0.0849
17.0000,15.0000,25.0000,963.4518,1.9146,0.3941,0.7139,0.1254
17.0000,16.0000,25.0000,958.1124,1.9401,0.3663,0.5949,0.0772
17.0000,17.0000,25.0000,986.2407,1.7904,0.3690,0.6327,0.0680
17.0000,18.0000,25.0000,963.3696,1.8853,0.4478,0.7615,0.1131
17.0000,19.0000,25.0000,931.3274,2.0124,0.3442,0.8304,0.0783
17.0000,20.0000,25.0000,1023.4427,1.6122,0.3140,0.5108,0.0938
17.0000,21.0000,25.0000,1010.1173,1.4622,0.4585,0.6044,0.0822
17.0000,22.0000,25.0000,973.7432,1.6278,0.4106,0.5801,0.0586
17.0000,23.0000,25.0000,972.6288,1.8208,0.3351,0.6582,0.0842
17.0000,24.0000,25.0000,965.7639,1.7631,0.4697,0.5813,0.0782
17.0000,25.0000,25.0000,942.4945,1.7770,0.4592,0.6522,0.0890
17.0000,26.0000,25.0000,983.1297,1.7412,0.3067,0.4941,0.0877
17.0000,27.0000,25.0000,1040.0605,1.6357,0.2795,0.5297,0.0845
17.0000,28.0000,25.0000,989.9010,1.8338,0.3406,0.6113,0.0624
17.0000,29.0000,25.0000,903.6793,1.9205,0.3985,0.5419,0.0749
17.0000,30.0000,25.0000,978.8349,1.6951,0.4011,0.4890,0.1067
17.0000,31.0000,25.0000,913.5695,1.8628,0.4986,0.7008,0.1055
17.0000,32.0000,25.0000,1008.2030,1.9137,0.3175,0.6960,0.0674
17.0000,33.0000,25.0000,1005.6822,1.7703,0.4408,0.5975,0.0968
17.0000,34.0000,25.0000,961.2778,1.5894,0.4759,0.5353,0.0710
17.0000,35.0000,25.0000,963.4321,2.1275,0.3624,0.6046,0.0483
17.0000,36.0000,25.0000,990.3200,1.6402,0.4028,0.6786,0.0594
17.0000,37.0000,25.0000,991.9064,1.7305,0.3555,0.8295,0.0468
17.0000,38.0000,25.0000,1011.3424,1.9043,0.2739,0.5241,0.1102
17.0000,39.0000,25.0000,952.9703,1.5616,0.5527,0.5697,0.0881
17.0000,40.0000,25.0000,1052.8377,1.4961,0.4432,0.5328,0.0956
18.0000,1.0000,10.0000,1043.1465,0.5051,0.1149,0.6232,0.1087
18.0000,2.0000,10.0000,1051.2294,0.6600,0.1511,0.5934,0.0986
18.0000,3.0000,10.0000,1043.3189,0.5267,0.0674,0.6524,0.0766
18.0000,4.0000,10.0000,1042.4510,0.4983,0.0927,0.5055,0.0800
18.0000,5.0000,10.0000,1039.3530,0.5135,0.1166,0.5718,0.0707
18.0000,6.0000,10.0000,1039.9515,0.5710,0.0895,0.5352,0.0642
18.0000,7.0000,10.0000,1047.5901,0.5866,0.1644,0.6008,0.0697
18.0000,8.0000,10.0000,1044.9289,0.5428,0.1299,0.5609,0.0896
18.0000,9.0000,10.0000,1051.7256,0.5504,0.1071,0.6400,0.0128
18.0000,10.0000,10.0000,1047.3706,0.5895,0.1477,0.5526,0.1104
18.0000,11.0000,10.0000,1052.1044,0.5566,0.1240,0.7111,0.1026
18.0000,12.0000,10.0000,1040.7870,0.5618,0.1213,0.7469,0.0963
18.0000,13.0000,10.0000,1044.7481,0.5638,0.0923,0.6261,0.0574
18.0000,14.0000,10.0000,1042.3162,0.6061,0.1644,0.7359,0.0744
18.0000,15.0000,10.0000,1054.5441,0.6088,0.1095,0.7560,0.1113
18.0000,16.0000,10.0000,1044.7562,0.5416,0.1371,0.6112,0.0286
18.0000,17.0000,10.0000,1039.9873,0.5834,0.1767,0.6695,0.1255
18.0000,18.0000,10.0000,1040.3498,0.6332,0.0717,0.6851,0.0657
18.0000,19.0000,10.0000,1042.4817,0.4717,0.0933,0.5821,0.0640
18.0000,20.0000,10.0000,1047.1611,0.4994,0.0799,0.5134,0.0821
18.0000,21.0000,10.0000,1048.9715,0.6050,0.1495,0.7535,0.0688
18.0000,22.0000,10.0000,1041.2600,0.5810,0.0959,0.7202,0.0647
18.0000,23.0000,10.0000,1050.9191,0.5076,0.0807,0.6548,0.0983
18.0000,24.0000,10.0000,1045.5216,0.5937,0.0996,0.6865,0.0080
18.0000,25.0000,10.0000,1061.9740,0.6521,0.2159,0.6677,0.0541
18.0000,26.0000,10.0000,1049.8413,0.6540,0.0959,0.5111,0.0710
18.0000,27.0000,10.0000,1054.0104,0.5676,0.1378,0.5476,0.0717
18.0000,28.0000,10.0000,1048.9059,0.4696,0.0462,0.5576,0.0872
18.0000,29.0000,10.0000,1047.0674,0.6301,0.1347,0.4823,0.0899
18.0000,30.0000,10.0000,1042.6498,0.6113,0.0650,0.5191,0.0075
18.0000,31.0000,10.0000,1036.8002,0.5022,0.0506,0.4890,0.0773
18.0000,32.0000,10.0000,1041.0123,0.4925,0.1020,0.6184,0.1087
18.0000,33.0000,10.0000,1048.0084,0.5671,0.1241,0.5307,0.0888
18.0000,34.0000,10.0000,1048.1652,0.5359,0.1635,0.5618,0.0609
18.0000,35.0000,10.0000,1050.8709,0.5117,0.0913,0.5905,0.0804
18.0000,36.0000,10.0000,1045.6188,0.5617,0.0678,0.7332,0.1226
18.0000,37.0000,10.0000,1045.4717,0.5797,0.1137,0.5649,0.0427
18.0000,38.0000,10.0000,1046.1641,0.5789,0.0879,0.6762,0.0627
18.0000,39.0000,10.0000,1040.8911,0.5027,0.1104,0.5989,0.1158
19.0000,1.0000,30.0000,723.8917,2.1039,0.6992,1.0492,0.1395
19.0000,2.0000,30.0000,716.4654,1.8435,0.6434,0.9801,0.1546
19.0000,3.0000,30.0000,723.8177,2.0551,0.6188,1.1092,0.1932
19.0000,4.0000,30.0000,724.1161,1.8823,0.5671,1.1307,0.1397
19.0000,5.0000,30.0000,725.1455,2.1390,0.5357,1.0005,0.1639
19.0000,6.0000,30.0000,711.1975,1.8929,0.6703,0.9436,0.1436
19.0000,7.0000,30.0000,728.2681,1.8380,0.7860,0.9599,0.1592
19.0000,8.0000,30.0000,713.0514,2.3034,0.7215,0.8421,0.2103
19.0000,9.0000,30.0000,727.1850,1.6817,0.6709,0.8860,0.1792
19.0000,10.0000,30.0000,724.0286,1.6526,0.8056,1.0119,0.0908
19.0000,11.0000,30.0000,719.0042,2.0845,0.6679,1.1109,0.1327
19.0000,12.0000,30.0000,732.2992,1.6598,0.6152,0.9387,0.0501
19.0000,13.0000,30.0000,719.9192,1.6254,0.5281,0.9618,0.1192
19.0000,14.0000,30.0000,722.0954,1.5487,0.6315,0.9547,0.1024
19.0000,15.0000,30.0000,715.8400,2.0242,0.5740,1.0435,0.1261
19.0000,16.0000,30.0000,721.0579,2.0445,0.4922,0.9382,0.1698
19.0000,17.0000,30.0000,723.0334,2.0050,0.4730,1.0426,0.1617
19.0000,18.0000,30.0000,714.6616,2.3076,0.5859,1.0315,0.1268
19.0000,19.0000,30.0000,722.5578,1.9630,0.6090,0.9266,0.0792
19.0000,20.0000,30.0000,723.9140,2.1774,0.5661,0.9863,0.1407
19.0000,21.0000,30.0000,718.0131,1.9083,0.5874,0.9520,0.1758
19.0000,22.0000,30.0000,722.5190,2.1777,0.5782,0.9712,0.1413
19.0000,23.0000,30.0000,717.0632,2.1197,0.6184,1.0079,0.1613
19.0000,24.0000,30.0000,713.4653,2.2862,0.5633,0.9551,0.1533
19.0000,25.0000,30.0000,728.3882,1.8482,0.5356,0.9670,0.0767
19.0000,26.0000,30.0000,718.8122,2.0570,0.6442,0.9261,0.1006
19.0000,27.0000,30.0000,723.9215,2.1582,0.5170,0.9000,0.1491
19.0000,28.0000,30.0000,719.9583,1.8187,0.5748,1.0300,0.1215
19.0000,29.0000,30.0000,728.6818,2.1176,0.5369,0.8676,0.1109
19.0000,30.0000,30.0000,720.7106,1.9156,0.5999,1.0084,0.0804
19.0000,31.0000,30.0000,721.0539,1.9342,0.6413,1.2016,0.1193
19.0000,32.0000,30.0000,712.6860,2.1443,0.5680,0.9825,0.1916
19.0000,33.0000,30.0000,731.3329,2.0331,0.4576,0.8793,0.1370
19.0000,34.0000,30.0000,719.4404,1.9864,0.6142,1.2185,0.1372
19.0000,35.0000,30.0000,724.7483,1.9168,0.4168,0.8160,0.1474
19.0000,36.0000,30.0000,721.1920,2.2550,0.4877,0.9647,0.1553
19.0000,37.0000,30.0000,719.7064,1.8802,0.6881,0.9352,0.1512
19.0000,38.0000,30.0000,722.9579,2.0148,0.6064,0.8852,0.0880
19.0000,39.0000,30.0000,719.7496,2.0209,0.5688,0.9215,0.1439
19.0000,40.0000,30.0000,726.5783,1.9086,0.6143,0.9065,0.0664
20.0000,1.0000,30.0000,714.5186,1.8877,0.6574,0.9328,0.1068
20.0000,2.0000,30.0000,722.9367,2.0560,0.6276,1.1828,0.1431
20.0000,3.0000,30.0000,701.8159,2.1676,0.4764,1.1030,0.0922
20.0000,4.0000,30.0000,718.6839,2.2773,0.6072,1.1867,0.1366
20.0000,5.0000,30.0000,719.0859,1.8506,0.6572,0.9695,0.1013
20.0000,6.0000,30.0000,712.2898,1.8764,0.6472,1.0413,0.1346
20.0000,7.0000,30.0000,720.6081,2.2955,0.3734,1.0152,0.1208
20.0000,8.0000,30.0000,719.8075,2.1551,0.5583,1.0869,0.1398
20.0000,9.0000,30.0000,720.2467,1.9279,0.5870,1.0706,0.2246
20.0000,10.0000,30.0000,720.9818,2.0187,0.5617,1.2691,0.1627
20.0000,11.0000,30.0000,718.4830,1.9212,0.6653,1.0298,0.1707
20.0000,12.0000,30.0000,705.0047,2.1393,0.5116,1.0541,0.1875
20.0000,13.0000,30.0000,704.8419,2.2205,0.4624,1.1373,0.1105
20.0000,14.0000,30.0000,720.2450,2.0216,0.5558,1.0632,0.1276
20.0000,15.0000,30.0000,717.0861,2.0641,0.5724,1.0603,0.1193
20.0000,16.0000,30.0000,708.8602,1.9446,0.6358,1.1712,0.2809
20.0000,17.0000,30.0000,719.6739,1.7438,0.7143,1.0431,0.1879
20.0000,18.0000,30.0000,713.4630,2.0023,0.6008,1.1652,0.1640
20.0000,19.0000,30.0000,727.3101,2.1525,0.4438,1.1440,0.1495
20.0000,20.0000,30.0000,722.4467,1.8672,0.5021,1.2146,0.1885
20.0000,21.0000,30.0000,704.4993,2.4071,0.6548,1.1201,0.1291
20.0000,22.0000,30.0000,721.5967,2.1741,0.6163,0.8546,0.1736
20.0000,23.0000,30.0000,708.6352,2.2312,0.5548,1.0889,0.1077
20.0000,24.0000,30.0000,729.5864,1.8533,0.6002,0.8677,0.1361
20.0000,25.0000,30.0000,725.4506,2.2919,0.4294,1.0874,0.1299
20.0000,26.0000,30.0000,710.6343,2.3218,0.5751,0.9866,0.0847
20.0000,27.0000,30.0000,720.5698,2.1887,0.4907,1.0224,0.0821
20.0000,28.0000,30.0000,711.9711,2.1815,0.4904,1.0103,0.1671
20.0000,29.0000,30.0000,728.4319,2.0068,0.5281,0.9344,0.1349
20.0000,30.0000,30.0000,712.4151,2.3666,0.4917,0.8464,0.1285
20.0000,31.0000,30.0000,713.7528,2.1901,0.4941,1.0267,0.1966
20.0000,32.0000,30.0000,719.6364,2.0083,0.6804,1.0339,0.0376
20.0000,33.0000,30.0000,724.8983,2.0724,0.6846,0.9394,0.1736
20.0000,34.0000,30.0000,719.3412,1.7940,0.7194,0.9123,0.1653
20.0000,35.0000,30.0000,727.7933,1.6096,0.6175,0.8218,0.2223
20.0000,36.0000,30.0000,715.9553,1.8320,0.6655,1.0582,0.2037
20.0000,37.0000,30.0000,718.2402,1.6765,0.6572,0.9075,0.2134
20.0000,38.0000,30.0000,710.7146,2.1004,0.6308,1.1656,0.1842
20.0000,39.0000,30.0000,724.8916,1.8911,0.6062,1.0398,0.1857
20.0000,40.0000,30.0000,719.5995,2.1425,0.6470,1.0046,0.1564
21.0000,1.0000,10.0000,1051.3354,0.6365,0.1886,0.6108,0.1590
21.0000,2.0000,10.0000,1045.2300,0.6362,0.1008,0.6825,0.1513
21.0000,3.0000,10.0000,1049.2835,0.7344,0.1973,0.8126,0.1149
21.0000,4.0000,10.0000,1047.0229,0.5807,0.1216,0.7375,0.1043
21.0000,5.0000,10.0000,1043.9313,0.6590,0.1858,0.7186,0.1511
21.0000,6.0000,10.0000,1041.5208,0.6302,0.1002,0.6642,0.1150
21.0000,7.0000,10.0000,1042.1587,0.6621,0.1435,0.4682,0.0949
21.0000,8.0000,10.0000,1044.3081,0.6403,0.1340,0.4426,0.0701
21.0000,9.0000,10.0000,1040.7461,0.6927,0.1327,0.5545,0.1324
21.0000,10.0000,10.0000,1039.9650,0.5209,0.0807,0.5485,0.1049
21.0000,11.0000,10.0000,1044.6034,0.6090,0.1281,0.6531,0.0966
21.0000,12.0000,10.0000,1036.8546,0.5841,0.0986,0.5715,0.0980
21.0000,13.0000,10.0000,1036.9459,0.5928,0.1430,0.5251,0.1446
21.0000,14.0000,10.0000,1049.3228,0.5844,0.1155,0.4734,0.0789
21.0000,15.0000,10.0000,1040.6340,0.6268,0.1180,0.6948,0.1053
21.0000,16.0000,10.0000,1045.9355,0.5926,0.1062,0.5517,0.1248
21.0000,17.0000,10.0000,1045.0244,0.6010,0.0873,0.5233,0.1186
21.0000,18.0000,10.0000,1043.3710,0.5691,0.0858,0.5085,0.0661
21.0000,19.0000,10.0000,1051.2205,0.5338,0.0961,0.5565,0.0835
21.0000,20.0000,10.0000,1044.3027,0.5393,0.0267,0.4937,0.1049
21.0000,21.0000,10.0000,1043.9558,0.5274,0.1293,0.5005,0.1122
21.0000,22.0000,10.0000,1045.2497,0.6214,0.1078,0.5654,0.1099
21.0000,23.0000,10.0000,1040.3087,0.5565,0.1563,0.4366,0.0899
21.0000,24.0000,10.0000,1045.7912,0.5973,0.1502,0.5152,0.1341
21.0000,25.0000,10.0000,1043.9086,0.5600,0.0948,0.5229,0.1388
21.0000,26.0000,10.0000,1042.2913,0.6110,0.0537,0.5060,0.0603
21.0000,27.0000,10.0000,1045.4356,0.5170,0.0918,0.5406,0.0912
21.0000,28.0000,10.0000,1037.7924,0.6708,0.1569,0.6110,0.1414
21.0000,29.0000,10.0000,1042.3840,0.6564,0.0361,0.4651,0.1292
21.0000,30.0000,10.0000,1051.4260,0.7140,0.1258,0.7922,0.0941
21.0000,31.0000,10.0000,1043.7887,0.5745,0.1596,0.5140,0.1477
21.0000,32.0000,10.0000,1050.9249,0.6009,0.1115,0.5094,0.1301
21.0000,33.0000,10.0000,1044.5809,0.5831,0.0701,0.5300,0.1404
21.0000,34.0000,10.0000,1043.9034,0.4976,0.0817,0.5427,0.0822
21.0000,35.0000,10.0000,1045.3542,0.6693,0.0926,0.4899,0.0980
21.0000,36.0000,10.0000,1051.2083,0.6054,0.1166,0.4897,0.1064
21.0000,37.0000,10.0000,1041.2578,0.7028,0.1602,0.4675,0.1359
21.0000,38.0000,10.0000,1041.5339,0.5884,0.0767,0.5991,0.1033
21.0000,39.0000,10.0000,1046.7394,0.6163,0.1543,0.5535,0.1438
21.0000,40.0000,10.0000,1038.5672,0.5938,0.1132,0.5525,0.0785
22.0000,1.0000,10.0000,1047.6209,0.5259,0.1091,0.7507,0.1042
22.0000,2.0000,10.0000,1048.6305,0.4638,0.0845,0.5473,0.0850
22.0000,3.0000,10.0000,1045.3619,0.4537,0.1030,0.5427,0.1576
22.0000,4.0000,10.0000,1049.8691,0.4994,0.0714,0.6423,0.1193
22.0000,5.0000,10.0000,1044.3003,0.5351,0.1075,0.6541,0.0639
22.0000,6.0000,10.0000,1050.4340,0.5359,0.1448,0.7201,0.1185
22.0000,7.0000,10.0000,1048.0139,0.5213,0.1433,0.6889,0.1505
22.0000,8.0000,10.0000,1040.4455,0.5904,0.1655,0.7192,0.1082
22.0000,9.0000,10.0000,1044.1938,0.5596,0.1017,0.7966,0.0937
22.0000,10.0000,10.0000,1044.3928,0.6025,0.1437,0.8046,0.1491
22.0000,11.0000,10.0000,1044.9459,0.5178,0.0680,0.6367,0.1190
22.0000,12.0000,10.0000,1047.7335,0.5648,0.0994,0.7753,0.1247
22.0000,13.0000,10.0000,1052.6939,0.5528,0.0670,0.7403,0.0985
22.0000,14.0000,10.0000,1049.9895,0.5063,0.0646,0.7739,0.1470
22.0000,15.0000,10.0000,1040.3411,0.5615,0.1225,0.8047,0.0951
22.0000,16.0000,10.0000,1054.7948,0.5297,0.0825,0.5261,0.1196
22.0000,17.0000,10.0000,1049.1309,0.4924,0.0412,0.6429,0.1198
22.0000,18.0000,10.0000,1044.8939,0.4972,0.0984,0.6727,0.1564
22.0000,19.0000,10.0000,1045.7935,0.4435,0.0842,0.6879,0.1216
22.0000,20.0000,10.0000,1052.0289,0.6142,0.1278,0.6673,0.0770
22.0000,21.0000,10.0000,1054.8864,0.5086,0.1494,0.7100,0.1662
22.0000,22.0000,10.0000,1050.3164,0.5359,0.0645,0.6992,0.1234
22.0000,23.0000,10.0000,1045.3605,0.5208,0.0639,0.7256,0.1678
22.0000,24.0000,10.0000,1052.6240,0.5045,0.0728,0.5240,0.1360
22.0000,25.0000,10.0000,1050.2596,0.4861,0.0531,0.6097,0.1302
22.0000,26.0000,10.0000,1046.1013,0.5575,0.0895,0.6106,0.1167
22.0000,27.0000,10.0000,1050.7072,0.4944,0.1119,0.6376,0.1290
22.0000,28.0000,10.0000,1051.7908,0.5726,0.1193,0.6460,0.1242
22.0000,29.0000,10.0000,1051.9722,0.5567,0.0437,0.6860,0.0855
22.0000,30.0000,10.0000,1042.8114,0.5260,0.0893,0.6806,0.0851
22.0000,31.0000,10.0000,1052.3602,0.5458,0.1073,0.6301,0.1621
22.0000,32.0000,10.0000,1045.6464,0.5303,0.0542,0.6186,0.1140
22.0000,33.0000,10.0000,1046.0176,0.5548,0.1354,0.6191,0.1489
22.0000,34.0000,10.0000,1046.4189,0.6149,0.0894,0.5888,0.0847
22.0000,35.0000,10.0000,1043.6659,0.5427,0.0743,0.6248,0.1282
22.0000,36.0000,10.0000,1044.6299,0.5559,0.1283,0.7028,0.1577
22.0000,37.0000,10.0000,1040.5031,0.6082,0.0447,0.6614,0.0642
22.0000,38.0000,10.0000,1052.2394,0.6064,0.1282,0.7759,0.1107
22.0000,39.0000,10.0000,1052.4211,0.5417,0.0997,0.7207,0.0740
22.0000,40.0000,10.0000,1043.2596,0.5350,0.1249,0.7075,0.1320
23.0000,1.0000,30.0000,712.7882,2.2407,0.4217,1.2321,0.2020
23.0000,2.0000,30.0000,725.7096,2.0323,0.6163,1.0895,0.2235
23.0000,3.0000,30.0000,714.6927,2.0072,0.5761,1.2335,0.2368
23.0000,4.0000,30.0000,719.0706,2.2209,0.5329,1.2805,0.2448
23.0000,5.0000,30.0000,719.8826,2.2324,0.4992,1.2066,0.2181
23.0000,6.0000,30.0000,717.6850,2.2527,0.6041,1.1229,0.1925
23.0000,7.0000,30.0000,728.1995,2.0741,0.5633,0.9100,0.1646
23.0000,8.0000,30.0000,716.1605,2.2596,0.5479,1.3825,0.1190
23.0000,9.0000,30.0000,715.2408,1.8838,0.7006,0.9066,0.1985
23.0000,10.0000,30.0000,727.8259,2.1820,0.5483,0.8676,0.1347
23.0000,11.0000,30.0000,711.0175,2.2231,0.5461,1.2703,0.1783
23.0000,12.0000,30.0000,711.9608,2.0337,0.5635,1.2455,0.1005
23.0000,13.0000,30.0000,718.1753,1.8863,0.4512,1.4224,0.2030
23.0000,14.0000,30.0000,719.2518,2.0226,0.4727,1.1775,0.2074
23.0000,15.0000,30.0000,711.0020,2.1134,0.5576,1.1823,0.2384
23.0000,16.0000,30.0000,718.7492,2.0565,0.5920,1.3405,0.1122
23.0000,17.0000,30.0000,722.4517,2.1228,0.5026,1.0663,0.0716
23.0000,18.0000,30.0000,715.9768,2.1813,0.4019,1.1314,0.1102
23.0000,19.0000,30.0000,708.9247,2.1732,0.5569,1.1334,0.1563
23.0000,20.0000,30.0000,716.7637,2.3329,0.5520,1.1789,0.0912
23.0000,21.0000,30.0000,713.0143,2.2603,0.4984,1.1174,0.1696
23.0000,22.0000,30.0000,728.8984,2.0690,0.5939,1.4433,0.1021
23.0000,23.0000,30.0000,707.1565,2.3013,0.5631,1.2781,0.2029
23.0000,24.0000,30.0000,707.0236,2.2937,0.5143,1.2662,0.1850
23.0000,25.0000,30.0000,710.6303,2.0872,0.4987,1.4021,0.1060
23.0000,26.0000,30.0000,709.5504,2.1824,0.5294,1.4342,0.0972
23.0000,27.0000,30.0000,713.7498,2.3132,0.5917,1.2012,0.1943
23.0000,28.0000,30.0000,713.8692,2.2181,0.5225,1.2511,0.1368
23.0000,29.0000,30.0000,726.4814,2.2978,0.4824,1.2205,0.1602
23.0000,30.0000,30.0000,716.9262,2.0403,0.6777,1.2235,0.1528
23.0000,31.0000,30.0000,714.6308,2.0537,0.5325,1.3301,0.2516
23.0000,32.0000,30.0000,717.2769,2.0696,0.5439,1.3859,0.2260
23.0000,33.0000,30.0000,717.3917,2.1316,0.4619,1.2097,0.1661
23.0000,34.0000,30.0000,722.4183,2.2413,0.4811,1.2868,0.2028
23.0000,35.0000,30.0000,712.8114,2.0821,0.5883,1.3612,0.1653
23.0000,36.0000,30.0000,725.2723,2.0654,0.5464,1.1910,0.1424
23.0000,37.0000,30.0000,707.8769,2.2984,0.3663,1.2911,0.2010
23.0000,38.0000,30.0000,716.7799,2.1389,0.4886,1.2425,0.2289
23.0000,39.0000,30.0000,716.0393,2.0974,0.6865,1.1764,0.2497
23.0000,40.0000,30.0000,725.7931,2.0011,0.6366,1.0727,0.2212
24.0000,1.0000,10.0000,1039.6672,0.5350,0.1025,0.8003,0.1389
24.0000,2.0000,10.0000,1046.8521,0.5647,0.1051,0.7131,0.1238
24.0000,3.0000,10.0000,1036.4575,0.5398,0.1544,0.7621,0.1260
24.0000,4.0000,10.0000,1043.3290,0.5651,0.1929,0.8113,0.1217
24.0000,5.0000,10.0000,1045.8206,0.5742,0.1562,0.7871,0.1539
24.0000,6.0000,10.0000,1044.7283,0.5677,0.0878,0.7929,0.0515
24.0000,7.0000,10.0000,1038.7117,0.6522,0.1198,0.8240,0.1351
24.0000,8.0000,10.0000,1036.3776,0.5737,0.1222,0.7125,0.1414
24.0000,9.0000,10.0000,1037.3635,0.5876,0.1422,0.7389,0.1311
24.0000,10.0000,10.0000,1032.0180,0.5554,0.1120,0.8522,0.0491
24.0000,11.0000,10.0000,1046.6576,0.5569,0.0848,0.7618,0.1138
24.0000,12.0000,10.0000,1046.9319,0.5153,0.0684,0.7212,0.0634
24.0000,13.0000,10.0000,1037.2163,0.4723,0.0902,0.6470,0.0419
24.0000,14.0000,10.0000,1042.0951,0.4960,0.0757,0.6493,0.1079
24.0000,15.0000,10.0000,1038.3035,0.5488,0.0450,0.7504,0.1086
24.0000,16.0000,10.0000,1038.7113,0.5548,0.1068,0.7403,0.1328
24.0000,17.0000,10.0000,1035.7051,0.5507,0.1057,0.8863,0.0779
24.0000,18.0000,10.0000,1049.7783,0.5497,0.0857,0.4521,0.0230
24.0000,19.0000,10.0000,1043.8232,0.5773,0.1595,0.5881,0.1406
24.0000,20.0000,10.0000,1044.9559,0.5896,0.1310,0.4197,0.0838
24.0000,21.0000,10.0000,1043.1008,0.5586,0.0975,0.7453,0.1240
24.0000,22.0000,10.0000,1041.0736,0.5357,0.0743,0.6711,0.1018
24.0000,23.0000,10.0000,1053.9649,0.4836,0.1704,0.3911,0.0760
24.0000,24.0000,10.0000,1040.5616,0.4953,0.1172,0.4879,0.0999
24.0000,25.0000,10.0000,1042.6007,0.5238,0.0976,0.6408,0.0601
24.0000,26.0000,10.0000,1046.8691,0.5304,0.1301,0.4294,0.0906
24.0000,27.0000,10.0000,1050.7239,0.6534,0.1803,0.8799,0.0711
24.0000,28.0000,10.0000,1048.4056,0.5107,0.1322,0.4075,0.0836
24.0000,29.0000,10.0000,1040.0753,0.5610,0.0957,0.7564,0.0816
24.0000,30.0000,10.0000,1050.6902,0.5126,0.1517,0.4750,0.0871
24.0000,31.0000,10.0000,1037.3431,0.4969,0.0425,0.5995,0.1137
24.0000,32.0000,10.0000,1047.1512,0.4866,0.1184,0.4228,0.0881
24.0000,33.0000,10.0000,1047.4853,0.5995,0.1252,0.5712,0.0840
24.0000,34.0000,10.0000,1045.5211,0.6361,0.1112,0.6510,0.0873
24.0000,35.0000,10.0000,1045.0244,0.4959,0.1209,0.4468,0.0662
24.0000,36.0000,10.0000,1044.8816,0.5461,0.1392,0.5897,0.0988
24.0000,37.0000,10.0000,1050.0643,0.4834,0.1232,0.4055,0.0876
24.0000,38.0000,10.0000,1041.5385,0.5756,0.1124,0.7768,0.1380
24.0000,39.0000,10.0000,1044.6436,0.5605,0.0927,0.6149,0.1050
24.0000,40.0000,10.0000,1044.1286,0.5635,0.1618,0.6128,0.1253
25.0000,1.0000,25.0000,964.8905,1.8242,0.2706,0.6595,0.0836
25.0000,2.0000,25.0000,1069.3002,1.7803,0.2301,0.7106,0.0461
25.0000,3.0000,25.0000,954.1351,1.7223,0.4345,0.6197,0.0870
25.0000,4.0000,25.0000,1016.6127,1.9058,0.3476,0.6500,0.0518
25.0000,5.0000,25.0000,1000.6340,1.6078,0.3624,0.6206,0.0478
25.0000,6.0000,25.0000,1062.2050,1.9674,0.2447,0.6505,0.0628
25.0000,7.0000,25.0000,977.2853,2.0118,0.2333,0.6520,0.1052
25.0000,8.0000,25.0000,1010.0606,1.8031,0.3303,0.7330,0.0729
25.0000,9.0000,25.0000,928.0273,1.8146,0.2751,0.7423,0.0848
25.0000,10.0000,25.0000,972.5118,2.0177,0.1836,0.8552,0.0787
25.0000,11.0000,25.0000,991.3657,1.8801,0.3244,0.6260,0.0833
25.0000,12.0000,25.0000,932.0778,1.9018,0.2764,0.7293,0.0550
25.0000,13.0000,25.0000,982.8068,1.8257,0.2482,0.6937,0.1483
25.0000,14.0000,25.0000,955.5078,1.9858,0.2786,0.7335,0.1074
25.0000,15.0000,25.0000,972.9151,1.6033,0.3567,0.6625,0.1054
25.0000,16.0000,25.0000,996.0199,1.7539,0.2474,0.7899,0.0963
25.0000,17.0000,25.0000,974.3588,1.8318,0.3277,0.7639,0.0664
25.0000,18.0000,25.0000,923.9661,2.0580,0.3490,0.9282,0.0921
25.0000,19.0000,25.0000,847.3193,2.1871,0.4250,0.8337,0.1318
25.0000,20.0000,25.0000,963.9668,1.9580,0.2121,0.8403,0.0685
25.0000,21.0000,25.0000,1028.3738,1.6490,0.3493,0.6077,0.0769
25.0000,22.0000,25.0000,978.2174,1.8999,0.2897,0.7157,0.0903
25.0000,23.0000,25.0000,1121.3198,1.8076,0.2515,0.4488,0.0713
25.0000,24.0000,25.0000,912.7763,1.9455,0.4221,0.8197,0.1018
25.0000,25.0000,25.0000,904.6369,2.1067,0.3468,1.0279,0.0204
25.0000,26.0000,25.0000,923.2058,1.7343,0.4219,0.8367,0.0767
25.0000,27.0000,25.0000,983.9348,1.8532,0.3246,0.6954,0.0880
25.0000,28.0000,25.0000,1044.7864,1.8634,0.1308,0.5984,0.0258
25.0000,29.0000,25.0000,991.7544,2.0281,0.2875,0.5832,0.0403
25.0000,30.0000,25.0000,930.8956,2.1560,0.2370,0.6700,0.0950
25.0000,31.0000,25.0000,892.6964,1.7949,0.3941,0.7372,0.0791
25.0000,32.0000,25.0000,1008.5384,1.6560,0.3637,0.6286,0.0954
25.0000,33.0000,25.0000,951.9199,1.9590,0.3424,0.6996,0.0708
25.0000,34.0000,25.0000,1069.9319,1.5813,0.2451,0.6019,0.0772
25.0000,35.0000,25.0000,1036.5667,1.7032,0.2892,0.5458,0.0758
25.0000,36.0000,25.0000,903.0014,2.2076,0.3333,0.8276,0.0764
25.0000,37.0000,25.0000,926.0102,2.1678,0.3174,0.5925,0.0894
25.0000,38.0000,25.0000,1057.1113,2.0185,0.2236,0.5656,0.0834
25.0000,39.0000,25.0000,947.8737,1.7410,0.3517,0.5874,0.0629
26.0000,1.0000,25.0000,944.9496,1.8490,0.3465,0.5668,0.0975
26.0000,2.0000,25.0000,915.2796,2.0649,0.2970,0.6379,0.0934
26.0000,3.0000,25.0000,1137.8783,1.3669,0.3437,0.6213,0.0972
26.0000,4.0000,25.0000,969.7381,1.7051,0.4153,0.7466,0.1428
26.0000,5.0000,25.0000,890.6929,2.3317,0.3822,0.8480,0.1257
26.0000,6.0000,25.0000,892.8016,2.1826,0.3507,0.6473,0.0770
26.0000,7.0000,25.0000,892.0579,1.9616,0.4558,0.7744,0.1174
26.0000,8.0000,25.0000,1066.6475,1.5094,0.3674,0.7684,0.0998
26.0000,9.0000,25.0000,960.2851,1.9155,0.3198,0.7073,0.1008
26.0000,10.0000,25.0000,865.6199,2.2848,0.4455,0.6645,0.1221
26.0000,11.0000,25.0000,988.6376,1.7173,0.2614,0.6252,0.0576
26.0000,12.0000,25.0000,931.0467,2.0403,0.3477,0.7710,0.1084
26.0000,13.0000,25.0000,916.4553,1.6246,0.4249,0.5924,0.1342
26.0000,14.0000,25.0000,886.1975,1.9731,0.3302,0.6208,0.1342
26.0000,15.0000,25.0000,1073.7246,1.5319,0.3472,0.6215,0.0748
26.0000,16.0000,25.0000,962.4364,1.8786,0.3664,0.7810,0.0512
26.0000,17.0000,25.0000,964.1593,1.6378,0.4458,0.7289,0.1252
26.0000,18.0000,25.0000,980.4002,1.6458,0.4358,0.5709,0.1253
26.0000,19.0000,25.0000,1022.6026,1.4367,0.4108,0.9185,0.1157
26.0000,20.0000,25.0000,942.3402,1.6859,0.3492,0.7882,0.1696
26.0000,21.0000,25.0000,1010.9933,1.6959,0.3126,0.5454,0.0794
26.0000,22.0000,25.0000,1065.9146,1.4314,0.1878,0.6329,0.1254
26.0000,23.0000,25.0000,902.8470,2.0483,0.4479,0.7576,0.0776
26.0000,24.0000,25.0000,909.3059,1.8789,0.4312,0.8447,0.0988
26.0000,25.0000,25.0000,974.2157,1.6417,0.3458,0.7182,0.0580
26.0000,26.0000,25.0000,952.9935,1.8119,0.3502,0.6924,0.1611
26.0000,27.0000,25.0000,1005.4728,1.7963,0.3131,0.7418,0.1689
26.0000,28.0000,25.0000,931.4348,1.9228,0.3751,0.7119,0.0667
26.0000,29.0000,25.0000,1016.3486,1.7451,0.3559,0.6303,0.1200
26.0000,30.0000,25.0000,979.0476,1.7215,0.2980,0.5550,0.1280
26.0000,31.0000,25.0000,1018.7770,1.5707,0.3951,0.6974,0.1199
26.0000,32.0000,25.0000,1004.3138,1.7789,0.3960,0.8626,0.1412
26.0000,33.0000,25.0000,1006.3608,1.7633,0.4866,0.7273,0.1542
26.0000,34.0000,25.0000,945.7238,1.9429,0.3903,0.6598,0.1169
26.0000,35.0000,25.0000,1011.5605,1.5503,0.5015,0.7407,0.1438
26.0000,36.0000,25.0000,1010.3629,1.8051,0.4263,0.7558,0.0994
26.0000,37.0000,25.0000,932.3679,1.8811,0.4136,0.8599,0.0963
26.0000,38.0000,25.0000,879.5653,1.9520,0.3015,0.8284,0.1043
26.0000,39.0000,25.0000,919.6790,1.9429,0.3735,0.5791,0.1418
27.0000,1.0000,10.0000,1037.1975,0.7110,0.0753,0.6012,0.0551
27.0000,2.0000,10.0000,1052.3092,0.7350,0.0988,0.5741,0.0969
27.0000,3.0000,10.0000,1054.4130,0.7823,0.0874,0.8007,0.1435
27.0000,4.0000,10.0000,1054.4925,0.4535,0.0586,0.4630,0.1325
27.0000,5.0000,10.0000,1050.7405,0.4005,0.0800,0.4408,0.1654
27.0000,6.0000,10.0000,1059.1968,0.4264,0.0580,0.4016,0.1028
27.0000,7.0000,10.0000,1059.8597,0.3721,0.0659,0.4721,0.1662
27.0000,8.0000,10.0000,1060.9309,0.3893,0.0632,0.5236,0.1240
27.0000,9.0000,10.0000,1053.3847,0.4209,0.1133,0.5039,0.1534
27.0000,10.0000,10.0000,1060.6294,0.4004,0.0960,0.6483,0.2220
27.0000,11.0000,10.0000,1060.9309,0.4402,0.0733,0.4340,0.1194
27.0000,12.0000,10.0000,1062.6281,0.4417,0.1287,0.6025,0.1446
27.0000,13.0000,10.0000,1062.3679,0.4291,0.0763,0.5646,0.1441
27.0000,14.0000,10.0000,1061.6808,0.3981,0.0850,0.5344,0.1507
27.0000,15.0000,10.0000,1059.5609,0.3702,0.0833,0.5190,0.1446
27.0000,16.0000,10.0000,1055.9285,0.4569,0.0754,0.7802,0.2661
27.0000,17.0000,10.0000,1062.9496,0.4164,0.0667,0.6133,0.1079
27.0000,18.0000,10.0000,1062.8433,0.4021,0.1129,0.6648,0.1992
27.0000,19.0000,10.0000,1058.0354,0.4576,0.0729,0.6006,0.1323
27.0000,20.0000,10.0000,1058.2471,0.5510,0.0968,0.6011,0.1321
27.0000,21.0000,10.0000,1057.4074,0.4899,0.1098,0.5074,0.1245
27.0000,22.0000,10.0000,1060.0525,0.4054,0.0810,0.6076,0.2326
27.0000,23.0000,10.0000,1061.1454,0.4430,0.0541,0.5832,0.1536
27.0000,24.0000,10.0000,1054.7275,0.4352,0.0963,0.5417,0.1246
27.0000,25.0000,10.0000,1054.1732,0.4742,0.0819,0.5898,0.1577
27.0000,26.0000,10.0000,1050.3815,0.5604,0.0882,0.5302,0.1086
27.0000,27.0000,10.0000,1055.3276,0.4546,0.0705,0.5523,0.1490
27.0000,28.0000,10.0000,1059.0709,0.4406,0.0776,0.5816,0.1846
27.0000,29.0000,10.0000,1061.8744,0.4627,0.0185,0.5106,0.1799
27.0000,30.0000,10.0000,1061.9169,0.3901,0.1337,0.5877,0.1573
27.0000,31.0000,10.0000,1052.9552,0.3943,0.0706,0.5978,0.1275
27.0000,32.0000,10.0000,1059.0035,0.4857,0.1320,0.5046,0.1714
27.0000,33.0000,10.0000,1055.3699,0.4651,0.1150,0.5208,0.1587
27.0000,34.0000,10.0000,1058.6183,0.4484,0.0399,0.5963,0.1254
27.0000,35.0000,10.0000,1056.7837,0.5381,0.1211,0.6234,0.1413
27.0000,36.0000,10.0000,1057.9471,0.5513,0.0564,0.5496,0.1255
27.0000,37.0000,10.0000,1058.3392,0.4800,0.0833,0.5586,0.1539
27.0000,38.0000,10.0000,1061.2515,0.4476,0.1201,0.5119,0.1533
27.0000,39.0000,10.0000,1051.5696,0.4714,0.0749,0.5878,0.2550
27.0000,40.0000,10.0000,1052.6578,0.4653,0.1013,0.5916,0.1116
28.0000,1.0000,25.0000,967.1624,1.9107,0.3779,0.9010,0.0772
28.0000,2.0000,25.0000,914.1973,1.8349,0.4633,0.8438,0.1071
28.0000,3.0000,25.0000,932.3058,1.8381,0.3245,0.7927,0.0756
28.0000,4.0000,25.0000,993.9257,1.7892,0.2947,0.6964,0.0898
28.0000,5.0000,25.0000,988.8252,1.7104,0.2892,0.7052,0.0722
28.0000,6.0000,25.0000,1012.2975,1.6652,0.3767,0.7798,0.1647
28.0000,7.0000,25.0000,992.0988,1.8086,0.3460,0.7774,0.1374
28.0000,8.0000,25.0000,954.7534,1.8682,0.3405,0.9354,0.1754
28.0000,9.0000,25.0000,967.1619,1.8202,0.3892,1.0209,0.1112
28.0000,10.0000,25.0000,963.1174,1.9772,0.3574,0.8195,0.1290
28.0000,11.0000,25.0000,945.0151,1.7251,0.4392,0.8386,0.1757
28.0000,12.0000,25.0000,1010.1743,1.8633,0.3221,0.7761,0.0987
28.0000,13.0000,25.0000,996.3498,1.6050,0.3566,0.7320,0.1562
28.0000,14.0000,25.0000,992.9390,1.6183,0.4189,0.7345,0.1443
28.0000,15.0000,25.0000,1049.3132,1.5617,0.3110,0.6437,0.1121
28.0000,16.0000,25.0000,966.9069,1.6284,0.3367,0.8703,0.1380
28.0000,17.0000,25.0000,917.0387,1.8786,0.3434,0.7551,0.0990
28.0000,18.0000,25.0000,950.6276,1.8225,0.4186,0.8142,0.0961
28.0000,19.0000,25.0000,959.3002,1.6411,0.4076,0.9933,0.2072
28.0000,20.0000,25.0000,993.6663,1.5874,0.2863,0.8146,0.1255
28.0000,21.0000,25.0000,1009.2146,1.7319,0.2366,0.8020,0.1369
28.0000,22.0000,25.0000,1008.1339,1.8239,0.2998,0.9513,0.1173
28.0000,23.0000,25.0000,942.4855,1.9335,0.3501,0.9413,0.1273
28.0000,24.0000,25.0000,891.6292,2.0748,0.3106,1.2447,0.1663
28.0000,25.0000,25.0000,967.9914,1.6588,0.3602,0.9483,0.1149
28.0000,26.0000,25.0000,1026.9213,1.7344,0.2555,0.7855,0.0917
28.0000,27.0000,25.0000,984.2788,1.7092,0.3112,0.8481,0.1188
28.0000,28.0000,25.0000,1010.1801,1.7135,0.2185,0.8736,0.1657
28.0000,29.0000,25.0000,977.6953,1.6630,0.3475,0.9107,0.1818
28.0000,30.0000,25.0000,984.6208,1.7032,0.2728,0.8411,0.1036
28.0000,31.0000,25.0000,980.9081,1.7200,0.3261,0.8192,0.0989
28.0000,32.0000,25.0000,1006.7889,1.6187,0.3472,0.9547,0.1666
28.0000,33.0000,25.0000,965.5637,1.6795,0.4132,0.9462,0.1705
28.0000,34.0000,25.0000,970.5825,1.7048,0.2962,0.8445,0.1683
28.0000,35.0000,25.0000,891.2676,1.7353,0.5177,1.2308,0.1558
28.0000,36.0000,25.0000,1001.9063,1.5437,0.2041,0.9298,0.1793
28.0000,37.0000,25.0000,996.2318,1.7676,0.2845,0.8906,0.1585
28.0000,38.0000,25.0000,995.4444,1.6185,0.3895,0.9144,0.1610
28.0000,39.0000,25.0000,987.4751,1.7869,0.1496,0.9730,0.1105
28.0000,40.0000,25.0000,992.4721,1.9233,0.2642,0.8959,0.1660
29.0000,1.0000,10.0000,1037.3971,0.6648,0.0678,0.5300,0.0910
29.0000,2.0000,10.0000,1040.2302,0.6050,0.1189,0.7194,0.1304
29.0000,3.0000,10.0000,1038.2734,0.6173,0.0659,0.7106,0.1378
29.0000,4.0000,10.0000,1038.6282,0.5890,0.0678,0.6660,0.1520
29.0000,5.0000,10.0000,1031.6829,0.6218,0.1105,0.8132,0.1167
29.0000,6.0000,10.0000,1025.7568,0.6444,0.0931,0.5661,0.0622
29.0000,7.0000,10.0000,1024.5197,0.6006,0.0954,0.7107,0.0820
29.0000,8.0000,10.0000,1026.2772,0.5665,0.1183,0.7562,0.1182
29.0000,9.0000,10.0000,1030.5059,0.5793,0.1203,0.7869,0.0726
29.0000,10.0000,10.0000,1035.9975,0.5462,0.0927,0.7495,0.0630
29.0000,11.0000,10.0000,1021.0259,0.6215,0.0754,0.8004,0.1315
29.0000,12.0000,10.0000,1028.1031,0.6425,0.1536,0.6585,0.1553
29.0000,13.0000,10.0000,1029.6184,0.6104,0.1057,0.8056,0.1741
29.0000,14.0000,10.0000,1040.6016,0.5202,0.0467,0.8105,0.0970
29.0000,15.0000,10.0000,1043.7803,0.6747,0.1220,0.8178,0.1010
29.0000,16.0000,10.0000,1032.8858,0.6531,0.0732,0.7461,0.1081
29.0000,17.0000,10.0000,1036.2601,0.6281,0.1217,0.8618,0.1096
29.0000,18.0000,10.0000,1044.1567,0.5844,0.0911,0.7954,0.1379
29.0000,19.0000,10.0000,1038.9096,0.5386,0.0579,0.6672,0.1031
29.0000,20.0000,10.0000,1042.9068,0.6415,0.1600,0.6251,0.1886
29.0000,21.0000,10.0000,1029.7284,0.7857,0.1317,0.6455,0.0889
29.0000,22.0000,10.0000,1032.5579,0.4866,0.0843,0.6527,0.1048
29.0000,23.0000,10.0000,1035.0042,0.6077,0.1526,0.6490,0.1128
29.0000,24.0000,10.0000,1050.1626,0.5856,0.1055,0.5694,0.1294
29.0000,25.0000,10.0000,1042.8679,0.5575,0.1016,0.6164,0.0806
29.0000,26.0000,10.0000,1038.4871,0.6264,0.1439,0.8625,0.1747
29.0000,27.0000,10.0000,1045.7578,0.5724,0.0732,0.6874,0.0865
29.0000,28.0000,10.0000,1043.2456,0.5523,0.1380,0.7414,0.1584
29.0000,29.0000,10.0000,1039.4384,0.5755,0.0874,0.7608,0.1256
29.0000,30.0000,10.0000,1036.7421,0.6729,0.1855,0.6671,0.0695
29.0000,31.0000,10.0000,1040.6811,0.5886,0.0940,0.7864,0.1182
29.0000,32.0000,10.0000,1039.4888,0.4750,0.0436,0.7337,0.1296
29.0000,33.0000,10.0000,1045.6680,0.5984,0.0731,0.7917,0.1092
29.0000,34.0000,10.0000,1042.7396,0.5223,0.1032,0.8321,0.0932
29.0000,35.0000,10.0000,1045.9122,0.6348,0.1004,0.7263,0.0745
29.0000,36.0000,10.0000,1043.9013,0.5981,0.1420,0.6222,0.0971
29.0000,37.0000,10.0000,1046.0044,0.5167,0.0767,0.7745,0.0853
29.0000,38.0000,10.0000,1043.0378,0.5625,0.0309,0.7740,0.1329
29.0000,39.0000,10.0000,1046.6542,0.5899,0.1065,0.7485,0.1046
29.0000,40.0000,10.0000,1042.9139,0.5572,0.1068,0.6233,0.0906
30.0000,1.0000,25.0000,896.9677,1.9884,0.3967,0.7345,0.0837
30.0000,2.0000,25.0000,951.2403,1.9327,0.3706,0.7035,0.0686
30.0000,3.0000,25.0000,937.5094,1.8907,0.4241,0.6033,0.0843
30.0000,4.0000,25.0000,904.5137,1.8944,0.3573,0.6089,0.1063
30.0000,5.0000,25.0000,1003.2663,1.6548,0.3212,0.6352,0.1095
30.0000,6.0000,25.0000,995.9647,1.5546,0.3739,0.6130,0.1173
30.0000,7.0000,25.0000,952.1433,1.8769,0.4039,0.6703,0.1268
30.0000,8.0000,25.0000,880.0704,1.7033,0.5095,0.7988,0.1085
30.0000,9.0000,25.0000,937.9215,1.9706,0.4219,0.7294,0.0678
30.0000,10.0000,25.0000,985.3723,1.7653,0.4087,0.7030,0.0516
30.0000,11.0000,25.0000,1003.4538,1.6575,0.3833,0.6003,0.1021
30.0000,12.0000,25.0000,963.9366,1.8059,0.3913,0.7716,0.0703
30.0000,13.0000,25.0000,1021.6420,1.8554,0.2901,0.6373,0.0908
30.0000,14.0000,25.0000,935.7194,1.9403,0.3317,0.5839,0.0912
30.0000,15.0000,25.0000,994.8533,1.9520,0.1697,0.7209,0.0884
30.0000,16.0000,25.0000,954.1193,1.7908,0.3647,0.7043,0.0651
30.0000,17.0000,25.0000,1023.2904,1.7622,0.3297,0.7000,0.0707
30.0000,18.0000,25.0000,969.4767,1.6545,0.3625,0.6714,0.0885
30.0000,19.0000,25.0000,968.8084,1.7487,0.4079,0.8405,0.1070
30.0000,20.0000,25.0000,931.3616,2.0897,0.3177,0.8059,0.0937
30.0000,21.0000,25.0000,956.6507,1.7073,0.4159,0.8406,0.1079
30.0000,22.0000,25.0000,1015.8097,1.7507,0.4039,0.7381,0.1254
30.0000,23.0000,25.0000,1007.3419,1.8812,0.3625,0.6509,0.0331
30.0000,24.0000,25.0000,930.6850,2.0262,0.4496,0.7238,0.1215
30.0000,25.0000,25.0000,956.0491,1.6765,0.3602,0.7909,0.0682
30.0000,26.0000,25.0000,904.7929,1.9193,0.4670,0.8643,0.0932
30.0000,27.0000,25.0000,1028.3989,1.6820,0.4766,0.6033,0.0607
30.0000,28.0000,25.0000,915.3147,1.8009,0.4868,0.6088,0.0911
30.0000,29.0000,25.0000,928.4472,1.7910,0.3837,0.6590,0.0720
30.0000,30.0000,25.0000,948.6148,1.8485,0.3059,0.6038,0.0861
30.0000,31.0000,25.0000,1016.5634,1.7921,0.2903,0.7307,0.0912
30.0000,32.0000,25.0000,970.2138,1.6096,0.5413,0.8188,0.0720
30.0000,33.0000,25.0000,1009.2684,1.7779,0.4052,0.6760,0.0952
30.0000,34.0000,25.0000,966.1618,1.6314,0.4685,0.8107,0.1109
30.0000,35.0000,25.0000,1036.7513,1.4035,0.3480,0.5291,0.1161
30.0000,36.0000,25.0000,1052.8992,1.6059,0.3295,0.6177,0.0367
30.0000,37.0000,25.0000,985.4250,1.6415,0.4377,0.8968,0.0959
30.0000,38.0000,25.0000,928.5325,1.9067,0.3295,0.8900,0.1161
30.0000,39.0000,25.0000,978.8992,1.5746,0.3774,0.8786,0.0667
30.0000,40.0000,25.0000,996.4033,1.6312,0.3579,0.8102,0.0518
31.0000,1.0000,30.0000,702.7932,2.0406,0.5455,0.8979,0.1269
31.0000,2.0000,30.0000,712.6933,2.2560,0.5071,0.8829,0.1534
31.0000,3.0000,30.0000,691.5044,2.1878,0.6004,0.8074,0.1251
31.0000,4.0000,30.0000,688.6983,2.2053,0.4945,0.9527,0.1432
31.0000,5.0000,30.0000,711.0794,1.9149,0.5461,0.7002,0.1620
31.0000,6.0000,30.0000,704.3752,2.3287,0.4202,0.5008,0.1139
31.0000,7.0000,30.0000,703.2257,2.1481,0.5578,0.6482,0.0814
31.0000,8.0000,30.0000,702.9433,2.1462,0.5657,0.6910,0.1523
31.0000,9.0000,30.0000,715.8434,1.9921,0.6204,0.6257,0.1229
31.0000,10.0000,30.0000,700.4700,2.0657,0.6226,0.6594,0.0829
31.0000,11.0000,30.0000,712.5542,2.3082,0.5271,0.6663,0.1586
31.0000,12.0000,30.0000,697.8595,2.1285,0.4630,0.9315,0.1400
31.0000,13.0000,30.0000,700.8860,2.1018,0.6186,0.9003,0.1464
31.0000,14.0000,30.0000,713.4550,1.9995,0.6649,0.7033,0.1031
31.0000,15.0000,30.0000,711.4419,1.7036,0.6302,0.8422,0.1538
31.0000,16.0000,30.0000,714.0002,1.9346,0.6007,0.7486,0.0950
31.0000,17.0000,30.0000,713.5866,2.1776,0.6002,0.7920,0.1771
31.0000,18.0000,30.0000,718.3266,1.9808,0.5980,0.7507,0.1648
31.0000,19.0000,30.0000,714.0569,1.9571,0.6095,0.8434,0.1872
31.0000,20.0000,30.0000,722.2218,2.1298,0.5886,0.8380,0.1539
31.0000,21.0000,30.0000,725.3382,1.8861,0.4722,0.9830,0.1205
31.0000,22.0000,30.0000,722.9230,1.5549,0.5878,0.8204,0.1751
31.0000,23.0000,30.0000,708.9257,1.9752,0.5762,0.9869,0.1644
31.0000,24.0000,30.0000,714.2117,1.7959,0.7065,0.8436,0.1857
31.0000,25.0000,30.0000,722.4065,2.0256,0.7474,0.7781,0.1261
31.0000,26.0000,30.0000,720.3833,1.7467,0.5603,0.7563,0.1257
31.0000,27.0000,30.0000,725.8949,1.9334,0.6909,0.8571,0.1468
31.0000,28.0000,30.0000,714.3332,1.8522,0.5611,0.8411,0.1741
31.0000,29.0000,30.0000,730.8824,1.8915,0.6009,0.8784,0.1483
31.0000,30.0000,30.0000,721.0659,1.7592,0.6331,0.8272,0.1540
31.0000,31.0000,30.0000,727.2085,1.7544,0.6895,0.9730,0.1337
31.0000,32.0000,30.0000,720.2857,1.8125,0.6564,1.0629,0.1510
31.0000,33.0000,30.0000,730.0796,2.0103,0.6053,0.8814,0.1340
31.0000,34.0000,30.0000,730.6807,1.7892,0.5802,0.8183,0.1241
31.0000,35.0000,30.0000,721.0305,1.8791,0.7195,0.8122,0.1340
31.0000,36.0000,30.0000,726.1124,2.0525,0.6139,0.9011,0.1255
31.0000,37.0000,30.0000,723.0031,1.7938,0.6532,0.8601,0.1988
31.0000,38.0000,30.0000,717.4445,2.0240,0.4625,0.8736,0.1749
31.0000,39.0000,30.0000,712.9589,1.6846,0.7105,0.8879,0.1692
31.0000,40.0000,30.0000,731.1599,1.7161,0.5866,0.8694,0.1513
32.0000,1.0000,30.0000,731.5342,2.2994,0.5725,1.2085,0.1447
32.0000,2.0000,30.0000,718.4958,2.1913,0.6502,1.3621,0.1487
32.0000,3.0000,30.0000,713.5013,2.5159,0.5887,1.6622,0.2254
32.0000,4.0000,30.0000,720.1061,2.2550,0.5241,1.4238,0.1856
32.0000,5.0000,30.0000,716.8082,2.3591,0.6833,1.5111,0.1893
32.0000,6.0000,30.0000,718.2536,1.8774,0.5550,1.5527,0.2535
32.0000,7.0000,30.0000,719.6663,2.3154,0.5717,1.5815,0.2462
32.0000,8.0000,30.0000,731.8421,2.1202,0.6188,1.3634,0.1618
32.0000,9.0000,30.0000,720.6558,2.1949,0.7554,1.4168,0.1280
32.0000,10.0000,30.0000,724.3913,2.2004,0.5112,1.4013,0.1921
32.0000,11.0000,30.0000,717.1540,1.7742,0.6698,1.1294,0.2008
32.0000,12.0000,30.0000,708.4680,2.2562,0.6683,1.5244,0.2135
32.0000,13.0000,30.0000,723.8701,1.8533,0.5151,1.4290,0.1901
32.0000,14.0000,30.0000,720.1023,2.1041,0.6246,1.7003,0.2632
32.0000,15.0000,30.0000,716.0374,2.0965,0.7375,1.4615,0.1754
32.0000,16.0000,30.0000,717.8129,2.2505,0.7137,1.4936,0.1370
32.0000,17.0000,30.0000,724.8697,2.0250,0.7107,1.3019,0.1454
32.0000,18.0000,30.0000,720.6241,2.1558,0.5057,1.4835,0.2275
32.0000,19.0000,30.0000,717.4955,1.8714,0.6781,1.4224,0.1599
32.0000,20.0000,30.0000,704.8885,2.0078,0.7289,1.3315,0.2086
32.0000,21.0000,30.0000,710.1688,1.6918,0.8530,1.1301,0.2329
32.0000,22.0000,30.0000,721.2455,2.1186,0.4232,1.6591,0.2536
32.0000,23.0000,30.0000,712.9023,2.1043,0.7196,1.4312,0.1885
32.0000,24.0000,30.0000,707.8224,2.1700,0.5823,1.4408,0.2160
32.0000,25.0000,30.0000,731.1630,1.8904,0.5808,1.2793,0.2361
32.0000,26.0000,30.0000,711.7494,1.8116,0.6135,1.3799,0.2818
32.0000,27.0000,30.0000,711.9320,1.8065,0.7511,1.4050,0.2308
32.0000,28.0000,30.0000,712.7842,1.9626,0.6515,1.3393,0.1856
32.0000,29.0000,30.0000,729.6050,2.3037,0.5167,1.0693,0.2099
32.0000,30.0000,30.0000,714.6498,2.1128,0.6233,1.4903,0.1425
32.0000,31.0000,30.0000,719.8671,1.8255,0.5119,1.1460,0.1684
32.0000,32.0000,30.0000,725.6831,1.8022,0.6501,1.0774,0.2252
32.0000,33.0000,30.0000,719.4472,2.0636,0.6930,1.0920,0.1753
32.0000,34.0000,30.0000,718.6661,1.9875,0.6509,1.3810,0.1967
32.0000,35.0000,30.0000,706.2184,2.0693,0.6377,1.5103,0.2575
32.0000,36.0000,30.0000,728.2961,1.8339,0.6523,1.2795,0.2147
32.0000,37.0000,30.0000,719.9356,1.8958,0.4928,1.0564,0.1911
32.0000,38.0000,30.0000,723.4517,2.0568,0.6183,1.1644,0.2466
32.0000,39.0000,30.0000,726.2197,2.0912,0.6561,1.2641,0.1788
32.0000,40.0000,30.0000,710.0040,1.9316,0.7014,1.1825,0.1647
