"pp","task_label","score_PostTest","score_PreTest","score_Retention","Training","TrainingPhase","score_Delta","c_PostTest","c_PreTest","c_Retention","c_Delta","pitch_error_PostTest","pitch_error_PreTest","pitch_error_Retention","pitch_error_Delta"
1,"Chaotic",0.664666666666667,0.4352,0.4712,"Chaotic Interactive","PostDelta",52.7267156862745,0.637,0.5144,0.5632,23.8335925349922,0.960666666666667,1.1908,1.1986,-19.3259433434106
1,"Chaotic",0.664666666666667,0.4352,0.4712,"Chaotic Interactive","RetentionDelta",8.27205882352942,0.637,0.5144,0.5632,9.48678071539659,0.960666666666667,1.1908,1.1986,0.655021834061138
1,"Chaotic Visual",1.40933333333333,1.6446,1.476,"Chaotic Interactive","PostDelta",-14.3054035429081,0.591666666666667,0.5976,0.6378,-0.99286033020973,0.427333333333333,0.3668,0.433,16.5030897855325
1,"Chaotic Visual",1.40933333333333,1.6446,1.476,"Chaotic Interactive","RetentionDelta",-10.251732944181,0.591666666666667,0.5976,0.6378,6.72690763052209,0.427333333333333,0.3668,0.433,18.0479825517993
1,"Periodic Fadeout (SCT)",0.598333333333333,0.6042,0.6454,"Chaotic Interactive","PostDelta",-0.970980911397977,0.952333333333333,0.9592,0.9478,-0.715874339727553,1.60766666666667,1.5912,1.518,1.03485838779956
1,"Periodic Fadeout (SCT)",0.598333333333333,0.6042,0.6454,"Chaotic Interactive","RetentionDelta",6.81893412777226,0.952333333333333,0.9592,0.9478,-1.18849040867389,1.60766666666667,1.5912,1.518,-4.60030165912518
1,"Periodic Fixed",0.536,0.5436,0.6374,"Chaotic Interactive","PostDelta",-1.39808682855039,0.906,0.852,0.9474,6.33802816901409,1.71966666666667,1.7218,1.5562,-0.123901343555193
1,"Periodic Fixed",0.536,0.5436,0.6374,"Chaotic Interactive","RetentionDelta",17.2553348050037,0.906,0.852,0.9474,11.1971830985916,1.71966666666667,1.7218,1.5562,-9.61784179347194
4,"Chaotic",0.431,0.3134,0.2914,"Chaotic Interactive","PostDelta",37.5239310784939,0.564,0.511,0.5128,10.371819960861,1.31266666666667,1.6362,1.7652,-19.7734588273642
4,"Chaotic",0.431,0.3134,0.2914,"Chaotic Interactive","RetentionDelta",-7.01978302488833,0.564,0.511,0.5128,0.352250489236795,1.31266666666667,1.6362,1.7652,7.88412174550787
4,"Chaotic Visual",1.737,1.7835,1.6114,"Chaotic Interactive","PostDelta",-2.60723296888141,0.578666666666667,0.6035,0.5724,-4.11488539077603,0.332666666666667,0.33925,0.3558,-1.94055514615573
4,"Chaotic Visual",1.737,1.7835,1.6114,"Chaotic Interactive","RetentionDelta",-9.64956546117186,0.578666666666667,0.6035,0.5724,-5.15327257663629,0.332666666666667,0.33925,0.3558,4.87840825350037
4,"Periodic Fadeout (SCT)",0.560333333333333,0.3978,0.708,"Chaotic Interactive","PostDelta",40.8580526227585,0.939333333333333,0.937,0.946,0.249021700462465,1.735,2.3724,1.3692,-26.8673073680661
4,"Periodic Fadeout (SCT)",0.560333333333333,0.3978,0.708,"Chaotic Interactive","RetentionDelta",77.9788838612368,0.939333333333333,0.937,0.946,0.960512273212369,1.735,2.3724,1.3692,-42.2862923621649
4,"Periodic Fixed",0.490666666666667,0.5578,0.634,"Chaotic Interactive","PostDelta",-12.0353770766105,0.924333333333333,0.9396,0.9478,-1.62480488150986,1.88633333333333,1.7394,1.5456,8.44735732628109
4,"Periodic Fixed",0.490666666666667,0.5578,0.634,"Chaotic Interactive","RetentionDelta",13.6608103262818,0.924333333333333,0.9396,0.9478,0.872711792252021,1.88633333333333,1.7394,1.5456,-11.1417730251811
5,"Chaotic",0.269666666666667,0.2594,0.3354,"Chaotic Non-interactive","PostDelta",3.95785145206887,0.457,0.4396,0.477,3.95814376706097,1.72233333333333,1.7,1.4264,1.31372549019608
5,"Chaotic",0.269666666666667,0.2594,0.3354,"Chaotic Non-interactive","RetentionDelta",29.2983808789514,0.457,0.4396,0.477,8.50773430391265,1.72233333333333,1.7,1.4264,-16.0941176470588
5,"Chaotic Visual",1.57833333333333,1.523,1.566,"Chaotic Non-interactive","PostDelta",3.63318012694243,0.578,0.6276,0.5664,-7.90312300828555,0.368333333333333,0.4138,0.3634,-10.9875946512003
5,"Chaotic Visual",1.57833333333333,1.523,1.566,"Chaotic Non-interactive","RetentionDelta",2.82337491792514,0.578,0.6276,0.5664,-9.75143403441683,0.368333333333333,0.4138,0.3634,-12.1797970033833
5,"Periodic Fadeout (SCT)",0.301,0.3818,0.5468,"Chaotic Non-interactive","PostDelta",-21.1629125196438,0.898333333333333,0.858,0.9252,4.7008547008547,2.988,2.2688,1.7028,31.6995768688293
5,"Periodic Fadeout (SCT)",0.301,0.3818,0.5468,"Chaotic Non-interactive","RetentionDelta",43.2163436354112,0.898333333333333,0.858,0.9252,7.83216783216784,2.988,2.2688,1.7028,-24.9471086036671
5,"Periodic Fixed",0.517666666666667,0.372,0.429,"Chaotic Non-interactive","PostDelta",39.15770609319,0.864333333333333,0.7986,0.7364,8.23107104098841,1.739,2.1488,1.7344,-19.0711094564408
5,"Periodic Fixed",0.517666666666667,0.372,0.429,"Chaotic Non-interactive","RetentionDelta",15.3225806451613,0.864333333333333,0.7986,0.7364,-7.78863010267968,1.739,2.1488,1.7344,-19.2851824274013
6,"Chaotic",0.369333333333333,0.2224,0.3416,"Chaotic Interactive","PostDelta",66.0671462829736,0.482,0.4598,0.4896,4.8281861678991,1.30533333333333,2.0966,1.461,-37.740468695348
6,"Chaotic",0.369333333333333,0.2224,0.3416,"Chaotic Interactive","RetentionDelta",53.5971223021583,0.482,0.4598,0.4896,6.48107872988257,1.30533333333333,2.0966,1.461,-30.3157493084041
6,"Chaotic Visual",1.22033333333333,1.3314,1.6682,"Chaotic Interactive","PostDelta",-8.34209603925692,0.536333333333333,0.5842,0.668,-8.19354102476322,0.440666666666667,0.4418,0.4002,-0.256526331673467
6,"Chaotic Visual",1.22033333333333,1.3314,1.6682,"Chaotic Interactive","RetentionDelta",25.2966801862701,0.536333333333333,0.5842,0.668,14.3444026018487,0.440666666666667,0.4418,0.4002,-9.41602535083749
6,"Periodic Fadeout (SCT)",0.275333333333333,0.3016,0.3978,"Chaotic Interactive","PostDelta",-8.70910698496907,0.764666666666667,0.7466,0.8712,2.41985891597466,2.788,2.6772,2.2214,4.13865232332288
6,"Periodic Fadeout (SCT)",0.275333333333333,0.3016,0.3978,"Chaotic Interactive","RetentionDelta",31.8965517241379,0.764666666666667,0.7466,0.8712,16.6889900884008,2.788,2.6772,2.2214,-17.0252502614672
6,"Periodic Fixed",0.611333333333333,0.4058,0.351,"Chaotic Interactive","PostDelta",50.6489239362576,0.793,0.8674,0.813,-8.577357620475,1.45733333333333,2.19,2.3432,-33.455098934551
6,"Periodic Fixed",0.611333333333333,0.4058,0.351,"Chaotic Interactive","RetentionDelta",-13.504189255791,0.793,0.8674,0.813,-6.27161632464837,1.45733333333333,2.19,2.3432,6.99543378995434
7,"Chaotic",0.257,0.2652,0.2428,"Chaotic Non-interactive","PostDelta",-3.0920060331825,0.523,0.4824,0.5096,8.4162520729685,2.03666666666667,1.8252,2.1204,11.5859449192783
7,"Chaotic",0.257,0.2652,0.2428,"Chaotic Non-interactive","RetentionDelta",-8.44645550527904,0.523,0.4824,0.5096,5.63847429519073,2.03666666666667,1.8252,2.1204,16.1735700197239
7,"Chaotic Visual",1.68433333333333,1.4642,1.7068,"Chaotic Non-interactive","PostDelta",15.0343759959933,0.659666666666667,0.5796,0.674,13.8141246836899,0.391666666666667,0.396,0.395,-1.0942760942761
7,"Chaotic Visual",1.68433333333333,1.4642,1.7068,"Chaotic Non-interactive","RetentionDelta",16.5687747575468,0.659666666666667,0.5796,0.674,16.2870945479641,0.391666666666667,0.396,0.395,-0.252525252525253
7,"Periodic Fadeout (SCT)",0.400666666666667,0.3028,0.3996,"Chaotic Non-interactive","PostDelta",32.3205636283575,0.927666666666667,0.8942,0.9292,3.74263773950645,2.42333333333333,3.0258,2.341,-19.9109877277635
7,"Periodic Fadeout (SCT)",0.400666666666667,0.3028,0.3996,"Chaotic Non-interactive","RetentionDelta",31.9682959048877,0.927666666666667,0.8942,0.9292,3.91411317378663,2.42333333333333,3.0258,2.341,-22.6320311983608
7,"Periodic Fixed",0.257666666666667,0.326,0.2096,"Chaotic Non-interactive","PostDelta",-20.961145194274,0.773333333333333,0.854,0.7234,-9.44574551131928,3.00966666666667,2.6574,3.4972,13.2560648252678
7,"Periodic Fixed",0.257666666666667,0.326,0.2096,"Chaotic Non-interactive","RetentionDelta",-35.7055214723926,0.773333333333333,0.854,0.7234,-15.2927400468384,3.00966666666667,2.6574,3.4972,31.602318055242
8,"Chaotic",0.413333333333333,0.4138,0.3638,"Chaotic Non-interactive","PostDelta",-0.112775898179476,0.558666666666667,0.592,0.5522,-5.63063063063063,1.415,1.4398,1.5272,-1.72246145297958
8,"Chaotic",0.413333333333333,0.4138,0.3638,"Chaotic Non-interactive","RetentionDelta",-12.0831319478009,0.558666666666667,0.592,0.5522,-6.72297297297296,1.415,1.4398,1.5272,6.07028753993611
8,"Chaotic Visual",1.81266666666667,1.7446,1.7414,"Chaotic Non-interactive","PostDelta",3.90156291795636,0.696666666666667,0.6624,0.643,5.1731078904992,0.385,0.3792,0.37,1.52953586497891
8,"Chaotic Visual",1.81266666666667,1.7446,1.7414,"Chaotic Non-interactive","RetentionDelta",-0.183423134242799,0.696666666666667,0.6624,0.643,-2.92874396135265,0.385,0.3792,0.37,-2.42616033755274
8,"Periodic Fadeout (SCT)",0.381,0.3832,0.594,"Chaotic Non-interactive","PostDelta",-0.574112734864295,0.909333333333333,0.8922,0.9468,1.9203467085108,2.39066666666667,2.3914,1.6484,-0.0306654400490613
8,"Periodic Fadeout (SCT)",0.381,0.3832,0.594,"Chaotic Non-interactive","RetentionDelta",55.0104384133612,0.909333333333333,0.8922,0.9468,6.11970410221923,2.39066666666667,2.3914,1.6484,-31.0696663042569
8,"Periodic Fixed",0.467666666666667,0.4124,0.3372,"Chaotic Non-interactive","PostDelta",13.401228580666,0.875333333333333,0.8832,0.8914,-0.89070048309179,1.93766666666667,2.221,2.6846,-12.7570163589975
8,"Periodic Fixed",0.467666666666667,0.4124,0.3372,"Chaotic Non-interactive","RetentionDelta",-18.2347235693501,0.875333333333333,0.8832,0.8914,0.928442028985506,1.93766666666667,2.221,2.6846,20.8734804142278
9,"Chaotic",0.509,0.3752,0.571,"Chaotic Non-interactive","PostDelta",35.6609808102345,0.572,0.4682,0.6964,22.1700128150363,1.12833333333333,1.2644,1.2228,-10.761362438047
9,"Chaotic",0.509,0.3752,0.571,"Chaotic Non-interactive","RetentionDelta",52.1855010660981,0.572,0.4682,0.6964,48.7398547629218,1.12833333333333,1.2644,1.2228,-3.29009807023093
9,"Chaotic Visual",1.951,1.879,1.8606,"Chaotic Non-interactive","PostDelta",3.83182543906332,0.763666666666667,0.7392,0.7874,3.30988455988456,0.391333333333333,0.3944,0.4236,-0.777552400270452
9,"Chaotic Visual",1.951,1.879,1.8606,"Chaotic Non-interactive","RetentionDelta",-0.979244278871739,0.763666666666667,0.7392,0.7874,6.52056277056276,0.391333333333333,0.3944,0.4236,7.40365111561865
9,"Periodic Fadeout (SCT)",0.411666666666667,0.3544,0.3644,"Chaotic Non-interactive","PostDelta",16.1587659894658,0.903666666666667,0.9034,0.8962,0.0295181167441608,2.19666666666667,2.554,2.4796,-13.9911250326285
9,"Periodic Fadeout (SCT)",0.411666666666667,0.3544,0.3644,"Chaotic Non-interactive","RetentionDelta",2.82167042889391,0.903666666666667,0.9034,0.8962,-0.796989152092095,2.19666666666667,2.554,2.4796,-2.91307752545027
9,"Periodic Fixed",0.307666666666667,0.3522,0.4098,"Chaotic Non-interactive","PostDelta",-12.6443308726103,0.702666666666667,0.7552,0.8936,-6.95621468926554,2.35133333333333,2.3358,2.4626,0.665011273796275
9,"Periodic Fixed",0.307666666666667,0.3522,0.4098,"Chaotic Non-interactive","RetentionDelta",16.3543441226576,0.702666666666667,0.7552,0.8936,18.3262711864407,2.35133333333333,2.3358,2.4626,5.42854696463739
10,"Chaotic",0.519333333333333,0.4038,0.4254,"Chaotic Interactive","PostDelta",28.6115238566947,0.569,0.5066,0.5404,12.3174101855507,1.126,1.2598,1.2814,-10.6207334497539
10,"Chaotic",0.519333333333333,0.4038,0.4254,"Chaotic Interactive","RetentionDelta",5.34918276374443,0.569,0.5066,0.5404,6.6719305171733,1.126,1.2598,1.2814,1.71455786632799
10,"Chaotic Visual",1.912,1.6238,1.8846,"Chaotic Interactive","PostDelta",17.7484911934967,0.609666666666667,0.5666,0.6098,7.60089422284975,0.320666666666667,0.352,0.3242,-8.90151515151515
10,"Chaotic Visual",1.912,1.6238,1.8846,"Chaotic Interactive","RetentionDelta",16.0610912673975,0.609666666666667,0.5666,0.6098,7.62442640310625,0.320666666666667,0.352,0.3242,-7.89772727272727
10,"Periodic Fadeout (SCT)",0.835666666666667,0.5274,0.8275,"Chaotic Interactive","PostDelta",58.450259132853,0.968333333333333,0.9486,0.965,2.08025862674818,1.16066666666667,1.9218,1.1775,-39.6052312068547
10,"Periodic Fadeout (SCT)",0.835666666666667,0.5274,0.8275,"Chaotic Interactive","RetentionDelta",56.9017823284035,0.968333333333333,0.9486,0.965,1.72886358844613,1.16066666666667,1.9218,1.1775,-38.7293162660006
10,"Periodic Fixed",0.508666666666667,0.6492,0.7776,"Chaotic Interactive","PostDelta",-21.6471554734032,0.875,0.9518,0.9634,-8.06892204244589,1.74,1.5158,1.5364,14.7908695078506
10,"Periodic Fixed",0.508666666666667,0.6492,0.7776,"Chaotic Interactive","RetentionDelta",19.7781885397412,0.875,0.9518,0.9634,1.21874343349443,1.74,1.5158,1.5364,1.35901834015041
11,"Chaotic",0.120666666666667,0.1676,0.177,"Periodic Fixed","PostDelta",-28.0031821797932,0.247,0.2926,0.2594,-15.5844155844156,2.07033333333333,1.7952,1.4648,15.32605466429
11,"Chaotic",0.120666666666667,0.1676,0.177,"Periodic Fixed","RetentionDelta",5.60859188544152,0.247,0.2926,0.2594,-11.3465481886534,2.07033333333333,1.7952,1.4648,-18.4046345811052
11,"Chaotic Visual",1.24566666666667,1.0432,1.3334,"Periodic Fixed","PostDelta",19.4082310838446,0.592333333333333,0.4626,0.6328,28.0443867992506,0.475,0.444,0.4774,6.98198198198198
11,"Chaotic Visual",1.24566666666667,1.0432,1.3334,"Periodic Fixed","RetentionDelta",27.8182515337424,0.592333333333333,0.4626,0.6328,36.7920449632512,0.475,0.444,0.4774,7.52252252252252
11,"Periodic Fadeout (SCT)",0.336666666666667,0.2072,0.4708,"Periodic Fixed","PostDelta",62.4839124839125,0.815666666666667,0.6302,0.8876,29.4298106421242,2.44533333333333,3.225,1.8928,-24.1757105943153
11,"Periodic Fadeout (SCT)",0.336666666666667,0.2072,0.4708,"Periodic Fixed","RetentionDelta",127.220077220077,0.815666666666667,0.6302,0.8876,40.84417645192,2.44533333333333,3.225,1.8928,-41.3085271317829
11,"Periodic Fixed",0.43,0.2426,0.4518,"Periodic Fixed","PostDelta",77.2464962901896,0.791333333333333,0.5598,0.8428,41.3600095272121,1.89366666666667,2.3552,1.8846,-19.5963541666667
11,"Periodic Fixed",0.43,0.2426,0.4518,"Periodic Fixed","RetentionDelta",86.2324814509481,0.791333333333333,0.5598,0.8428,50.5537692032869,1.89366666666667,2.3552,1.8846,-19.9813179347826
12,"Chaotic",0.393,0.3586,0.4284,"Chaotic Non-interactive","PostDelta",9.59286112660345,0.508,0.5344,0.5128,-4.94011976047904,1.31466666666667,1.534,1.199,-14.2981312472838
12,"Chaotic",0.393,0.3586,0.4284,"Chaotic Non-interactive","RetentionDelta",19.4645844952593,0.508,0.5344,0.5128,-4.04191616766466,1.31466666666667,1.534,1.199,-21.8383311603651
12,"Chaotic Visual",1.433,1.57,1.3556,"Chaotic Non-interactive","PostDelta",-8.72611464968153,0.604,0.6464,0.5342,-6.55940594059406,0.423,0.4122,0.3946,2.62008733624454
12,"Chaotic Visual",1.433,1.57,1.3556,"Chaotic Non-interactive","RetentionDelta",-13.656050955414,0.604,0.6464,0.5342,-17.3576732673267,0.423,0.4122,0.3946,-4.26977195536148
12,"Periodic Fadeout (SCT)",0.450666666666667,0.3372,0.3344,"Chaotic Non-interactive","PostDelta",33.6496638987742,0.912333333333333,0.8524,0.8396,7.0311277960269,2.062,2.5426,2.526,-18.9019114292457
12,"Periodic Fadeout (SCT)",0.450666666666667,0.3372,0.3344,"Chaotic Non-interactive","RetentionDelta",-0.830367734282332,0.912333333333333,0.8524,0.8396,-1.50164242139841,2.062,2.5426,2.526,-0.652875009832453
12,"Periodic Fixed",0.262666666666667,0.1214,0.3712,"Chaotic Non-interactive","PostDelta",116.364634816035,0.862666666666667,0.3596,0.787,139.896180941787,3.32066666666667,3.0412,2.1292,9.18935507913544
12,"Periodic Fixed",0.262666666666667,0.1214,0.3712,"Chaotic Non-interactive","RetentionDelta",205.766062602965,0.862666666666667,0.3596,0.787,118.854282536151,3.32066666666667,3.0412,2.1292,-29.9881625674076
13,"Chaotic",0.171,0.1954,0.229,"Periodic Fixed","PostDelta",-12.4872057318321,0.360666666666667,0.4012,0.3448,-10.1030242605517,2.09433333333333,2.115,1.5306,-0.977147360126102
13,"Chaotic",0.171,0.1954,0.229,"Periodic Fixed","RetentionDelta",17.1954964176049,0.360666666666667,0.4012,0.3448,-14.0578265204387,2.09433333333333,2.115,1.5306,-27.6312056737589
13,"Chaotic Visual",1.40433333333333,1.3186,1.4768,"Periodic Fixed","PostDelta",6.50184539157693,0.490333333333333,0.5052,0.5454,-2.94272895223013,0.349,0.3832,0.371,-8.92484342379958
13,"Chaotic Visual",1.40433333333333,1.3186,1.4768,"Periodic Fixed","RetentionDelta",11.9975731836797,0.490333333333333,0.5052,0.5454,7.95724465558195,0.349,0.3832,0.371,-3.18371607515657
13,"Periodic Fadeout (SCT)",0.446333333333333,0.2808,0.4486,"Periodic Fixed","PostDelta",58.9506172839506,0.927,0.9016,0.9068,2.81721384205857,2.08033333333333,3.2616,2.0882,-36.2173984138664
13,"Periodic Fadeout (SCT)",0.446333333333333,0.2808,0.4486,"Periodic Fixed","RetentionDelta",59.7578347578348,0.927,0.9016,0.9068,0.576752440106488,2.08033333333333,3.2616,2.0882,-35.9762079960755
13,"Periodic Fixed",0.438666666666667,0.25,0.4252,"Periodic Fixed","PostDelta",75.4666666666667,0.879666666666667,0.7212,0.8856,21.9726381955999,2.048,2.9144,2.0898,-29.7282459511392
13,"Periodic Fixed",0.438666666666667,0.25,0.4252,"Periodic Fixed","RetentionDelta",70.08,0.879666666666667,0.7212,0.8856,22.7953410981697,2.048,2.9144,2.0898,-28.2939884710404
14,"Chaotic",0.436666666666667,0.311,0.3426,"Chaotic Interactive","PostDelta",40.4072883172562,0.566333333333333,0.4986,0.5018,13.5847038374114,1.316,1.616,1.482,-18.5643564356436
14,"Chaotic",0.436666666666667,0.311,0.3426,"Chaotic Interactive","RetentionDelta",10.1607717041801,0.566333333333333,0.4986,0.5018,0.641797031688736,1.316,1.616,1.482,-8.2920792079208
14,"Chaotic Visual",1.62833333333333,1.352,1.4702,"Chaotic Interactive","PostDelta",20.4388560157791,0.608,0.5438,0.5782,11.8058109599117,0.373333333333333,0.4018,0.3936,-7.08478513356561
14,"Chaotic Visual",1.62833333333333,1.352,1.4702,"Chaotic Interactive","RetentionDelta",8.74260355029585,0.608,0.5438,0.5782,6.32585509378448,0.373333333333333,0.4018,0.3936,-2.04081632653061
14,"Periodic Fadeout (SCT)",0.270333333333333,0.1012,0.3922,"Chaotic Interactive","PostDelta",167.127799736495,0.846,0.6092,0.8636,38.8706500328299,3.195,5.9408,2.2224,-46.2193643953676
14,"Periodic Fadeout (SCT)",0.270333333333333,0.1012,0.3922,"Chaotic Interactive","RetentionDelta",287.549407114625,0.846,0.6092,0.8636,41.7596848325673,3.195,5.9408,2.2224,-62.5908968489092
14,"Periodic Fixed",0.452666666666667,0.2716,0.2442,"Chaotic Interactive","PostDelta",66.6666666666667,0.741,0.6084,0.5988,21.7948717948718,1.65766666666667,2.323,2.4572,-28.6411249820634
14,"Periodic Fixed",0.452666666666667,0.2716,0.2442,"Chaotic Interactive","RetentionDelta",-10.0883652430044,0.741,0.6084,0.5988,-1.57790927021697,1.65766666666667,2.323,2.4572,5.77701248385708
15,"Chaotic",0.354666666666667,0.3226,0.3668,"Periodic Fixed","PostDelta",9.94007026245093,0.411333333333333,0.4086,0.4438,0.668950889215201,1.16033333333333,1.2726,1.2162,-8.82183456440883
15,"Chaotic",0.354666666666667,0.3226,0.3668,"Periodic Fixed","RetentionDelta",13.7011779293242,0.411333333333333,0.4086,0.4438,8.61478218306411,1.16033333333333,1.2726,1.2162,-4.43187175860443
15,"Chaotic Visual",1.53366666666667,1.4464,1.5958,"Periodic Fixed","PostDelta",6.03337020648969,0.589333333333333,0.5604,0.6044,5.16297882464905,0.384,0.3894,0.3796,-1.38674884437597
15,"Chaotic Visual",1.53366666666667,1.4464,1.5958,"Periodic Fixed","RetentionDelta",10.329092920354,0.589333333333333,0.5604,0.6044,7.85153461812991,0.384,0.3894,0.3796,-2.51669234720083
15,"Periodic Fadeout (SCT)",0.428333333333333,0.226,0.4674,"Periodic Fixed","PostDelta",89.5280235988201,0.883,0.6846,0.9226,28.9804265264388,2.08,3.2056,1.977,-35.1135512852508
15,"Periodic Fadeout (SCT)",0.428333333333333,0.226,0.4674,"Periodic Fixed","RetentionDelta",106.814159292035,0.883,0.6846,0.9226,34.7648261758691,2.08,3.2056,1.977,-38.3266783129523
15,"Periodic Fixed",0.464666666666667,0.3828,0.5132,"Periodic Fixed","PostDelta",21.3862765586904,0.657666666666667,0.6558,0.7236,0.284639625902208,1.582,1.7636,1.449,-10.2971195282377
15,"Periodic Fixed",0.464666666666667,0.3828,0.5132,"Periodic Fixed","RetentionDelta",34.0647857889237,0.657666666666667,0.6558,0.7236,10.3385178408051,1.582,1.7636,1.449,-17.8385121342708
17,"Chaotic",0.412666666666667,0.2892,0.3412,"Chaotic Interactive","PostDelta",42.6924850161364,0.479666666666667,0.4368,0.408,9.81379731379731,1.16466666666667,1.538,1.197,-24.2739488513221
17,"Chaotic",0.412666666666667,0.2892,0.3412,"Chaotic Interactive","RetentionDelta",17.9806362378976,0.479666666666667,0.4368,0.408,-6.59340659340659,1.16466666666667,1.538,1.197,-22.1716514954486
17,"Chaotic Visual",1.32933333333333,1.543,1.4548,"Chaotic Interactive","PostDelta",-13.8474832577231,0.478333333333333,0.604,0.517,-20.8057395143488,0.369333333333333,0.3898,0.3574,-5.25055584060201
17,"Chaotic Visual",1.32933333333333,1.543,1.4548,"Chaotic Interactive","RetentionDelta",-5.71613739468567,0.478333333333333,0.604,0.517,-14.4039735099338,0.369333333333333,0.3898,0.3574,-8.31195484864032
17,"Periodic Fadeout (SCT)",0.207666666666667,0.1706,0.1656,"Chaotic Interactive","PostDelta",21.727237202032,0.609,0.6038,0.5198,0.861212321960911,2.98366666666667,3.5866,3.155,-16.8107213888734
17,"Periodic Fadeout (SCT)",0.207666666666667,0.1706,0.1656,"Chaotic Interactive","RetentionDelta",-2.93083235638922,0.609,0.6038,0.5198,-13.9118913547532,2.98366666666667,3.5866,3.155,-12.0336809234372
17,"Periodic Fixed",0.379666666666667,0.3876,0.5048,"Chaotic Interactive","PostDelta",-2.04678362573098,0.680666666666667,0.7264,0.722,-6.29588839941262,1.90966666666667,1.8884,1.4332,1.12617383322743
17,"Periodic Fixed",0.379666666666667,0.3876,0.5048,"Chaotic Interactive","RetentionDelta",30.2373581011352,0.680666666666667,0.7264,0.722,-0.605726872246691,1.90966666666667,1.8884,1.4332,-24.1050624867613
18,"Chaotic",0.333666666666667,0.2788,0.1992,"Periodic Fixed","PostDelta",19.6795791487327,0.414,0.4444,0.348,-6.84068406840684,1.239,1.6442,1.7518,-24.6442038681426
18,"Chaotic",0.333666666666667,0.2788,0.1992,"Periodic Fixed","RetentionDelta",-28.5509325681492,0.414,0.4444,0.348,-21.6921692169217,1.239,1.6442,1.7518,6.54421603211288
18,"Chaotic Visual",1.316,1.3606,1.608,"Periodic Fixed","PostDelta",-3.27796560341026,0.501666666666667,0.5488,0.6182,-8.58843537414965,0.381333333333333,0.4046,0.3848,-5.75053550832097
18,"Chaotic Visual",1.316,1.3606,1.608,"Periodic Fixed","RetentionDelta",18.1831544906659,0.501666666666667,0.5488,0.6182,12.6457725947522,0.381333333333333,0.4046,0.3848,-4.89372219476025
18,"Periodic Fadeout (SCT)",0.429,0.2516,0.4286,"Periodic Fixed","PostDelta",70.5087440381558,0.887333333333333,0.7908,0.8796,12.2070477153937,2.06866666666667,3.1938,2.058,-35.2286722190912
18,"Periodic Fadeout (SCT)",0.429,0.2516,0.4286,"Periodic Fixed","RetentionDelta",70.3497615262321,0.887333333333333,0.7908,0.8796,11.2291350531108,2.06866666666667,3.1938,2.058,-35.562652639489
18,"Periodic Fixed",0.358,0.4066,0.2638,"Periodic Fixed","PostDelta",-11.952779144122,0.838,0.8176,0.5662,2.49510763209393,2.369,2.0126,2.1554,17.7084368478585
18,"Periodic Fixed",0.358,0.4066,0.2638,"Periodic Fixed","RetentionDelta",-35.120511559272,0.838,0.8176,0.5662,-30.7485322896282,2.369,2.0126,2.1554,7.09529961244161
19,"Chaotic",0.195,0.1616,0.2296,"Chaotic Non-interactive","PostDelta",20.6683168316832,0.415666666666667,0.4032,0.405,3.09193121693122,2.20433333333333,2.5256,1.8198,-12.7204096716292
19,"Chaotic",0.195,0.1616,0.2296,"Chaotic Non-interactive","RetentionDelta",42.0792079207921,0.415666666666667,0.4032,0.405,0.446428571428564,2.20433333333333,2.5256,1.8198,-27.9458346531517
19,"Chaotic Visual",1.90866666666667,1.6726,1.7752,"Chaotic Non-interactive","PostDelta",14.1137550320858,0.669666666666667,0.6164,0.6258,8.64157473502055,0.351,0.3704,0.353,-5.23758099352053
19,"Chaotic Visual",1.90866666666667,1.6726,1.7752,"Chaotic Non-interactive","RetentionDelta",6.13416238192036,0.669666666666667,0.6164,0.6258,1.52498377676834,0.351,0.3704,0.353,-4.6976241900648
19,"Periodic Fadeout (SCT)",0.382,0.2738,0.2898,"Chaotic Non-interactive","PostDelta",39.517896274653,0.896,0.9344,0.9066,-4.10958904109589,2.39066666666667,3.4998,3.1666,-31.6913347429377
19,"Periodic Fadeout (SCT)",0.382,0.2738,0.2898,"Chaotic Non-interactive","RetentionDelta",5.8436815193572,0.896,0.9344,0.9066,-2.97517123287671,2.39066666666667,3.4998,3.1666,-9.52054403108749
19,"Periodic Fixed",0.409,0.4685,0.2798,"Chaotic Non-interactive","PostDelta",-12.7001067235859,0.827333333333333,0.7765,0.9056,6.54646919939902,2.06033333333333,1.66925,3.2714,23.428685537417
19,"Periodic Fixed",0.409,0.4685,0.2798,"Chaotic Non-interactive","RetentionDelta",-40.2774813233725,0.827333333333333,0.7765,0.9056,16.6258853831294,2.06033333333333,1.66925,3.2714,95.9802306425041
20,"Chaotic",0.246666666666667,0.2168,0.34,"Chaotic Non-interactive","PostDelta",13.7761377613776,0.366333333333333,0.3652,0.4222,0.310332238043078,1.50266666666667,1.7032,1.2476,-11.7739157664005
20,"Chaotic",0.246666666666667,0.2168,0.34,"Chaotic Non-interactive","RetentionDelta",56.8265682656826,0.366333333333333,0.3652,0.4222,15.6078860898138,1.50266666666667,1.7032,1.2476,-26.7496477219352
20,"Chaotic Visual",1.44533333333333,1.6468,1.725,"Chaotic Non-interactive","PostDelta",-12.233827220468,0.516333333333333,0.5834,0.5972,-11.4958290481088,0.357,0.3554,0.3474,0.450196961170509
20,"Chaotic Visual",1.44533333333333,1.6468,1.725,"Chaotic Non-interactive","RetentionDelta",4.74860335195531,0.516333333333333,0.5834,0.5972,2.36544394926295,0.357,0.3554,0.3474,-2.25098480585256
20,"Periodic Fadeout (SCT)",0.365333333333333,0.358,0.4014,"Chaotic Non-interactive","PostDelta",2.04841713221602,0.903666666666667,0.8514,0.9078,6.13890846448986,2.517,2.5688,2.287,-2.01650576144504
20,"Periodic Fadeout (SCT)",0.365333333333333,0.358,0.4014,"Chaotic Non-interactive","RetentionDelta",12.122905027933,0.903666666666667,0.8514,0.9078,6.62438336856942,2.517,2.5688,2.287,-10.9701027717222
20,"Periodic Fixed",0.358,0.3566,0.3392,"Chaotic Non-interactive","PostDelta",0.392596747055528,0.794666666666667,0.8202,0.6492,-3.11306185483215,2.25566666666667,2.3198,1.915,-2.76460614420782
20,"Periodic Fixed",0.358,0.3566,0.3392,"Chaotic Non-interactive","RetentionDelta",-4.87941671340437,0.794666666666667,0.8202,0.6492,-20.848573518654,2.25566666666667,2.3198,1.915,-17.4497801534615
21,"Chaotic",0.419,0.2696,0.4034,"Periodic Fixed","PostDelta",55.4154302670623,0.538,0.4914,0.5724,9.48310948310949,1.286,1.8272,1.4718,-29.6190893169877
21,"Chaotic",0.419,0.2696,0.4034,"Periodic Fixed","RetentionDelta",49.6290801186944,0.538,0.4914,0.5724,16.4835164835165,1.286,1.8272,1.4718,-19.4505253940455
21,"Chaotic Visual",1.349,1.366,1.6384,"Periodic Fixed","PostDelta",-1.24450951683747,0.615333333333333,0.6004,0.6052,2.48723073506552,0.462,0.4412,0.3706,4.71441523118768
21,"Chaotic Visual",1.349,1.366,1.6384,"Periodic Fixed","RetentionDelta",19.9414348462665,0.615333333333333,0.6004,0.6052,0.799467021985348,0.462,0.4412,0.3706,-16.0018132366274
21,"Periodic Fadeout (SCT)",0.190666666666667,0.1802,0.3264,"Periodic Fixed","PostDelta",5.80836108028118,0.719333333333333,0.6748,0.8028,6.59948626753607,3.82466666666667,3.8516,2.563,-0.699276491155183
21,"Periodic Fadeout (SCT)",0.190666666666667,0.1802,0.3264,"Periodic Fixed","RetentionDelta",81.1320754716981,0.719333333333333,0.6748,0.8028,18.968583283936,3.82466666666667,3.8516,2.563,-33.4562259840067
21,"Periodic Fixed",0.420333333333333,0.2568,0.4638,"Periodic Fixed","PostDelta",63.681204569055,0.759333333333333,0.5538,0.779,37.1132779583484,1.833,2.2116,1.7318,-17.1188279978296
21,"Periodic Fixed",0.420333333333333,0.2568,0.4638,"Periodic Fixed","RetentionDelta",80.607476635514,0.759333333333333,0.5538,0.779,40.6644998194294,1.833,2.2116,1.7318,-21.6947006691988
22,"Chaotic",0.326333333333333,0.124,0.3024,"Periodic Fixed","PostDelta",163.172043010753,0.483666666666667,0.362,0.4822,33.609576427256,1.50133333333333,3.039,1.627,-50.59778435889
22,"Chaotic",0.326333333333333,0.124,0.3024,"Periodic Fixed","RetentionDelta",143.870967741935,0.483666666666667,0.362,0.4822,33.2044198895028,1.50133333333333,3.039,1.627,-46.4626521882198
22,"Chaotic Visual",1.16933333333333,1.29,1.2288,"Periodic Fixed","PostDelta",-9.35400516795866,0.465333333333333,0.567,0.5088,-17.9306290417401,0.400666666666667,0.441,0.4166,-9.145880574452
22,"Chaotic Visual",1.16933333333333,1.29,1.2288,"Periodic Fixed","RetentionDelta",-4.74418604651162,0.465333333333333,0.567,0.5088,-10.2645502645502,0.400666666666667,0.441,0.4166,-5.5328798185941
22,"Periodic Fadeout (SCT)",0.326333333333333,0.2216,0.422,"Periodic Fixed","PostDelta",47.2623345367028,0.860333333333333,0.7286,0.8802,18.0803367188215,2.63766666666667,3.373,2.1592,-21.8005731791679
22,"Periodic Fadeout (SCT)",0.326333333333333,0.2216,0.422,"Periodic Fixed","RetentionDelta",90.4332129963899,0.860333333333333,0.7286,0.8802,20.8070271754049,2.63766666666667,3.373,2.1592,-35.9857693447969
22,"Periodic Fixed",0.452333333333333,0.2548,0.283,"Periodic Fixed","PostDelta",77.5248560962847,0.829333333333333,0.7606,0.8116,9.0367253922342,1.84166666666667,3.0524,2.9246,-39.6649630891539
22,"Periodic Fixed",0.452333333333333,0.2548,0.283,"Periodic Fixed","RetentionDelta",11.0675039246468,0.829333333333333,0.7606,0.8116,6.70523271101761,1.84166666666667,3.0524,2.9246,-4.1868693487092
23,"Chaotic",0.418666666666667,0.3504,0.3544,"Chaotic Non-interactive","PostDelta",19.482496194825,0.521666666666667,0.5034,0.5166,3.62865845583366,1.251,1.4364,1.4558,-12.9072681704261
23,"Chaotic",0.418666666666667,0.3504,0.3544,"Chaotic Non-interactive","RetentionDelta",1.14155251141553,0.521666666666667,0.5034,0.5166,2.62216924910605,1.251,1.4364,1.4558,1.35059871901978
23,"Chaotic Visual",1.253,1.3796,1.5186,"Chaotic Non-interactive","PostDelta",-9.17657291968687,0.520666666666667,0.6186,0.5732,-15.8314473542408,0.417666666666667,0.4498,0.3866,-7.14391581443604
23,"Chaotic Visual",1.253,1.3796,1.5186,"Chaotic Non-interactive","RetentionDelta",10.0753841693244,0.520666666666667,0.6186,0.5732,-7.33915292596185,0.417666666666667,0.4498,0.3866,-14.0506891951979
23,"Periodic Fadeout (SCT)",0.484666666666667,0.5446,0.6486,"Chaotic Non-interactive","PostDelta",-11.0050189741706,0.927333333333333,0.9362,0.9378,-0.947091077405115,2.077,1.7618,1.4694,17.8907935066409
23,"Periodic Fadeout (SCT)",0.484666666666667,0.5446,0.6486,"Chaotic Non-interactive","RetentionDelta",19.0965846492839,0.927333333333333,0.9362,0.9378,0.170903653065577,2.077,1.7618,1.4694,-16.596662504257
23,"Periodic Fixed",0.636333333333333,0.5514,0.4444,"Chaotic Non-interactive","PostDelta",15.4032160560996,0.927666666666667,0.8448,0.9218,9.80902777777778,1.51133333333333,1.5338,2.0986,-1.46477159125483
23,"Periodic Fixed",0.636333333333333,0.5514,0.4444,"Chaotic Non-interactive","RetentionDelta",-19.405150525934,0.927666666666667,0.8448,0.9218,9.11458333333333,1.51133333333333,1.5338,2.0986,36.8235754335637
24,"Chaotic",0.346666666666667,0.3564,0.345,"Periodic Fixed","PostDelta",-2.73101384212495,0.502,0.4496,0.5376,11.6548042704626,1.466,1.321,1.5818,10.9765329295988
24,"Chaotic",0.346666666666667,0.3564,0.345,"Periodic Fixed","RetentionDelta",-3.19865319865319,0.502,0.4496,0.5376,19.5729537366548,1.466,1.321,1.5818,19.7426192278577
24,"Chaotic Visual",1.63266666666667,1.6964,1.7822,"Periodic Fixed","PostDelta",-3.75697555607955,0.644333333333333,0.6448,0.7242,-0.0723738626964526,0.395666666666667,0.38,0.4058,4.12280701754386
24,"Chaotic Visual",1.63266666666667,1.6964,1.7822,"Periodic Fixed","RetentionDelta",5.05776939401084,0.644333333333333,0.6448,0.7242,12.3138957816377,0.395666666666667,0.38,0.4058,6.78947368421052
24,"Periodic Fadeout (SCT)",0.724,0.5392,0.5796,"Periodic Fixed","PostDelta",34.2729970326409,0.963666666666667,0.9286,0.9574,3.77629406274679,1.35866666666667,1.874,1.6932,-27.4991106367841
24,"Periodic Fadeout (SCT)",0.724,0.5392,0.5796,"Periodic Fixed","RetentionDelta",7.49258160237389,0.963666666666667,0.9286,0.9574,3.10144303252207,1.35866666666667,1.874,1.6932,-9.6478121664888
24,"Periodic Fixed",0.471333333333333,0.5272,0.4258,"Periodic Fixed","PostDelta",-10.5968639352554,0.906,0.8782,0.7822,3.16556593031201,1.92866666666667,1.7326,1.8348,11.3163261379815
24,"Periodic Fixed",0.471333333333333,0.5272,0.4258,"Periodic Fixed","RetentionDelta",-19.2336874051593,0.906,0.8782,0.7822,-10.9314506946026,1.92866666666667,1.7326,1.8348,5.89864942860441
25,"Chaotic",0.468,0.2888,0.3834,"Chaotic Interactive","PostDelta",62.0498614958449,0.499333333333333,0.4414,0.4862,13.1249056033832,1.06666666666667,1.5684,1.2754,-31.9901385700927
25,"Chaotic",0.468,0.2888,0.3834,"Chaotic Interactive","RetentionDelta",32.7562326869806,0.499333333333333,0.4414,0.4862,10.1495242410512,1.06666666666667,1.5684,1.2754,-18.6814588115277
25,"Chaotic Visual",1.68266666666667,1.8062,2.0038,"Chaotic Interactive","PostDelta",-6.83940501236481,0.609333333333333,0.6564,0.698,-7.17042453788341,0.362333333333333,0.3636,0.3484,-0.348368170150341
25,"Chaotic Visual",1.68266666666667,1.8062,2.0038,"Chaotic Interactive","RetentionDelta",10.9400952275496,0.609333333333333,0.6564,0.698,6.33759902498476,0.362333333333333,0.3636,0.3484,-4.18041804180418
25,"Periodic Fadeout (SCT)",0.318,0.227,0.3558,"Chaotic Interactive","PostDelta",40.0881057268722,0.852,0.7602,0.8634,12.0757695343331,2.68666666666667,3.4734,2.486,-22.6502370395962
25,"Periodic Fadeout (SCT)",0.318,0.227,0.3558,"Chaotic Interactive","RetentionDelta",56.7400881057269,0.852,0.7602,0.8634,13.5753749013417,2.68666666666667,3.4734,2.486,-28.427477399666
25,"Periodic Fixed",0.517666666666667,0.3236,0.5194,"Chaotic Interactive","PostDelta",59.9711578079934,0.726666666666667,0.7028,0.7766,3.39594004932651,1.40833333333333,2.2046,1.614,-36.1184190631709
25,"Periodic Fixed",0.517666666666667,0.3236,0.5194,"Chaotic Interactive","RetentionDelta",60.5067985166873,0.726666666666667,0.7028,0.7766,10.5008537279454,1.40833333333333,2.2046,1.614,-26.7894402612719
26,"Chaotic",0.227,0.2116,0.476,"Chaotic Interactive","PostDelta",7.27788279773157,0.402666666666667,0.44,0.5574,-8.48484848484848,2.13266666666667,2.4554,1.185,-13.1438190654612
26,"Chaotic",0.227,0.2116,0.476,"Chaotic Interactive","RetentionDelta",124.952741020794,0.402666666666667,0.44,0.5574,26.6818181818182,2.13266666666667,2.4554,1.185,-51.7390241915777
26,"Chaotic Visual",1.46433333333333,1.4746,1.5818,"Chaotic Interactive","PostDelta",-0.696234006962339,0.547333333333333,0.5624,0.6494,-2.67899478425794,0.373666666666667,0.3802,0.4104,-1.71839382780993
26,"Chaotic Visual",1.46433333333333,1.4746,1.5818,"Chaotic Interactive","RetentionDelta",7.26976807269769,0.547333333333333,0.5624,0.6494,15.4694167852063,0.373666666666667,0.3802,0.4104,7.9431877958969
26,"Periodic Fadeout (SCT)",0.325333333333333,0.239,0.2658,"Chaotic Interactive","PostDelta",36.1227336122733,0.822,0.8062,0.7498,1.95981146117588,2.68033333333333,3.5166,2.8612,-23.7805456027602
26,"Periodic Fadeout (SCT)",0.325333333333333,0.239,0.2658,"Chaotic Interactive","RetentionDelta",11.2133891213389,0.822,0.8062,0.7498,-6.99578268419747,2.68033333333333,3.5166,2.8612,-18.6373201387704
26,"Periodic Fixed",0.348666666666667,0.2018,0.5586,"Chaotic Interactive","PostDelta",72.7783283779319,0.646,0.5742,0.8218,12.5043538836642,2.099,3.1282,1.5046,-32.9007096732945
26,"Periodic Fixed",0.348666666666667,0.2018,0.5586,"Chaotic Interactive","RetentionDelta",176.808721506442,0.646,0.5742,0.8218,43.120863810519,2.099,3.1282,1.5046,-51.9020522984464
27,"Chaotic",0.136333333333333,0.13,0.121,"Periodic Fixed","PostDelta",4.87179487179487,0.421666666666667,0.3944,0.2778,6.91345503718727,3.18533333333333,3.041,2.317,4.7462457524937
27,"Chaotic",0.136333333333333,0.13,0.121,"Periodic Fixed","RetentionDelta",-6.92307692307692,0.421666666666667,0.3944,0.2778,-29.5638945233266,3.18533333333333,3.041,2.317,-23.8079579085827
27,"Chaotic Visual",1.04766666666667,1.1516,1.0218,"Periodic Fixed","PostDelta",-9.02512446451313,0.478,0.5012,0.4408,-4.6288906624102,0.457,0.4404,0.4324,3.76930063578565
27,"Chaotic Visual",1.04766666666667,1.1516,1.0218,"Periodic Fixed","RetentionDelta",-11.2712747481764,0.478,0.5012,0.4408,-12.0510774142059,0.457,0.4404,0.4324,-1.81653042688465
27,"Periodic Fadeout (SCT)",0.141,0.1536,0.1984,"Periodic Fixed","PostDelta",-8.20312499999998,0.857333333333333,0.7506,0.8924,14.2197353228528,6.38,4.8984,4.5294,30.2466111383309
27,"Periodic Fadeout (SCT)",0.141,0.1536,0.1984,"Periodic Fixed","RetentionDelta",29.1666666666667,0.857333333333333,0.7506,0.8924,18.8915534239275,6.38,4.8984,4.5294,-7.53307202351788
27,"Periodic Fixed",0.264333333333333,0.0608,0.183,"Periodic Fixed","PostDelta",334.758771929825,0.75,0.2008,0.5542,273.505976095618,2.91533333333333,3.4178,3.1684,-14.7014648799423
27,"Periodic Fixed",0.264333333333333,0.0608,0.183,"Periodic Fixed","RetentionDelta",200.986842105263,0.75,0.2008,0.5542,175.996015936255,2.91533333333333,3.4178,3.1684,-7.29709169641289
28,"Chaotic",0.408666666666667,0.322,0.363,"Chaotic Interactive","PostDelta",26.9151138716356,0.482333333333333,0.4278,0.478,12.7473897459872,1.18266666666667,1.3406,1.333,-11.7807946690537
28,"Chaotic",0.408666666666667,0.322,0.363,"Chaotic Interactive","RetentionDelta",12.7329192546584,0.482333333333333,0.4278,0.478,11.7344553529687,1.18266666666667,1.3406,1.333,-0.566910338654338
28,"Chaotic Visual",1.493,1.621,1.8388,"Chaotic Interactive","PostDelta",-7.89636027143739,0.579666666666667,0.6352,0.7364,-8.74265323257766,0.388666666666667,0.3912,0.4006,-0.647580095432856
28,"Chaotic Visual",1.493,1.621,1.8388,"Chaotic Interactive","RetentionDelta",13.4361505243677,0.579666666666667,0.6352,0.7364,15.9319899244333,0.388666666666667,0.3912,0.4006,2.40286298568508
28,"Periodic Fadeout (SCT)",0.467,0.4846,0.3802,"Chaotic Interactive","PostDelta",-3.63186132893108,0.935333333333333,0.9208,0.9104,1.57833767738198,2.00666666666667,1.923,2.406,4.35084070029468
28,"Periodic Fadeout (SCT)",0.467,0.4846,0.3802,"Chaotic Interactive","RetentionDelta",-21.5435410647957,0.935333333333333,0.9208,0.9104,-1.12945264986969,2.00666666666667,1.923,2.406,25.1170046801872
28,"Periodic Fixed",0.273333333333333,0.2608,0.4574,"Chaotic Interactive","PostDelta",4.80572597137012,0.475,0.4424,0.7004,7.36889692585895,1.733,1.7012,1.5328,1.86926875146954
28,"Periodic Fixed",0.273333333333333,0.2608,0.4574,"Chaotic Interactive","RetentionDelta",75.383435582822,0.475,0.4424,0.7004,58.3182640144665,1.733,1.7012,1.5328,-9.89889489771926
30,"Chaotic",0.501333333333333,0.2746,0.3924,"Chaotic Interactive","PostDelta",82.5685846079146,0.52,0.4008,0.4526,29.7405189620759,1.037,1.4968,1.1684,-30.7188669160877
30,"Chaotic",0.501333333333333,0.2746,0.3924,"Chaotic Interactive","RetentionDelta",42.8987618353969,0.52,0.4008,0.4526,12.9241516966068,1.037,1.4968,1.1684,-21.9401389631213
30,"Chaotic Visual",1.42533333333333,1.5482,1.5332,"Chaotic Interactive","PostDelta",-7.93609783404384,0.493333333333333,0.543,0.5156,-9.14671577655004,0.346666666666667,0.3528,0.337,-1.73847316704459
30,"Chaotic Visual",1.42533333333333,1.5482,1.5332,"Chaotic Interactive","RetentionDelta",-0.968867071437807,0.493333333333333,0.543,0.5156,-5.04604051565377,0.346666666666667,0.3528,0.337,-4.47845804988662
30,"Periodic Fadeout (SCT)",0.246333333333333,0.1006,0.153,"Chaotic Interactive","PostDelta",144.864148442677,0.74,0.385,0.4976,92.2077922077922,3.15766666666667,3.818,3.264,-17.2952680286363
30,"Periodic Fadeout (SCT)",0.246333333333333,0.1006,0.153,"Chaotic Interactive","RetentionDelta",52.0874751491054,0.74,0.385,0.4976,29.2467532467532,3.15766666666667,3.818,3.264,-14.510214772132
30,"Periodic Fixed",0.305333333333333,0.0976,0.0834,"Chaotic Interactive","PostDelta",212.841530054645,0.541333333333333,0.1624,0.2348,233.333333333333,1.81133333333333,1.8054,2.8334,0.328643698534041
30,"Periodic Fixed",0.305333333333333,0.0976,0.0834,"Chaotic Interactive","RetentionDelta",-14.5491803278688,0.541333333333333,0.1624,0.2348,44.5812807881774,1.81133333333333,1.8054,2.8334,56.94029024039
